split,utt_id,speaker_id,gender,age,audio_path,text,accuracy,completeness,fluency,prosodic,total
train,000010011,0001,m,6,C:\Users\azizg\Desktop\pfe-d\data\clarity_datasets\speechocean762\WAVE\SPEAKER0001\000010011.WAV,WE CALL IT BEAR,8,10.0,9,9,8
train,000010035,0001,m,6,C:\Users\azizg\Desktop\pfe-d\data\clarity_datasets\speechocean762\WAVE\SPEAKER0001\000010035.WAV,ZERO THREE FIVE ONE,8,10.0,9,9,8
train,000010053,0001,m,6,C:\Users\azizg\Desktop\pfe-d\data\clarity_datasets\speechocean762\WAVE\SPEAKER0001\000010053.WAV,THREE TWO TWO SEVEN,9,10.0,10,10,9
train,000010063,0001,m,6,C:\Users\azizg\Desktop\pfe-d\data\clarity_datasets\speechocean762\WAVE\SPEAKER0001\000010063.WAV,ELEPHANTS TAI GOOSE,10,10.0,9,9,9
train,000010069,0001,m,6,C:\Users\azizg\Desktop\pfe-d\data\clarity_datasets\speechocean762\WAVE\SPEAKER0001\000010069.WAV,TOM GIVES UP BOXING,9,10.0,9,10,9
train,000010075,0001,m,6,C:\Users\azizg\Desktop\pfe-d\data\clarity_datasets\speechocean762\WAVE\SPEAKER0001\000010075.WAV,HE HATES SHOOTING,9,10.0,9,9,9
train,000010089,0001,m,6,C:\Users\azizg\Desktop\pfe-d\data\clarity_datasets\speechocean762\WAVE\SPEAKER0001\000010089.WAV,MANDY HAS A BIG ARM,10,10.0,9,9,9
train,000010095,0001,m,6,C:\Users\azizg\Desktop\pfe-d\data\clarity_datasets\speechocean762\WAVE\SPEAKER0001\000010095.WAV,LOOK AT ANN'S PANTS,10,10.0,9,9,9
train,000010106,0001,m,6,C:\Users\azizg\Desktop\pfe-d\data\clarity_datasets\speechocean762\WAVE\SPEAKER0001\000010106.WAV,WHAT ABOUT THE BUS,9,10.0,9,8,8
train,000010113,0001,m,6,C:\Users\azizg\Desktop\pfe-d\data\clarity_datasets\speechocean762\WAVE\SPEAKER0001\000010113.WAV,THEN HE WENT TO THEME PARK,6,10.0,9,8,5
train,000010115,0001,m,6,C:\Users\azizg\Desktop\pfe-d\data\clarity_datasets\speechocean762\WAVE\SPEAKER0001\000010115.WAV,LET'S GO TO THE RESTROOM,9,10.0,9,9,9
train,000010121,0001,m,6,C:\Users\azizg\Desktop\pfe-d\data\clarity_datasets\speechocean762\WAVE\SPEAKER0001\000010121.WAV,THEN MIKE WALKS TO COFFEE,9,10.0,9,9,8
train,000010122,0001,m,6,C:\Users\azizg\Desktop\pfe-d\data\clarity_datasets\speechocean762\WAVE\SPEAKER0001\000010122.WAV,SO MARY WENT ON TO STUDY,9,10.0,9,9,9
train,000010133,0001,m,6,C:\Users\azizg\Desktop\pfe-d\data\clarity_datasets\speechocean762\WAVE\SPEAKER0001\000010133.WAV,KATE GOT THE TOMATO,8,10.0,8,8,8
train,000010135,0001,m,6,C:\Users\azizg\Desktop\pfe-d\data\clarity_datasets\speechocean762\WAVE\SPEAKER0001\000010135.WAV,TINA LOVES EGGPLANT,8,10.0,9,9,8
train,000010140,0001,m,6,C:\Users\azizg\Desktop\pfe-d\data\clarity_datasets\speechocean762\WAVE\SPEAKER0001\000010140.WAV,DORA IS NOT A CLEANER,8,10.0,9,9,8
train,000010145,0001,m,6,C:\Users\azizg\Desktop\pfe-d\data\clarity_datasets\speechocean762\WAVE\SPEAKER0001\000010145.WAV,MARK LIVED IN NEW YORK,9,10.0,9,9,9
train,000010149,0001,m,6,C:\Users\azizg\Desktop\pfe-d\data\clarity_datasets\speechocean762\WAVE\SPEAKER0001\000010149.WAV,BOB LIVES IN CAIRO NOW,8,10.0,9,8,8
train,000010168,0001,m,6,C:\Users\azizg\Desktop\pfe-d\data\clarity_datasets\speechocean762\WAVE\SPEAKER0001\000010168.WAV,BYE,10,10.0,10,10,10
train,000010173,0001,m,6,C:\Users\azizg\Desktop\pfe-d\data\clarity_datasets\speechocean762\WAVE\SPEAKER0001\000010173.WAV,TREES,9,10.0,10,9,9
train,000050003,0005,m,6,C:\Users\azizg\Desktop\pfe-d\data\clarity_datasets\speechocean762\WAVE\SPEAKER0005\000050003.WAV,MIKE LIKES THE WHITE ONE,8,10.0,6,7,7
train,000050010,0005,m,6,C:\Users\azizg\Desktop\pfe-d\data\clarity_datasets\speechocean762\WAVE\SPEAKER0005\000050010.WAV,ITS NAME IS SAY,7,10.0,7,7,7
train,000050024,0005,m,6,C:\Users\azizg\Desktop\pfe-d\data\clarity_datasets\speechocean762\WAVE\SPEAKER0005\000050024.WAV,BILLY LOVES AMERICA,7,10.0,6,6,6
train,000050028,0005,m,6,C:\Users\azizg\Desktop\pfe-d\data\clarity_datasets\speechocean762\WAVE\SPEAKER0005\000050028.WAV,TWO TWO EIGHT SEVEN,8,10.0,8,8,8
train,000050038,0005,m,6,C:\Users\azizg\Desktop\pfe-d\data\clarity_datasets\speechocean762\WAVE\SPEAKER0005\000050038.WAV,FOUR FIVE FOUR SEVEN,7,10.0,8,7,7
train,000050040,0005,m,6,C:\Users\azizg\Desktop\pfe-d\data\clarity_datasets\speechocean762\WAVE\SPEAKER0005\000050040.WAV,FIVE THREE NINE ZERO,8,10.0,8,7,8
train,000050047,0005,m,6,C:\Users\azizg\Desktop\pfe-d\data\clarity_datasets\speechocean762\WAVE\SPEAKER0005\000050047.WAV,SIX FIVE THREE,7,10.0,8,7,7
train,000050049,0005,m,6,C:\Users\azizg\Desktop\pfe-d\data\clarity_datasets\speechocean762\WAVE\SPEAKER0005\000050049.WAV,TWO FIVE EIGHT,7,10.0,9,8,7
train,000050055,0005,m,6,C:\Users\azizg\Desktop\pfe-d\data\clarity_datasets\speechocean762\WAVE\SPEAKER0005\000050055.WAV,WE LESS MEAT,9,10.0,8,8,8
train,000050078,0005,m,6,C:\Users\azizg\Desktop\pfe-d\data\clarity_datasets\speechocean762\WAVE\SPEAKER0005\000050078.WAV,DOSE MIKE LIKE THE HAMBURGER,7,10.0,7,6,7
train,000050079,0005,m,6,C:\Users\azizg\Desktop\pfe-d\data\clarity_datasets\speechocean762\WAVE\SPEAKER0005\000050079.WAV,ANNIE WANT HAVE SOME PRETTIES,7,10.0,6,6,6
train,000050083,0005,m,6,C:\Users\azizg\Desktop\pfe-d\data\clarity_datasets\speechocean762\WAVE\SPEAKER0005\000050083.WAV,KATE'S GOT SOME GREY,6,7.5,7,7,5
train,000050095,0005,m,6,C:\Users\azizg\Desktop\pfe-d\data\clarity_datasets\speechocean762\WAVE\SPEAKER0005\000050095.WAV,LOOK AT JOHN'S SWEATER,7,10.0,6,7,7
train,000050099,0005,m,6,C:\Users\azizg\Desktop\pfe-d\data\clarity_datasets\speechocean762\WAVE\SPEAKER0005\000050099.WAV,TIM HAS A BEAUTIFUL TELL,7,10.0,8,6,7
train,000050100,0005,m,6,C:\Users\azizg\Desktop\pfe-d\data\clarity_datasets\speechocean762\WAVE\SPEAKER0005\000050100.WAV,JIM LIKES YOUR BLUE SHORE,8,10.0,8,7,7
train,000050114,0005,m,6,C:\Users\azizg\Desktop\pfe-d\data\clarity_datasets\speechocean762\WAVE\SPEAKER0005\000050114.WAV,ANNIE WENT WALKING THEM PARK,8,10.0,8,6,7
train,000050118,0005,m,6,C:\Users\azizg\Desktop\pfe-d\data\clarity_datasets\speechocean762\WAVE\SPEAKER0005\000050118.WAV,LAYLA CAN SEE THE HOMETOWN,6,10.0,7,6,5
train,000050122,0005,m,6,C:\Users\azizg\Desktop\pfe-d\data\clarity_datasets\speechocean762\WAVE\SPEAKER0005\000050122.WAV,SO TINA WENT ON TO WASHROOM,6,10.0,6,5,5
train,000050174,0005,m,6,C:\Users\azizg\Desktop\pfe-d\data\clarity_datasets\speechocean762\WAVE\SPEAKER0005\000050174.WAV,ALL WITH HIM,8,10.0,7,6,7
train,000050175,0005,m,6,C:\Users\azizg\Desktop\pfe-d\data\clarity_datasets\speechocean762\WAVE\SPEAKER0005\000050175.WAV,GOOD JOB,9,10.0,9,7,8
train,000060015,0006,f,6,C:\Users\azizg\Desktop\pfe-d\data\clarity_datasets\speechocean762\WAVE\SPEAKER0006\000060015.WAV,JAYME IS GOING TO SEE HEN,9,10.0,9,9,9
train,000060020,0006,f,6,C:\Users\azizg\Desktop\pfe-d\data\clarity_datasets\speechocean762\WAVE\SPEAKER0006\000060020.WAV,DORA IS COME FROM JAPAN,9,10.0,9,8,8
train,000060029,0006,f,6,C:\Users\azizg\Desktop\pfe-d\data\clarity_datasets\speechocean762\WAVE\SPEAKER0006\000060029.WAV,SIX ONE SIX ZERO,9,10.0,9,9,9
train,000060031,0006,f,6,C:\Users\azizg\Desktop\pfe-d\data\clarity_datasets\speechocean762\WAVE\SPEAKER0006\000060031.WAV,FIVE TWO FOUR SEVEN,9,10.0,9,9,9
train,000060049,0006,f,6,C:\Users\azizg\Desktop\pfe-d\data\clarity_datasets\speechocean762\WAVE\SPEAKER0006\000060049.WAV,ZERO THREE FIVE,8,10.0,9,9,8
train,000060056,0006,f,6,C:\Users\azizg\Desktop\pfe-d\data\clarity_datasets\speechocean762\WAVE\SPEAKER0006\000060056.WAV,PHONE PARTS TICKETS,10,10.0,9,9,9
train,000060077,0006,f,6,C:\Users\azizg\Desktop\pfe-d\data\clarity_datasets\speechocean762\WAVE\SPEAKER0006\000060077.WAV,ANN ATE A LITTLE DOG,9,10.0,9,9,9
train,000060081,0006,f,6,C:\Users\azizg\Desktop\pfe-d\data\clarity_datasets\speechocean762\WAVE\SPEAKER0006\000060081.WAV,DOES LAYLA LIKE THE JAM,10,10.0,10,9,9
train,000060082,0006,f,6,C:\Users\azizg\Desktop\pfe-d\data\clarity_datasets\speechocean762\WAVE\SPEAKER0006\000060082.WAV,KATE LIKES LAMB,9,10.0,9,9,9
train,000060083,0006,f,6,C:\Users\azizg\Desktop\pfe-d\data\clarity_datasets\speechocean762\WAVE\SPEAKER0006\000060083.WAV,MARK GOT SOME NOODLES,10,10.0,9,9,9
train,000060094,0006,f,6,C:\Users\azizg\Desktop\pfe-d\data\clarity_datasets\speechocean762\WAVE\SPEAKER0006\000060094.WAV,TOM LIKES THE OLD SWEATER,10,10.0,9,9,9
train,000060102,0006,f,6,C:\Users\azizg\Desktop\pfe-d\data\clarity_datasets\speechocean762\WAVE\SPEAKER0006\000060102.WAV,BOB NEEDS NEW BOOTS,10,10.0,10,9,9
train,000060106,0006,f,6,C:\Users\azizg\Desktop\pfe-d\data\clarity_datasets\speechocean762\WAVE\SPEAKER0006\000060106.WAV,TOM CAN SEE THE MOTOR CYCLE,10,10.0,10,9,9
train,000060111,0006,f,6,C:\Users\azizg\Desktop\pfe-d\data\clarity_datasets\speechocean762\WAVE\SPEAKER0006\000060111.WAV,HE LEFT THE FRUIT STAND,10,10.0,9,8,9
train,000060113,0006,f,6,C:\Users\azizg\Desktop\pfe-d\data\clarity_datasets\speechocean762\WAVE\SPEAKER0006\000060113.WAV,LET'S GO TO THE GYM,10,10.0,9,8,9
train,000060116,0006,f,6,C:\Users\azizg\Desktop\pfe-d\data\clarity_datasets\speechocean762\WAVE\SPEAKER0006\000060116.WAV,SO MARK WHEN TO THE PET SHOP,10,10.0,10,9,9
train,000060124,0006,f,6,C:\Users\azizg\Desktop\pfe-d\data\clarity_datasets\speechocean762\WAVE\SPEAKER0006\000060124.WAV,SO ALICE WENT ON TO VILLAGE,9,10.0,8,9,9
train,000060130,0006,f,6,C:\Users\azizg\Desktop\pfe-d\data\clarity_datasets\speechocean762\WAVE\SPEAKER0006\000060130.WAV,NO THAT'S TOMATO,10,10.0,9,9,9
train,000060136,0006,f,6,C:\Users\azizg\Desktop\pfe-d\data\clarity_datasets\speechocean762\WAVE\SPEAKER0006\000060136.WAV,I'M NOT A ACTOR,9,10.0,9,8,9
train,000060153,0006,f,6,C:\Users\azizg\Desktop\pfe-d\data\clarity_datasets\speechocean762\WAVE\SPEAKER0006\000060153.WAV,WHAT LOVELY CLEAN TEETH,9,10.0,9,8,9
train,000260001,0026,f,6,C:\Users\azizg\Desktop\pfe-d\data\clarity_datasets\speechocean762\WAVE\SPEAKER0026\000260001.WAV,LAYLA LOVE BROWN,6,10.0,8,8,6
train,000260011,0026,f,6,C:\Users\azizg\Desktop\pfe-d\data\clarity_datasets\speechocean762\WAVE\SPEAKER0026\000260011.WAV,ANDY CAN SEE THE HEN,8,10.0,8,9,8
train,000260015,0026,f,6,C:\Users\azizg\Desktop\pfe-d\data\clarity_datasets\speechocean762\WAVE\SPEAKER0026\000260015.WAV,JOHN IS GOING TO SEE COW,9,10.0,9,9,9
train,000260032,0026,f,6,C:\Users\azizg\Desktop\pfe-d\data\clarity_datasets\speechocean762\WAVE\SPEAKER0026\000260032.WAV,ONE ONE ZERO EIGHT,8,10.0,9,9,8
train,000260033,0026,f,6,C:\Users\azizg\Desktop\pfe-d\data\clarity_datasets\speechocean762\WAVE\SPEAKER0026\000260033.WAV,THREE ONE SEVEN NINE,9,10.0,9,9,8
train,000260039,0026,f,6,C:\Users\azizg\Desktop\pfe-d\data\clarity_datasets\speechocean762\WAVE\SPEAKER0026\000260039.WAV,EIGHT ZERO SIX TWO,9,10.0,9,9,9
train,000260048,0026,f,6,C:\Users\azizg\Desktop\pfe-d\data\clarity_datasets\speechocean762\WAVE\SPEAKER0026\000260048.WAV,THREE ZERO EIGHT SEVEN,9,10.0,9,9,8
train,000260050,0026,f,6,C:\Users\azizg\Desktop\pfe-d\data\clarity_datasets\speechocean762\WAVE\SPEAKER0026\000260050.WAV,ZERO EIGHT THREE ONE,9,10.0,9,9,9
train,000260052,0026,f,6,C:\Users\azizg\Desktop\pfe-d\data\clarity_datasets\speechocean762\WAVE\SPEAKER0026\000260052.WAV,SIX EIGHT SIX SEVEN,10,10.0,9,9,9
train,000260069,0026,f,6,C:\Users\azizg\Desktop\pfe-d\data\clarity_datasets\speechocean762\WAVE\SPEAKER0026\000260069.WAV,TEDDY GIVES UP SHOOTING,7,10.0,8,8,7
train,000260075,0026,f,6,C:\Users\azizg\Desktop\pfe-d\data\clarity_datasets\speechocean762\WAVE\SPEAKER0026\000260075.WAV,HE LIKES RACING,9,10.0,9,8,8
train,000260091,0026,f,6,C:\Users\azizg\Desktop\pfe-d\data\clarity_datasets\speechocean762\WAVE\SPEAKER0026\000260091.WAV,DORA LIKES YOUR RED JEANS,8,10.0,9,8,8
train,000260095,0026,f,6,C:\Users\azizg\Desktop\pfe-d\data\clarity_datasets\speechocean762\WAVE\SPEAKER0026\000260095.WAV,BOB LOVES THE NEW CLOTH,8,10.0,9,9,8
train,000260096,0026,f,6,C:\Users\azizg\Desktop\pfe-d\data\clarity_datasets\speechocean762\WAVE\SPEAKER0026\000260096.WAV,JOHN NEEDS NEW T SHIRT,9,10.0,9,9,9
train,000260112,0026,f,6,C:\Users\azizg\Desktop\pfe-d\data\clarity_datasets\speechocean762\WAVE\SPEAKER0026\000260112.WAV,THEN LILLY WALKS TO MUSIC ROOM,9,10.0,9,9,9
train,000260115,0026,f,6,C:\Users\azizg\Desktop\pfe-d\data\clarity_datasets\speechocean762\WAVE\SPEAKER0026\000260115.WAV,THEN TIM WALKS TO THEM PARK,9,10.0,8,8,8
train,000260121,0026,f,6,C:\Users\azizg\Desktop\pfe-d\data\clarity_datasets\speechocean762\WAVE\SPEAKER0026\000260121.WAV,THEN MANDY WALKS TO RESTROOM,9,10.0,9,9,9
train,000260126,0026,f,6,C:\Users\azizg\Desktop\pfe-d\data\clarity_datasets\speechocean762\WAVE\SPEAKER0026\000260126.WAV,DO YOU WANT THE PEA,9,10.0,9,9,9
train,000260133,0026,f,6,C:\Users\azizg\Desktop\pfe-d\data\clarity_datasets\speechocean762\WAVE\SPEAKER0026\000260133.WAV,ANDY GOT THE MUSHROOM,10,10.0,9,9,9
train,000260166,0026,f,6,C:\Users\azizg\Desktop\pfe-d\data\clarity_datasets\speechocean762\WAVE\SPEAKER0026\000260166.WAV,NOW FOR THE PARTY,9,10.0,9,9,9
train,000480010,0048,m,6,C:\Users\azizg\Desktop\pfe-d\data\clarity_datasets\speechocean762\WAVE\SPEAKER0048\000480010.WAV,IT'S NOT FISH,8,10.0,8,7,7
train,000480014,0048,m,6,C:\Users\azizg\Desktop\pfe-d\data\clarity_datasets\speechocean762\WAVE\SPEAKER0048\000480014.WAV,JOHN CAN SEE THE SHEEP,6,10.0,8,7,5
train,000480015,0048,m,6,C:\Users\azizg\Desktop\pfe-d\data\clarity_datasets\speechocean762\WAVE\SPEAKER0048\000480015.WAV,LYNDA IS GOING TO SEE ELEPHANT,8,10.0,8,7,7
train,000480016,0048,m,6,C:\Users\azizg\Desktop\pfe-d\data\clarity_datasets\speechocean762\WAVE\SPEAKER0048\000480016.WAV,MY CAN DRAW THE GOAT,6,10.0,8,7,6
train,000480019,0048,m,6,C:\Users\azizg\Desktop\pfe-d\data\clarity_datasets\speechocean762\WAVE\SPEAKER0048\000480019.WAV,TINA CAN DRAW THE BALT,7,10.0,8,7,7
train,000480023,0048,m,6,C:\Users\azizg\Desktop\pfe-d\data\clarity_datasets\speechocean762\WAVE\SPEAKER0048\000480023.WAV,BRO IS FROM JUMP,6,10.0,8,8,6
train,000480033,0048,m,6,C:\Users\azizg\Desktop\pfe-d\data\clarity_datasets\speechocean762\WAVE\SPEAKER0048\000480033.WAV,ZERO FIVE EIGHT THREE,5,10.0,7,7,5
train,000480045,0048,m,6,C:\Users\azizg\Desktop\pfe-d\data\clarity_datasets\speechocean762\WAVE\SPEAKER0048\000480045.WAV,FIVE NINE SIX FIVE,7,10.0,8,8,7
train,000480068,0048,m,6,C:\Users\azizg\Desktop\pfe-d\data\clarity_datasets\speechocean762\WAVE\SPEAKER0048\000480068.WAV,ANN LIKES HULK,7,10.0,7,8,7
train,000480081,0048,m,6,C:\Users\azizg\Desktop\pfe-d\data\clarity_datasets\speechocean762\WAVE\SPEAKER0048\000480081.WAV,DOES KATE LIKE THE BREAD,7,10.0,8,8,5
train,000480089,0048,m,6,C:\Users\azizg\Desktop\pfe-d\data\clarity_datasets\speechocean762\WAVE\SPEAKER0048\000480089.WAV,LILLY HAS A BIG LEG,7,10.0,8,7,7
train,000480090,0048,m,6,C:\Users\azizg\Desktop\pfe-d\data\clarity_datasets\speechocean762\WAVE\SPEAKER0048\000480090.WAV,BY THE HAND,4,10.0,7,7,4
train,000480108,0048,m,6,C:\Users\azizg\Desktop\pfe-d\data\clarity_datasets\speechocean762\WAVE\SPEAKER0048\000480108.WAV,LOOK AT THIS BIG JEEP,5,10.0,8,7,5
train,000480119,0048,m,6,C:\Users\azizg\Desktop\pfe-d\data\clarity_datasets\speechocean762\WAVE\SPEAKER0048\000480119.WAV,SO HE WHEN TO T V ROOM,7,10.0,8,8,7
train,000480125,0048,m,6,C:\Users\azizg\Desktop\pfe-d\data\clarity_datasets\speechocean762\WAVE\SPEAKER0048\000480125.WAV,SO BILLY WENT INTO THE PET SHOP,5,10.0,6,6,4
train,000480134,0048,m,6,C:\Users\azizg\Desktop\pfe-d\data\clarity_datasets\speechocean762\WAVE\SPEAKER0048\000480134.WAV,LIKES THE STRING BEAN,6,10.0,8,7,5
train,000480136,0048,m,6,C:\Users\azizg\Desktop\pfe-d\data\clarity_datasets\speechocean762\WAVE\SPEAKER0048\000480136.WAV,SHE WANTS DO A STUDENT,5,10.0,7,7,4
train,000480151,0048,m,6,C:\Users\azizg\Desktop\pfe-d\data\clarity_datasets\speechocean762\WAVE\SPEAKER0048\000480151.WAV,WHAT WILL YOU CAT,7,10.0,7,8,6
train,000480158,0048,m,6,C:\Users\azizg\Desktop\pfe-d\data\clarity_datasets\speechocean762\WAVE\SPEAKER0048\000480158.WAV,COME AND SEE MY DOWN,7,10.0,7,7,7
train,000480159,0048,m,6,C:\Users\azizg\Desktop\pfe-d\data\clarity_datasets\speechocean762\WAVE\SPEAKER0048\000480159.WAV,I'M NOT AT ALL FREED,7,10.0,8,7,7
train,000530003,0053,f,6,C:\Users\azizg\Desktop\pfe-d\data\clarity_datasets\speechocean762\WAVE\SPEAKER0053\000530003.WAV,MIKE LIKES THE ORANGE ONE,8,10.0,9,8,8
train,000530006,0053,f,6,C:\Users\azizg\Desktop\pfe-d\data\clarity_datasets\speechocean762\WAVE\SPEAKER0053\000530006.WAV,ANN CAN WE HAVE THE PEACH,9,10.0,9,8,8
train,000530019,0053,f,6,C:\Users\azizg\Desktop\pfe-d\data\clarity_datasets\speechocean762\WAVE\SPEAKER0053\000530019.WAV,LILLY CAN DRAW THE TIGER,8,10.0,9,8,8
train,000530027,0053,f,6,C:\Users\azizg\Desktop\pfe-d\data\clarity_datasets\speechocean762\WAVE\SPEAKER0053\000530027.WAV,THREE THREE NINE,7,10.0,9,8,7
train,000530030,0053,f,6,C:\Users\azizg\Desktop\pfe-d\data\clarity_datasets\speechocean762\WAVE\SPEAKER0053\000530030.WAV,SIX FOUR FIVE SIX,9,10.0,9,9,8
train,000530037,0053,f,6,C:\Users\azizg\Desktop\pfe-d\data\clarity_datasets\speechocean762\WAVE\SPEAKER0053\000530037.WAV,FOUR THREE FOUR TWO,9,10.0,9,8,8
train,000530054,0053,f,6,C:\Users\azizg\Desktop\pfe-d\data\clarity_datasets\speechocean762\WAVE\SPEAKER0053\000530054.WAV,ONE NINE FOUR,9,10.0,9,9,8
train,000530055,0053,f,6,C:\Users\azizg\Desktop\pfe-d\data\clarity_datasets\speechocean762\WAVE\SPEAKER0053\000530055.WAV,BOOTS MOUNTAINS TREES,9,10.0,9,9,9
train,000530060,0053,f,6,C:\Users\azizg\Desktop\pfe-d\data\clarity_datasets\speechocean762\WAVE\SPEAKER0053\000530060.WAV,SIR THREE PLANTING GRAFF,7,10.0,8,7,7
train,000530063,0053,f,6,C:\Users\azizg\Desktop\pfe-d\data\clarity_datasets\speechocean762\WAVE\SPEAKER0053\000530063.WAV,SANDWICH GIVE HIM,6,10.0,8,7,6
train,000530076,0053,f,6,C:\Users\azizg\Desktop\pfe-d\data\clarity_datasets\speechocean762\WAVE\SPEAKER0053\000530076.WAV,LAYLA WANTS HAVE SOME BISCUIT,8,10.0,8,7,7
train,000530077,0053,f,6,C:\Users\azizg\Desktop\pfe-d\data\clarity_datasets\speechocean762\WAVE\SPEAKER0053\000530077.WAV,JIM ATE A LITTLE CAKE,7,10.0,8,7,7
train,000530094,0053,f,6,C:\Users\azizg\Desktop\pfe-d\data\clarity_datasets\speechocean762\WAVE\SPEAKER0053\000530094.WAV,LIYA LIKES THE OLD SAFE,8,10.0,8,7,8
train,000530109,0053,f,6,C:\Users\azizg\Desktop\pfe-d\data\clarity_datasets\speechocean762\WAVE\SPEAKER0053\000530109.WAV,MIKE CAN SEE THE TRAIN,8,10.0,9,8,7
train,000530112,0053,f,6,C:\Users\azizg\Desktop\pfe-d\data\clarity_datasets\speechocean762\WAVE\SPEAKER0053\000530112.WAV,THEN JAYME WALKS TO TOILET,7,10.0,8,8,7
train,000530115,0053,f,6,C:\Users\azizg\Desktop\pfe-d\data\clarity_datasets\speechocean762\WAVE\SPEAKER0053\000530115.WAV,THEN TOM WALKS TO ART ROOM,8,10.0,8,8,8
train,000530145,0053,f,6,C:\Users\azizg\Desktop\pfe-d\data\clarity_datasets\speechocean762\WAVE\SPEAKER0053\000530145.WAV,SHE LIKES THE BIG GREEN CITY LONDON,4,10.0,8,7,4
train,000530154,0053,f,6,C:\Users\azizg\Desktop\pfe-d\data\clarity_datasets\speechocean762\WAVE\SPEAKER0053\000530154.WAV,I WILL GO TO MEN,8,10.0,9,7,8
train,000530163,0053,f,6,C:\Users\azizg\Desktop\pfe-d\data\clarity_datasets\speechocean762\WAVE\SPEAKER0053\000530163.WAV,WHERE DID THAT COME FROM,8,10.0,8,8,7
train,000530174,0053,f,6,C:\Users\azizg\Desktop\pfe-d\data\clarity_datasets\speechocean762\WAVE\SPEAKER0053\000530174.WAV,I ONLY WANT ONE,8,10.0,8,8,8
train,000540001,0054,m,6,C:\Users\azizg\Desktop\pfe-d\data\clarity_datasets\speechocean762\WAVE\SPEAKER0054\000540001.WAV,MIKE LOVE GARDEN,9,10.0,9,9,8
train,000540004,0054,m,6,C:\Users\azizg\Desktop\pfe-d\data\clarity_datasets\speechocean762\WAVE\SPEAKER0054\000540004.WAV,MARK LOVE PORTER,8,10.0,8,8,7
train,000540014,0054,m,6,C:\Users\azizg\Desktop\pfe-d\data\clarity_datasets\speechocean762\WAVE\SPEAKER0054\000540014.WAV,JAYME CAN SEE THE DOG,8,10.0,9,8,8
train,000540018,0054,m,6,C:\Users\azizg\Desktop\pfe-d\data\clarity_datasets\speechocean762\WAVE\SPEAKER0054\000540018.WAV,BILLY IS GOING TO SEE FOX,8,10.0,9,9,8
train,000540031,0054,m,6,C:\Users\azizg\Desktop\pfe-d\data\clarity_datasets\speechocean762\WAVE\SPEAKER0054\000540031.WAV,SIX EIGHT FOUR SIX,9,10.0,9,8,8
train,000540054,0054,m,6,C:\Users\azizg\Desktop\pfe-d\data\clarity_datasets\speechocean762\WAVE\SPEAKER0054\000540054.WAV,FIVE FIVE NINE ONE,9,10.0,9,8,9
train,000540055,0054,m,6,C:\Users\azizg\Desktop\pfe-d\data\clarity_datasets\speechocean762\WAVE\SPEAKER0054\000540055.WAV,QUICK PAST PHOTO,8,10.0,8,8,8
train,000540058,0054,m,6,C:\Users\azizg\Desktop\pfe-d\data\clarity_datasets\speechocean762\WAVE\SPEAKER0054\000540058.WAV,SHANGHAI QUIRE TODAY ONCE TOMORROW,8,10.0,9,8,8
train,000540062,0054,m,6,C:\Users\azizg\Desktop\pfe-d\data\clarity_datasets\speechocean762\WAVE\SPEAKER0054\000540062.WAV,KANGAROO COWS TRACE,6,10.0,8,8,5
train,000540072,0054,m,6,C:\Users\azizg\Desktop\pfe-d\data\clarity_datasets\speechocean762\WAVE\SPEAKER0054\000540072.WAV,PETER IS GOOD AT SKIN,9,10.0,8,8,8
train,000540077,0054,m,6,C:\Users\azizg\Desktop\pfe-d\data\clarity_datasets\speechocean762\WAVE\SPEAKER0054\000540077.WAV,BILLY AT A LITTLE JAM,8,10.0,8,7,8
train,000540088,0054,m,6,C:\Users\azizg\Desktop\pfe-d\data\clarity_datasets\speechocean762\WAVE\SPEAKER0054\000540088.WAV,LOOK AT BILLY'S FOOT,8,10.0,9,8,8
train,000540106,0054,m,6,C:\Users\azizg\Desktop\pfe-d\data\clarity_datasets\speechocean762\WAVE\SPEAKER0054\000540106.WAV,LINDA CAN SEE THE SUN BOY,7,10.0,8,7,7
train,000540111,0054,m,6,C:\Users\azizg\Desktop\pfe-d\data\clarity_datasets\speechocean762\WAVE\SPEAKER0054\000540111.WAV,MARY CAN SEE THE THIEF,8,10.0,8,8,8
train,000540117,0054,m,6,C:\Users\azizg\Desktop\pfe-d\data\clarity_datasets\speechocean762\WAVE\SPEAKER0054\000540117.WAV,KATE WAS WALKING TO PARK,8,10.0,9,8,8
train,000540123,0054,m,6,C:\Users\azizg\Desktop\pfe-d\data\clarity_datasets\speechocean762\WAVE\SPEAKER0054\000540123.WAV,SANDY WAS WALKING TO TURN PAR,8,10.0,8,7,7
train,000540127,0054,m,6,C:\Users\azizg\Desktop\pfe-d\data\clarity_datasets\speechocean762\WAVE\SPEAKER0054\000540127.WAV,PETER IS DRAWING THE PASS,8,10.0,9,8,8
train,000540130,0054,m,6,C:\Users\azizg\Desktop\pfe-d\data\clarity_datasets\speechocean762\WAVE\SPEAKER0054\000540130.WAV,NILA LOVES NEWS,8,10.0,9,8,8
train,000540156,0054,m,6,C:\Users\azizg\Desktop\pfe-d\data\clarity_datasets\speechocean762\WAVE\SPEAKER0054\000540156.WAV,IT MUST BE HE,8,10.0,9,8,8
train,000540163,0054,m,6,C:\Users\azizg\Desktop\pfe-d\data\clarity_datasets\speechocean762\WAVE\SPEAKER0054\000540163.WAV,I AM IN THE GLASS,8,10.0,9,8,8
train,000560016,0056,m,6,C:\Users\azizg\Desktop\pfe-d\data\clarity_datasets\speechocean762\WAVE\SPEAKER0056\000560016.WAV,MARY IS GOING TO SEE MONKEY,8,10.0,7,7,7
train,000560017,0056,m,6,C:\Users\azizg\Desktop\pfe-d\data\clarity_datasets\speechocean762\WAVE\SPEAKER0056\000560017.WAV,LUCY IS GOING TO SEE HORSE,8,10.0,8,7,7
train,000560026,0056,m,6,C:\Users\azizg\Desktop\pfe-d\data\clarity_datasets\speechocean762\WAVE\SPEAKER0056\000560026.WAV,ONE FOUR SEVEN ONE,6,10.0,9,8,6
train,000560030,0056,m,6,C:\Users\azizg\Desktop\pfe-d\data\clarity_datasets\speechocean762\WAVE\SPEAKER0056\000560030.WAV,FIVE EIGHT THREE TWO,7,10.0,8,7,7
train,000560033,0056,m,6,C:\Users\azizg\Desktop\pfe-d\data\clarity_datasets\speechocean762\WAVE\SPEAKER0056\000560033.WAV,FIVE ONE SIX ONE,8,10.0,8,8,8
train,000560038,0056,m,6,C:\Users\azizg\Desktop\pfe-d\data\clarity_datasets\speechocean762\WAVE\SPEAKER0056\000560038.WAV,ZERO FOUR ONE,6,10.0,7,8,6
train,000560058,0056,m,6,C:\Users\azizg\Desktop\pfe-d\data\clarity_datasets\speechocean762\WAVE\SPEAKER0056\000560058.WAV,LUCY HOCK SONG MUTTON,7,10.0,6,6,6
train,000560068,0056,m,6,C:\Users\azizg\Desktop\pfe-d\data\clarity_datasets\speechocean762\WAVE\SPEAKER0056\000560068.WAV,BY DAVID'S TOES,7,10.0,7,7,7
train,000560074,0056,m,6,C:\Users\azizg\Desktop\pfe-d\data\clarity_datasets\speechocean762\WAVE\SPEAKER0056\000560074.WAV,I NEED NEW SHORTS,9,10.0,7,6,8
train,000560075,0056,m,6,C:\Users\azizg\Desktop\pfe-d\data\clarity_datasets\speechocean762\WAVE\SPEAKER0056\000560075.WAV,JACK LIKES YOUR RED CUP,8,10.0,8,7,8
train,000560084,0056,m,6,C:\Users\azizg\Desktop\pfe-d\data\clarity_datasets\speechocean762\WAVE\SPEAKER0056\000560084.WAV,LOOK AT DORA'S CLOT,7,10.0,7,7,7
train,000560086,0056,m,6,C:\Users\azizg\Desktop\pfe-d\data\clarity_datasets\speechocean762\WAVE\SPEAKER0056\000560086.WAV,TEDDY CAN SEE THE CAR,8,10.0,7,7,7
train,000560088,0056,m,6,C:\Users\azizg\Desktop\pfe-d\data\clarity_datasets\speechocean762\WAVE\SPEAKER0056\000560088.WAV,THE NEW CAR,8,10.0,8,8,8
train,000560116,0056,m,6,C:\Users\azizg\Desktop\pfe-d\data\clarity_datasets\speechocean762\WAVE\SPEAKER0056\000560116.WAV,JIM WAS TO BE ARE GOLD TEACHER,7,10.0,6,6,7
train,000560117,0056,m,6,C:\Users\azizg\Desktop\pfe-d\data\clarity_datasets\speechocean762\WAVE\SPEAKER0056\000560117.WAV,JACK WAS WANTS TO BE ARE GOLD NERVOUS,7,10.0,5,6,6
train,000560134,0056,m,6,C:\Users\azizg\Desktop\pfe-d\data\clarity_datasets\speechocean762\WAVE\SPEAKER0056\000560134.WAV,ANYBODY CAN BANK BANK BANK,8,10.0,8,8,7
train,000560154,0056,m,6,C:\Users\azizg\Desktop\pfe-d\data\clarity_datasets\speechocean762\WAVE\SPEAKER0056\000560154.WAV,LOOK HERE I CHUCK THIS,8,10.0,7,6,7
train,000560159,0056,m,6,C:\Users\azizg\Desktop\pfe-d\data\clarity_datasets\speechocean762\WAVE\SPEAKER0056\000560159.WAV,BY YOUR LEAVE,6,10.0,7,8,6
train,000560162,0056,m,6,C:\Users\azizg\Desktop\pfe-d\data\clarity_datasets\speechocean762\WAVE\SPEAKER0056\000560162.WAV,WHO CAN COUNT TO THREE,7,10.0,7,7,6
train,000560172,0056,m,6,C:\Users\azizg\Desktop\pfe-d\data\clarity_datasets\speechocean762\WAVE\SPEAKER0056\000560172.WAV,BEAR GOT HIS BALL,7,10.0,7,6,7
train,000700008,0070,f,6,C:\Users\azizg\Desktop\pfe-d\data\clarity_datasets\speechocean762\WAVE\SPEAKER0070\000700008.WAV,KATE HAS NOT THE MANGO,8,10.0,7,8,8
train,000700010,0070,f,6,C:\Users\azizg\Desktop\pfe-d\data\clarity_datasets\speechocean762\WAVE\SPEAKER0070\000700010.WAV,THE CUTE ELEPHANT,7,10.0,8,8,7
train,000700012,0070,f,6,C:\Users\azizg\Desktop\pfe-d\data\clarity_datasets\speechocean762\WAVE\SPEAKER0070\000700012.WAV,THANK YOU DEAR GOT,8,10.0,8,7,7
train,000700015,0070,f,6,C:\Users\azizg\Desktop\pfe-d\data\clarity_datasets\speechocean762\WAVE\SPEAKER0070\000700015.WAV,LILLY IS GOING TO SEE PIG,8,10.0,8,8,7
train,000700019,0070,f,6,C:\Users\azizg\Desktop\pfe-d\data\clarity_datasets\speechocean762\WAVE\SPEAKER0070\000700019.WAV,DORA CAN DRAW THE ZEBRA,7,10.0,8,7,7
train,000700034,0070,f,6,C:\Users\azizg\Desktop\pfe-d\data\clarity_datasets\speechocean762\WAVE\SPEAKER0070\000700034.WAV,SEVEN THREE NINE FOUR,9,10.0,8,8,8
train,000700037,0070,f,6,C:\Users\azizg\Desktop\pfe-d\data\clarity_datasets\speechocean762\WAVE\SPEAKER0070\000700037.WAV,THREE EIGHT ONE SEVEN,8,10.0,8,8,7
train,000700046,0070,f,6,C:\Users\azizg\Desktop\pfe-d\data\clarity_datasets\speechocean762\WAVE\SPEAKER0070\000700046.WAV,NINE SEVEN FIVE FOUR,8,10.0,8,8,8
train,000700048,0070,f,6,C:\Users\azizg\Desktop\pfe-d\data\clarity_datasets\speechocean762\WAVE\SPEAKER0070\000700048.WAV,TWO TWO NINE ONE,8,10.0,8,8,8
train,000700053,0070,f,6,C:\Users\azizg\Desktop\pfe-d\data\clarity_datasets\speechocean762\WAVE\SPEAKER0070\000700053.WAV,EIGHT FIVE FIVE SEVEN,8,10.0,9,8,8
train,000700063,0070,f,6,C:\Users\azizg\Desktop\pfe-d\data\clarity_datasets\speechocean762\WAVE\SPEAKER0070\000700063.WAV,SHOES OLYMPIA SHOES,7,10.0,8,7,6
train,000700065,0070,f,6,C:\Users\azizg\Desktop\pfe-d\data\clarity_datasets\speechocean762\WAVE\SPEAKER0070\000700065.WAV,CINEMA FRIDAY FANS,5,10.0,6,6,5
train,000700082,0070,f,6,C:\Users\azizg\Desktop\pfe-d\data\clarity_datasets\speechocean762\WAVE\SPEAKER0070\000700082.WAV,JOHN LIKES RICE,9,10.0,8,8,8
train,000700109,0070,f,6,C:\Users\azizg\Desktop\pfe-d\data\clarity_datasets\speechocean762\WAVE\SPEAKER0070\000700109.WAV,LISA CAN SEE THE YET,8,10.0,8,8,8
train,000700120,0070,f,6,C:\Users\azizg\Desktop\pfe-d\data\clarity_datasets\speechocean762\WAVE\SPEAKER0070\000700120.WAV,LISA CAN SEE THE CLASSROOM,8,10.0,7,7,8
train,000700123,0070,f,6,C:\Users\azizg\Desktop\pfe-d\data\clarity_datasets\speechocean762\WAVE\SPEAKER0070\000700123.WAV,MANDY WANTS WALKING TO BEDROOM,9,10.0,8,8,8
train,000700130,0070,f,6,C:\Users\azizg\Desktop\pfe-d\data\clarity_datasets\speechocean762\WAVE\SPEAKER0070\000700130.WAV,DAD GOES THE CARROT,8,10.0,7,7,7
train,000700151,0070,f,6,C:\Users\azizg\Desktop\pfe-d\data\clarity_datasets\speechocean762\WAVE\SPEAKER0070\000700151.WAV,YOU ARE MOST WELCOME,9,10.0,8,8,8
train,000700156,0070,f,6,C:\Users\azizg\Desktop\pfe-d\data\clarity_datasets\speechocean762\WAVE\SPEAKER0070\000700156.WAV,WELL MOTHER,6,10.0,9,8,6
train,000700174,0070,f,6,C:\Users\azizg\Desktop\pfe-d\data\clarity_datasets\speechocean762\WAVE\SPEAKER0070\000700174.WAV,WHAT'S HER NAME,9,10.0,9,9,8
train,000750005,0075,m,6,C:\Users\azizg\Desktop\pfe-d\data\clarity_datasets\speechocean762\WAVE\SPEAKER0075\000750005.WAV,BORN LIKES GREEN,8,10.0,8,8,8
train,000750015,0075,m,6,C:\Users\azizg\Desktop\pfe-d\data\clarity_datasets\speechocean762\WAVE\SPEAKER0075\000750015.WAV,TOM IS GOING TO SEE COW,8,10.0,8,8,8
train,000750020,0075,m,6,C:\Users\azizg\Desktop\pfe-d\data\clarity_datasets\speechocean762\WAVE\SPEAKER0075\000750020.WAV,SINGER IS COMING FROM AUSTRALIAN,7,10.0,8,8,7
train,000750024,0075,m,6,C:\Users\azizg\Desktop\pfe-d\data\clarity_datasets\speechocean762\WAVE\SPEAKER0075\000750024.WAV,ANDY LOVES FRANCE,8,10.0,8,8,7
train,000750026,0075,m,6,C:\Users\azizg\Desktop\pfe-d\data\clarity_datasets\speechocean762\WAVE\SPEAKER0075\000750026.WAV,FIVE FIVE ZERO SIX,7,10.0,8,7,7
train,000750029,0075,m,6,C:\Users\azizg\Desktop\pfe-d\data\clarity_datasets\speechocean762\WAVE\SPEAKER0075\000750029.WAV,FIVE SEVEN SIX SIX,9,10.0,9,8,8
train,000750045,0075,m,6,C:\Users\azizg\Desktop\pfe-d\data\clarity_datasets\speechocean762\WAVE\SPEAKER0075\000750045.WAV,FIVE NINE ZERO FOUR,7,10.0,8,8,7
train,000750068,0075,m,6,C:\Users\azizg\Desktop\pfe-d\data\clarity_datasets\speechocean762\WAVE\SPEAKER0075\000750068.WAV,MARY LIKES TENNIS,6,10.0,7,8,6
train,000750080,0075,m,6,C:\Users\azizg\Desktop\pfe-d\data\clarity_datasets\speechocean762\WAVE\SPEAKER0075\000750080.WAV,DO YOU KNOW THE NOODLES,7,10.0,8,8,7
train,000750082,0075,m,6,C:\Users\azizg\Desktop\pfe-d\data\clarity_datasets\speechocean762\WAVE\SPEAKER0075\000750082.WAV,AND LIKES HAMBURGER,8,10.0,8,8,7
train,000750085,0075,m,6,C:\Users\azizg\Desktop\pfe-d\data\clarity_datasets\speechocean762\WAVE\SPEAKER0075\000750085.WAV,JOHN HOT SOME MEAT,8,10.0,8,8,8
train,000750091,0075,m,6,C:\Users\azizg\Desktop\pfe-d\data\clarity_datasets\speechocean762\WAVE\SPEAKER0075\000750091.WAV,MARK HAS A BEAUTIFUL SHORTS,9,10.0,9,8,8
train,000750101,0075,m,6,C:\Users\azizg\Desktop\pfe-d\data\clarity_datasets\speechocean762\WAVE\SPEAKER0075\000750101.WAV,LOOK AT JOHN'S COAT,8,10.0,8,8,8
train,000750106,0075,m,6,C:\Users\azizg\Desktop\pfe-d\data\clarity_datasets\speechocean762\WAVE\SPEAKER0075\000750106.WAV,LAYLA CAN SEE THE BUS,8,10.0,9,8,8
train,000750108,0075,m,6,C:\Users\azizg\Desktop\pfe-d\data\clarity_datasets\speechocean762\WAVE\SPEAKER0075\000750108.WAV,THE PLANE IS NEAR,8,10.0,8,8,7
train,000750123,0075,m,6,C:\Users\azizg\Desktop\pfe-d\data\clarity_datasets\speechocean762\WAVE\SPEAKER0075\000750123.WAV,BILLY WAS WALKING TO FARM,8,10.0,9,8,8
train,000750128,0075,m,6,C:\Users\azizg\Desktop\pfe-d\data\clarity_datasets\speechocean762\WAVE\SPEAKER0075\000750128.WAV,LAYLA HOT THE PEAR,6,10.0,8,8,5
train,000750134,0075,m,6,C:\Users\azizg\Desktop\pfe-d\data\clarity_datasets\speechocean762\WAVE\SPEAKER0075\000750134.WAV,TINA LIKES EYE,7,10.0,8,8,6
train,000750140,0075,m,6,C:\Users\azizg\Desktop\pfe-d\data\clarity_datasets\speechocean762\WAVE\SPEAKER0075\000750140.WAV,MARY IS NOT SINGER,8,10.0,9,8,8
train,000750149,0075,m,6,C:\Users\azizg\Desktop\pfe-d\data\clarity_datasets\speechocean762\WAVE\SPEAKER0075\000750149.WAV,TIM LIVES IN MOST ROOM NOW,8,10.0,7,7,7
train,001030008,0103,m,6,C:\Users\azizg\Desktop\pfe-d\data\clarity_datasets\speechocean762\WAVE\SPEAKER0103\001030008.WAV,JACK HAS GOT SOME LEMON,9,10.0,9,9,9
train,001030013,0103,m,6,C:\Users\azizg\Desktop\pfe-d\data\clarity_datasets\speechocean762\WAVE\SPEAKER0103\001030013.WAV,JOHN CAN DRAW THE HORSE,8,10.0,8,8,8
train,001030032,0103,m,6,C:\Users\azizg\Desktop\pfe-d\data\clarity_datasets\speechocean762\WAVE\SPEAKER0103\001030032.WAV,EIGHT ONE ZERO SIX,8,10.0,8,8,8
train,001030048,0103,m,6,C:\Users\azizg\Desktop\pfe-d\data\clarity_datasets\speechocean762\WAVE\SPEAKER0103\001030048.WAV,ZERO NINE THREE,9,10.0,9,9,8
train,001030053,0103,m,6,C:\Users\azizg\Desktop\pfe-d\data\clarity_datasets\speechocean762\WAVE\SPEAKER0103\001030053.WAV,TWO FOUR SEVEN,9,10.0,9,9,9
train,001030054,0103,m,6,C:\Users\azizg\Desktop\pfe-d\data\clarity_datasets\speechocean762\WAVE\SPEAKER0103\001030054.WAV,ONE FIVE THREE,9,10.0,9,9,9
train,001030060,0103,m,6,C:\Users\azizg\Desktop\pfe-d\data\clarity_datasets\speechocean762\WAVE\SPEAKER0103\001030060.WAV,RELATIVES N U S A,8,10.0,9,8,8
train,001030061,0103,m,6,C:\Users\azizg\Desktop\pfe-d\data\clarity_datasets\speechocean762\WAVE\SPEAKER0103\001030061.WAV,DRESSING HOCKEY P,8,10.0,9,8,8
train,001030065,0103,m,6,C:\Users\azizg\Desktop\pfe-d\data\clarity_datasets\speechocean762\WAVE\SPEAKER0103\001030065.WAV,GIRL DINNER FAIRY,9,10.0,8,8,9
train,001030077,0103,m,6,C:\Users\azizg\Desktop\pfe-d\data\clarity_datasets\speechocean762\WAVE\SPEAKER0103\001030077.WAV,JIM ATE A LITTLE TOLL FULL,8,10.0,8,7,8
train,001030078,0103,m,6,C:\Users\azizg\Desktop\pfe-d\data\clarity_datasets\speechocean762\WAVE\SPEAKER0103\001030078.WAV,DOES TOM LIKE THE CHICKEN,9,10.0,8,8,8
train,001030090,0103,m,6,C:\Users\azizg\Desktop\pfe-d\data\clarity_datasets\speechocean762\WAVE\SPEAKER0103\001030090.WAV,BY TOM'S SHOULDER,9,10.0,9,8,8
train,001030099,0103,m,6,C:\Users\azizg\Desktop\pfe-d\data\clarity_datasets\speechocean762\WAVE\SPEAKER0103\001030099.WAV,PETER HAS A BEAUTIFUL HAT,8,10.0,8,8,8
train,001030102,0103,m,6,C:\Users\azizg\Desktop\pfe-d\data\clarity_datasets\speechocean762\WAVE\SPEAKER0103\001030102.WAV,DORA NEEDS NEW T SHIRT,8,10.0,8,8,8
train,001030103,0103,m,6,C:\Users\azizg\Desktop\pfe-d\data\clarity_datasets\speechocean762\WAVE\SPEAKER0103\001030103.WAV,JOHN LOVES THE NEW GLOVES,8,10.0,8,8,8
train,001030121,0103,m,6,C:\Users\azizg\Desktop\pfe-d\data\clarity_datasets\speechocean762\WAVE\SPEAKER0103\001030121.WAV,THEN KATE WALKS TO BANK,8,10.0,9,8,8
train,001030136,0103,m,6,C:\Users\azizg\Desktop\pfe-d\data\clarity_datasets\speechocean762\WAVE\SPEAKER0103\001030136.WAV,HE WANTS TO BE A FARMER,8,10.0,9,8,8
train,001030143,0103,m,6,C:\Users\azizg\Desktop\pfe-d\data\clarity_datasets\speechocean762\WAVE\SPEAKER0103\001030143.WAV,BILL LIKES THE P E CLASS,9,10.0,9,8,8
train,001030144,0103,m,6,C:\Users\azizg\Desktop\pfe-d\data\clarity_datasets\speechocean762\WAVE\SPEAKER0103\001030144.WAV,MANDY WENT TO THE ART CLASS,8,10.0,9,8,8
train,001030155,0103,m,6,C:\Users\azizg\Desktop\pfe-d\data\clarity_datasets\speechocean762\WAVE\SPEAKER0103\001030155.WAV,SHALL WE GO HOME,9,10.0,9,9,9
train,001040022,0104,f,6,C:\Users\azizg\Desktop\pfe-d\data\clarity_datasets\speechocean762\WAVE\SPEAKER0104\001040022.WAV,MANDY LIVES IN LAOS,9,10.0,8,8,8
train,001040026,0104,f,6,C:\Users\azizg\Desktop\pfe-d\data\clarity_datasets\speechocean762\WAVE\SPEAKER0104\001040026.WAV,FIVE SIX FIVE SIX,9,10.0,9,8,8
train,001040038,0104,f,6,C:\Users\azizg\Desktop\pfe-d\data\clarity_datasets\speechocean762\WAVE\SPEAKER0104\001040038.WAV,TWO FIVE ZERO FIVE,8,10.0,7,7,7
train,001040050,0104,f,6,C:\Users\azizg\Desktop\pfe-d\data\clarity_datasets\speechocean762\WAVE\SPEAKER0104\001040050.WAV,FOUR FOUR SEVEN TWO,9,10.0,8,8,8
train,001040062,0104,f,6,C:\Users\azizg\Desktop\pfe-d\data\clarity_datasets\speechocean762\WAVE\SPEAKER0104\001040062.WAV,CARDS BIRD LISTEN,9,10.0,9,9,8
train,001040067,0104,f,6,C:\Users\azizg\Desktop\pfe-d\data\clarity_datasets\speechocean762\WAVE\SPEAKER0104\001040067.WAV,LAYLA IS GOOD AT SURFING,9,10.0,8,8,8
train,001040069,0104,f,6,C:\Users\azizg\Desktop\pfe-d\data\clarity_datasets\speechocean762\WAVE\SPEAKER0104\001040069.WAV,LILLY GIVES UP HOCKEY,9,10.0,7,7,8
train,001040071,0104,f,6,C:\Users\azizg\Desktop\pfe-d\data\clarity_datasets\speechocean762\WAVE\SPEAKER0104\001040071.WAV,MARY LIKES RUNNING,8,10.0,9,8,8
train,001040073,0104,f,6,C:\Users\azizg\Desktop\pfe-d\data\clarity_datasets\speechocean762\WAVE\SPEAKER0104\001040073.WAV,MARK GIVES UP HANDBALL,8,10.0,8,7,8
train,001040100,0104,f,6,C:\Users\azizg\Desktop\pfe-d\data\clarity_datasets\speechocean762\WAVE\SPEAKER0104\001040100.WAV,JOHN LIKES YOUR BLUE JACKET,9,10.0,8,8,8
train,001040104,0104,f,6,C:\Users\azizg\Desktop\pfe-d\data\clarity_datasets\speechocean762\WAVE\SPEAKER0104\001040104.WAV,JOHN GOT THE SOCKS,8,10.0,8,8,8
train,001040106,0104,f,6,C:\Users\azizg\Desktop\pfe-d\data\clarity_datasets\speechocean762\WAVE\SPEAKER0104\001040106.WAV,BILLY CAN SEE THE VAN,8,10.0,7,8,7
train,001040108,0104,f,6,C:\Users\azizg\Desktop\pfe-d\data\clarity_datasets\speechocean762\WAVE\SPEAKER0104\001040108.WAV,I CAN PAINT MY SUBWAY,7,10.0,8,8,6
train,001040115,0104,f,6,C:\Users\azizg\Desktop\pfe-d\data\clarity_datasets\speechocean762\WAVE\SPEAKER0104\001040115.WAV,THEN MANDY WHAT TO TOILET,8,10.0,8,8,7
train,001040120,0104,f,6,C:\Users\azizg\Desktop\pfe-d\data\clarity_datasets\speechocean762\WAVE\SPEAKER0104\001040120.WAV,MARY CAN SEE THE BOOKSTORE,8,10.0,8,8,8
train,001040122,0104,f,6,C:\Users\azizg\Desktop\pfe-d\data\clarity_datasets\speechocean762\WAVE\SPEAKER0104\001040122.WAV,SO BILLY WENT ON TO HOME,8,10.0,8,7,7
train,001040134,0104,f,6,C:\Users\azizg\Desktop\pfe-d\data\clarity_datasets\speechocean762\WAVE\SPEAKER0104\001040134.WAV,SANDY LIKE THE TOMATO,9,10.0,9,8,8
train,001040136,0104,f,6,C:\Users\azizg\Desktop\pfe-d\data\clarity_datasets\speechocean762\WAVE\SPEAKER0104\001040136.WAV,HE WANT TO BE A SINGER,9,10.0,7,7,8
train,001040149,0104,f,6,C:\Users\azizg\Desktop\pfe-d\data\clarity_datasets\speechocean762\WAVE\SPEAKER0104\001040149.WAV,MIKE LIKE THE BIG GEN GEN CITY NEW YORK,8,10.0,7,7,7
train,001040173,0104,f,6,C:\Users\azizg\Desktop\pfe-d\data\clarity_datasets\speechocean762\WAVE\SPEAKER0104\001040173.WAV,NO I AM NOT,8,10.0,8,7,8
train,001310020,0131,m,7,C:\Users\azizg\Desktop\pfe-d\data\clarity_datasets\speechocean762\WAVE\SPEAKER0131\001310020.WAV,LYNDA LOVES AUSTRALIA,8,10.0,8,8,8
train,001310022,0131,m,7,C:\Users\azizg\Desktop\pfe-d\data\clarity_datasets\speechocean762\WAVE\SPEAKER0131\001310022.WAV,ANDY LOVES CANADA,8,10.0,8,8,8
train,001310023,0131,m,7,C:\Users\azizg\Desktop\pfe-d\data\clarity_datasets\speechocean762\WAVE\SPEAKER0131\001310023.WAV,BETTER LIVED IN CHINA,9,10.0,8,8,8
train,001310061,0131,m,7,C:\Users\azizg\Desktop\pfe-d\data\clarity_datasets\speechocean762\WAVE\SPEAKER0131\001310061.WAV,DOES MIKE LIKE THE BEEF,9,10.0,8,8,8
train,001310062,0131,m,7,C:\Users\azizg\Desktop\pfe-d\data\clarity_datasets\speechocean762\WAVE\SPEAKER0131\001310062.WAV,ANDY LIKES MEAT,9,10.0,8,9,8
train,001310076,0131,m,7,C:\Users\azizg\Desktop\pfe-d\data\clarity_datasets\speechocean762\WAVE\SPEAKER0131\001310076.WAV,PLEASE CLOSE YOUR NEW T SHIRT,9,10.0,8,8,8
train,001310078,0131,m,7,C:\Users\azizg\Desktop\pfe-d\data\clarity_datasets\speechocean762\WAVE\SPEAKER0131\001310078.WAV,MIKE LIKES YOUR BLUE JEANS,9,10.0,8,8,8
train,001310081,0131,m,7,C:\Users\azizg\Desktop\pfe-d\data\clarity_datasets\speechocean762\WAVE\SPEAKER0131\001310081.WAV,BILLY GOT THE SKIRT,8,10.0,8,8,8
train,001310096,0131,m,7,C:\Users\azizg\Desktop\pfe-d\data\clarity_datasets\speechocean762\WAVE\SPEAKER0131\001310096.WAV,JIM CAN SEE THE T V ROOM,9,10.0,8,8,8
train,001310122,0131,m,7,C:\Users\azizg\Desktop\pfe-d\data\clarity_datasets\speechocean762\WAVE\SPEAKER0131\001310122.WAV,MARY WENT TO THE MATCH CLASS,8,10.0,8,8,7
train,001310123,0131,m,7,C:\Users\azizg\Desktop\pfe-d\data\clarity_datasets\speechocean762\WAVE\SPEAKER0131\001310123.WAV,DADDY LIKES THE SCIENCE CLASS AT SCHOOL,8,10.0,8,8,7
train,001310129,0131,m,7,C:\Users\azizg\Desktop\pfe-d\data\clarity_datasets\speechocean762\WAVE\SPEAKER0131\001310129.WAV,HOW DID YOU COME HERE,8,10.0,9,8,8
train,001310144,0131,m,7,C:\Users\azizg\Desktop\pfe-d\data\clarity_datasets\speechocean762\WAVE\SPEAKER0131\001310144.WAV,HADI FRIEND,8,10.0,9,9,7
train,001310148,0131,m,7,C:\Users\azizg\Desktop\pfe-d\data\clarity_datasets\speechocean762\WAVE\SPEAKER0131\001310148.WAV,CAR,9,10.0,10,10,9
train,001310152,0131,m,7,C:\Users\azizg\Desktop\pfe-d\data\clarity_datasets\speechocean762\WAVE\SPEAKER0131\001310152.WAV,IT IS A LONG JOURNEY,8,10.0,8,8,7
train,001310154,0131,m,7,C:\Users\azizg\Desktop\pfe-d\data\clarity_datasets\speechocean762\WAVE\SPEAKER0131\001310154.WAV,THEN WHY ARE YOU HERE,9,10.0,9,8,8
train,001310155,0131,m,7,C:\Users\azizg\Desktop\pfe-d\data\clarity_datasets\speechocean762\WAVE\SPEAKER0131\001310155.WAV,HE ASKED,9,10.0,10,9,9
train,001310162,0131,m,7,C:\Users\azizg\Desktop\pfe-d\data\clarity_datasets\speechocean762\WAVE\SPEAKER0131\001310162.WAV,STEP UP,3,10.0,7,7,4
train,001310165,0131,m,7,C:\Users\azizg\Desktop\pfe-d\data\clarity_datasets\speechocean762\WAVE\SPEAKER0131\001310165.WAV,I GOAT UP THIS MORNING,8,10.0,8,8,8
train,001310168,0131,m,7,C:\Users\azizg\Desktop\pfe-d\data\clarity_datasets\speechocean762\WAVE\SPEAKER0131\001310168.WAV,COME OVER HERE,8,10.0,8,7,7
train,001350002,0135,f,20,C:\Users\azizg\Desktop\pfe-d\data\clarity_datasets\speechocean762\WAVE\SPEAKER0135\001350002.WAV,THIS MONTH IS OVER FOR ME,9,10.0,9,8,8
train,001350091,0135,f,20,C:\Users\azizg\Desktop\pfe-d\data\clarity_datasets\speechocean762\WAVE\SPEAKER0135\001350091.WAV,WAR AFTER ALL IS FAR FROM AN EXACT SCIENCE,8,10.0,9,9,8
train,001350119,0135,f,20,C:\Users\azizg\Desktop\pfe-d\data\clarity_datasets\speechocean762\WAVE\SPEAKER0135\001350119.WAV,THESE MATCHES ARE GOING TO BE GREAT,9,10.0,9,9,8
train,001350124,0135,f,20,C:\Users\azizg\Desktop\pfe-d\data\clarity_datasets\speechocean762\WAVE\SPEAKER0135\001350124.WAV,I WORK FOR LIVING AND HAVE TO GET UP EARLY,9,10.0,9,9,9
train,001350134,0135,f,20,C:\Users\azizg\Desktop\pfe-d\data\clarity_datasets\speechocean762\WAVE\SPEAKER0135\001350134.WAV,HE IS A BIG BOY,9,10.0,10,9,9
train,001350163,0135,f,20,C:\Users\azizg\Desktop\pfe-d\data\clarity_datasets\speechocean762\WAVE\SPEAKER0135\001350163.WAV,I NEVER WANTED TO BE COOL,9,10.0,9,9,9
train,001350174,0135,f,20,C:\Users\azizg\Desktop\pfe-d\data\clarity_datasets\speechocean762\WAVE\SPEAKER0135\001350174.WAV,REALLY WASHING I COULD WATCH A BREAK,9,10.0,9,9,8
train,001350180,0135,f,20,C:\Users\azizg\Desktop\pfe-d\data\clarity_datasets\speechocean762\WAVE\SPEAKER0135\001350180.WAV,ITS TOO MANY FISH IN THE SEA TO BE JEALOUS,10,10.0,10,9,9
train,001350194,0135,f,20,C:\Users\azizg\Desktop\pfe-d\data\clarity_datasets\speechocean762\WAVE\SPEAKER0135\001350194.WAV,THE GOOD THING IS THAT WE CAN SEE THE GAME,9,10.0,10,9,9
train,001350216,0135,f,20,C:\Users\azizg\Desktop\pfe-d\data\clarity_datasets\speechocean762\WAVE\SPEAKER0135\001350216.WAV,AT THE TOP OF THE CHARTS,9,10.0,10,9,9
train,001350219,0135,f,20,C:\Users\azizg\Desktop\pfe-d\data\clarity_datasets\speechocean762\WAVE\SPEAKER0135\001350219.WAV,NO ONE WANTS TO TALK TO ME TONIGHT,10,10.0,10,9,9
train,001350243,0135,f,20,C:\Users\azizg\Desktop\pfe-d\data\clarity_datasets\speechocean762\WAVE\SPEAKER0135\001350243.WAV,READY TO BE AT THE LAKE,10,10.0,10,10,10
train,001350285,0135,f,20,C:\Users\azizg\Desktop\pfe-d\data\clarity_datasets\speechocean762\WAVE\SPEAKER0135\001350285.WAV,ALWAYS WAITING FOR THE NEXT SEASON,10,10.0,10,10,10
train,001350312,0135,f,20,C:\Users\azizg\Desktop\pfe-d\data\clarity_datasets\speechocean762\WAVE\SPEAKER0135\001350312.WAV,THE OLD MAN WILL NOT ALLOW THIS,9,10.0,10,10,9
train,001350317,0135,f,20,C:\Users\azizg\Desktop\pfe-d\data\clarity_datasets\speechocean762\WAVE\SPEAKER0135\001350317.WAV,BUCKET WANTED NERVOUSLY IN THE WINGS,9,10.0,10,9,9
train,001350318,0135,f,20,C:\Users\azizg\Desktop\pfe-d\data\clarity_datasets\speechocean762\WAVE\SPEAKER0135\001350318.WAV,THE NIGHT IS COOL AND ROAD IS LONG,8,10.0,10,9,8
train,001350343,0135,f,20,C:\Users\azizg\Desktop\pfe-d\data\clarity_datasets\speechocean762\WAVE\SPEAKER0135\001350343.WAV,I PUT MY ELBOWS ON THE TABLE,9,10.0,10,9,9
train,001350350,0135,f,20,C:\Users\azizg\Desktop\pfe-d\data\clarity_datasets\speechocean762\WAVE\SPEAKER0135\001350350.WAV,WHY YES TO BE SURE,10,10.0,10,10,10
train,001350356,0135,f,20,C:\Users\azizg\Desktop\pfe-d\data\clarity_datasets\speechocean762\WAVE\SPEAKER0135\001350356.WAV,BETTER TO BE VAGUE HE THOUGHT,9,10.0,10,9,8
train,001350375,0135,f,20,C:\Users\azizg\Desktop\pfe-d\data\clarity_datasets\speechocean762\WAVE\SPEAKER0135\001350375.WAV,IT'S ONLY FOR HER THAT I ASKED,9,10.0,10,9,9
train,001450037,0145,f,7,C:\Users\azizg\Desktop\pfe-d\data\clarity_datasets\speechocean762\WAVE\SPEAKER0145\001450037.WAV,FOUR THREE THREE EIGHT,9,10.0,7,7,8
train,001450043,0145,f,7,C:\Users\azizg\Desktop\pfe-d\data\clarity_datasets\speechocean762\WAVE\SPEAKER0145\001450043.WAV,FIVE FOUR FIVE ONE,8,10.0,8,8,7
train,001450049,0145,f,7,C:\Users\azizg\Desktop\pfe-d\data\clarity_datasets\speechocean762\WAVE\SPEAKER0145\001450049.WAV,DIVER IS NOT GOOD AT FOOTBALL,8,10.0,8,7,7
train,001450051,0145,f,7,C:\Users\azizg\Desktop\pfe-d\data\clarity_datasets\speechocean762\WAVE\SPEAKER0145\001450051.WAV,MIDDLE LIKES RETURNS BOWING,6,10.0,6,6,6
train,001450063,0145,f,7,C:\Users\azizg\Desktop\pfe-d\data\clarity_datasets\speechocean762\WAVE\SPEAKER0145\001450063.WAV,TINA LIKES PORK,5,10.0,7,7,5
train,001450070,0145,f,7,C:\Users\azizg\Desktop\pfe-d\data\clarity_datasets\speechocean762\WAVE\SPEAKER0145\001450070.WAV,LISTEN LIKES THE OLD,7,10.0,7,7,7
train,001450083,0145,f,7,C:\Users\azizg\Desktop\pfe-d\data\clarity_datasets\speechocean762\WAVE\SPEAKER0145\001450083.WAV,BILLY LIKES YOUR RED SWEATER,7,10.0,8,7,7
train,001450090,0145,f,7,C:\Users\azizg\Desktop\pfe-d\data\clarity_datasets\speechocean762\WAVE\SPEAKER0145\001450090.WAV,SO JAM WANTS IT TO THE HOUSE,8,10.0,7,7,7
train,001450094,0145,f,7,C:\Users\azizg\Desktop\pfe-d\data\clarity_datasets\speechocean762\WAVE\SPEAKER0145\001450094.WAV,DAVID CAN SEE THE ME PARK,8,10.0,7,7,7
train,001450098,0145,f,7,C:\Users\azizg\Desktop\pfe-d\data\clarity_datasets\speechocean762\WAVE\SPEAKER0145\001450098.WAV,JACK WAS WALK TO THE THEM PARK,8,10.0,7,7,7
train,001450109,0145,f,7,C:\Users\azizg\Desktop\pfe-d\data\clarity_datasets\speechocean762\WAVE\SPEAKER0145\001450109.WAV,TINA WASHED CLEAN,5,10.0,7,7,5
train,001450116,0145,f,7,C:\Users\azizg\Desktop\pfe-d\data\clarity_datasets\speechocean762\WAVE\SPEAKER0145\001450116.WAV,BUTTER WANTS TO BE A GOOD ART,7,10.0,6,6,6
train,001450140,0145,f,7,C:\Users\azizg\Desktop\pfe-d\data\clarity_datasets\speechocean762\WAVE\SPEAKER0145\001450140.WAV,OFFER IS BEST,7,10.0,6,6,6
train,001450142,0145,f,7,C:\Users\azizg\Desktop\pfe-d\data\clarity_datasets\speechocean762\WAVE\SPEAKER0145\001450142.WAV,PITS,9,10.0,9,8,8
train,001450146,0145,f,7,C:\Users\azizg\Desktop\pfe-d\data\clarity_datasets\speechocean762\WAVE\SPEAKER0145\001450146.WAV,AND I'M A CAT,9,10.0,9,9,9
train,001450159,0145,f,7,C:\Users\azizg\Desktop\pfe-d\data\clarity_datasets\speechocean762\WAVE\SPEAKER0145\001450159.WAV,AND TO A LIGHTER HOUSE,8,10.0,7,7,7
train,001450170,0145,f,7,C:\Users\azizg\Desktop\pfe-d\data\clarity_datasets\speechocean762\WAVE\SPEAKER0145\001450170.WAV,HOW BEAUTIFUL THEY FIT,8,10.0,8,7,7
train,001450171,0145,f,7,C:\Users\azizg\Desktop\pfe-d\data\clarity_datasets\speechocean762\WAVE\SPEAKER0145\001450171.WAV,THIS IS TODAY PIG'S OFFICER,7,10.0,7,7,7
train,001450172,0145,f,7,C:\Users\azizg\Desktop\pfe-d\data\clarity_datasets\speechocean762\WAVE\SPEAKER0145\001450172.WAV,YES IT'S VERY PRETTY,8,10.0,8,7,7
train,001450173,0145,f,7,C:\Users\azizg\Desktop\pfe-d\data\clarity_datasets\speechocean762\WAVE\SPEAKER0145\001450173.WAV,VERY,9,10.0,9,9,8
train,004820005,0482,m,28,C:\Users\azizg\Desktop\pfe-d\data\clarity_datasets\speechocean762\WAVE\SPEAKER0482\004820005.WAV,OUR WISH IS TO LIVE THROUGH THIS SEASON,9,10.0,9,9,9
train,004820015,0482,m,28,C:\Users\azizg\Desktop\pfe-d\data\clarity_datasets\speechocean762\WAVE\SPEAKER0482\004820015.WAV,WE HAVE OTHERS WHO CAN DO THE SAME THING,9,10.0,9,9,8
train,004820041,0482,m,28,C:\Users\azizg\Desktop\pfe-d\data\clarity_datasets\speechocean762\WAVE\SPEAKER0482\004820041.WAV,BUT AGAIN HE HAS MADE A VERY CLEAR STATEMENT,9,10.0,9,9,9
train,004820045,0482,m,28,C:\Users\azizg\Desktop\pfe-d\data\clarity_datasets\speechocean762\WAVE\SPEAKER0482\004820045.WAV,THIS IS A GOOD STEP,9,10.0,10,9,9
train,004820055,0482,m,28,C:\Users\azizg\Desktop\pfe-d\data\clarity_datasets\speechocean762\WAVE\SPEAKER0482\004820055.WAV,THOSE COULD HAPPEN TO ANYONE,9,10.0,10,9,9
train,004820114,0482,m,28,C:\Users\azizg\Desktop\pfe-d\data\clarity_datasets\speechocean762\WAVE\SPEAKER0482\004820114.WAV,YOUR SECOND SHOT WILL BE A CHOICE OF TWO OPTIONS,8,10.0,10,9,8
train,004820119,0482,m,28,C:\Users\azizg\Desktop\pfe-d\data\clarity_datasets\speechocean762\WAVE\SPEAKER0482\004820119.WAV,TIME TO MAKE A STATEMENT CAPTAINS,8,10.0,9,9,8
train,004820144,0482,m,28,C:\Users\azizg\Desktop\pfe-d\data\clarity_datasets\speechocean762\WAVE\SPEAKER0482\004820144.WAV,TONIGHT HE WAS WORSE THAN ANYONE,9,10.0,9,9,9
train,004820201,0482,m,28,C:\Users\azizg\Desktop\pfe-d\data\clarity_datasets\speechocean762\WAVE\SPEAKER0482\004820201.WAV,I FALL IN LOVE WITH MORE AND MORE EVERYDAY,8,10.0,9,9,8
train,004820214,0482,m,28,C:\Users\azizg\Desktop\pfe-d\data\clarity_datasets\speechocean762\WAVE\SPEAKER0482\004820214.WAV,MUSIC WILL BE HERE FOREVER,10,10.0,10,9,9
train,004820220,0482,m,28,C:\Users\azizg\Desktop\pfe-d\data\clarity_datasets\speechocean762\WAVE\SPEAKER0482\004820220.WAV,THAT'S NOT A BAD DEAL,9,10.0,10,10,9
train,004820239,0482,m,28,C:\Users\azizg\Desktop\pfe-d\data\clarity_datasets\speechocean762\WAVE\SPEAKER0482\004820239.WAV,CHEATING IS FOR THE CHILDISH,8,10.0,9,9,8
train,004820258,0482,m,28,C:\Users\azizg\Desktop\pfe-d\data\clarity_datasets\speechocean762\WAVE\SPEAKER0482\004820258.WAV,SECRETARY OF ENERGY IS WRONG,8,10.0,9,9,7
train,004820265,0482,m,28,C:\Users\azizg\Desktop\pfe-d\data\clarity_datasets\speechocean762\WAVE\SPEAKER0482\004820265.WAV,JUST TELL ME IF YOU FEEL THE SAME WAY TOO,10,10.0,10,9,9
train,004820268,0482,m,28,C:\Users\azizg\Desktop\pfe-d\data\clarity_datasets\speechocean762\WAVE\SPEAKER0482\004820268.WAV,I HAVE THE HEART OF A LION,8,10.0,9,9,7
train,004820329,0482,m,28,C:\Users\azizg\Desktop\pfe-d\data\clarity_datasets\speechocean762\WAVE\SPEAKER0482\004820329.WAV,BUT THE CITY WAS ALREADY DIRTY,9,10.0,10,9,9
train,004820353,0482,m,28,C:\Users\azizg\Desktop\pfe-d\data\clarity_datasets\speechocean762\WAVE\SPEAKER0482\004820353.WAV,SHE MIGHT PUSH HIM OFF INTO THE DEEPS,8,10.0,8,8,8
train,004820370,0482,m,28,C:\Users\azizg\Desktop\pfe-d\data\clarity_datasets\speechocean762\WAVE\SPEAKER0482\004820370.WAV,I SHUT MY EYES FOR ONE BREATH,3,10.0,10,9,4
train,004820371,0482,m,28,C:\Users\azizg\Desktop\pfe-d\data\clarity_datasets\speechocean762\WAVE\SPEAKER0482\004820371.WAV,SO THERE IS REALLY NO ROOM FOR DOUBT,9,10.0,9,9,8
train,004820378,0482,m,28,C:\Users\azizg\Desktop\pfe-d\data\clarity_datasets\speechocean762\WAVE\SPEAKER0482\004820378.WAV,I SHALL NEVER FORGIVE MYSELF FOR THIS EXPOSURE,8,10.0,9,9,8
train,005600015,0560,m,23,C:\Users\azizg\Desktop\pfe-d\data\clarity_datasets\speechocean762\WAVE\SPEAKER0560\005600015.WAV,A LIGHT RAIN WAS FALLING AT THE TIME,7,10.0,8,7,6
train,005600060,0560,m,23,C:\Users\azizg\Desktop\pfe-d\data\clarity_datasets\speechocean762\WAVE\SPEAKER0560\005600060.WAV,HIS EYES WERE ROLLING AROUND,8,10.0,8,7,7
train,005600065,0560,m,23,C:\Users\azizg\Desktop\pfe-d\data\clarity_datasets\speechocean762\WAVE\SPEAKER0560\005600065.WAV,I GO ON THE FIELD AND I PLAY,8,10.0,8,7,7
train,005600129,0560,m,23,C:\Users\azizg\Desktop\pfe-d\data\clarity_datasets\speechocean762\WAVE\SPEAKER0560\005600129.WAV,CAN I JUST FALL OFF THE FACE OF THE EARTH,7,10.0,7,6,6
train,005600145,0560,m,23,C:\Users\azizg\Desktop\pfe-d\data\clarity_datasets\speechocean762\WAVE\SPEAKER0560\005600145.WAV,WHAT'S THE MATTER WITH US,9,10.0,9,8,8
train,005600146,0560,m,23,C:\Users\azizg\Desktop\pfe-d\data\clarity_datasets\speechocean762\WAVE\SPEAKER0560\005600146.WAV,COVER OF A COVER A,8,10.0,9,7,7
train,005600153,0560,m,23,C:\Users\azizg\Desktop\pfe-d\data\clarity_datasets\speechocean762\WAVE\SPEAKER0560\005600153.WAV,I BILL NOT AFRAID,8,10.0,9,8,8
train,005600154,0560,m,23,C:\Users\azizg\Desktop\pfe-d\data\clarity_datasets\speechocean762\WAVE\SPEAKER0560\005600154.WAV,I WILL INFORMED PEOPLE SHOULD NOT BE ALONG TO VOTE,8,10.0,7,6,7
train,005600180,0560,m,23,C:\Users\azizg\Desktop\pfe-d\data\clarity_datasets\speechocean762\WAVE\SPEAKER0560\005600180.WAV,MORE OF US ARE COMING,8,10.0,9,7,7
train,005600199,0560,m,23,C:\Users\azizg\Desktop\pfe-d\data\clarity_datasets\speechocean762\WAVE\SPEAKER0560\005600199.WAV,PLUS THEY CAN BE FUN,8,10.0,7,7,7
train,005600205,0560,m,23,C:\Users\azizg\Desktop\pfe-d\data\clarity_datasets\speechocean762\WAVE\SPEAKER0560\005600205.WAV,AND THANK YOU FOR POINTING THIS OUT TO US,7,10.0,7,6,6
train,005600212,0560,m,23,C:\Users\azizg\Desktop\pfe-d\data\clarity_datasets\speechocean762\WAVE\SPEAKER0560\005600212.WAV,AND IT SEEMS TO BE MOSTLY PHONES,7,10.0,8,7,7
train,005600214,0560,m,23,C:\Users\azizg\Desktop\pfe-d\data\clarity_datasets\speechocean762\WAVE\SPEAKER0560\005600214.WAV,FEELING IS STILL THE SAME,7,10.0,6,7,6
train,005600268,0560,m,23,C:\Users\azizg\Desktop\pfe-d\data\clarity_datasets\speechocean762\WAVE\SPEAKER0560\005600268.WAV,I WANT A COUPLE OF WEEKS OFF,7,10.0,8,7,7
train,005600294,0560,m,23,C:\Users\azizg\Desktop\pfe-d\data\clarity_datasets\speechocean762\WAVE\SPEAKER0560\005600294.WAV,YOU A FAN OF THEM,7,10.0,8,7,7
train,005600296,0560,m,23,C:\Users\azizg\Desktop\pfe-d\data\clarity_datasets\speechocean762\WAVE\SPEAKER0560\005600296.WAV,YES BECAUSE IT IS THE NEXT GAME,6,10.0,7,7,5
train,005600298,0560,m,23,C:\Users\azizg\Desktop\pfe-d\data\clarity_datasets\speechocean762\WAVE\SPEAKER0560\005600298.WAV,SO WHY ARE YOU BREATH,7,10.0,8,7,7
train,005600318,0560,m,23,C:\Users\azizg\Desktop\pfe-d\data\clarity_datasets\speechocean762\WAVE\SPEAKER0560\005600318.WAV,HE WAS A MAN AND SO HE SHOULD KNOW ALL,7,10.0,7,6,6
train,005600365,0560,m,23,C:\Users\azizg\Desktop\pfe-d\data\clarity_datasets\speechocean762\WAVE\SPEAKER0560\005600365.WAV,SHE WAS STANDING IN A BOAT,7,10.0,8,7,7
train,005600370,0560,m,23,C:\Users\azizg\Desktop\pfe-d\data\clarity_datasets\speechocean762\WAVE\SPEAKER0560\005600370.WAV,BELOW TO THE LEFT WAS THE RIVER,7,10.0,7,7,7
train,005940019,0594,f,21,C:\Users\azizg\Desktop\pfe-d\data\clarity_datasets\speechocean762\WAVE\SPEAKER0594\005940019.WAV,I COULD TAKE NO MORE OF THE FACE OF,8,10.0,6,6,7
train,005940025,0594,f,21,C:\Users\azizg\Desktop\pfe-d\data\clarity_datasets\speechocean762\WAVE\SPEAKER0594\005940025.WAV,I HAVE NO CHANCE WHAT TO EXPRESS,8,10.0,7,6,7
train,005940141,0594,f,21,C:\Users\azizg\Desktop\pfe-d\data\clarity_datasets\speechocean762\WAVE\SPEAKER0594\005940141.WAV,WHERE ARE YOU PLAYING TO PLAY NOW,8,10.0,7,6,7
train,005940142,0594,f,21,C:\Users\azizg\Desktop\pfe-d\data\clarity_datasets\speechocean762\WAVE\SPEAKER0594\005940142.WAV,I NEED TO FIND THAT BOOK,8,10.0,7,6,7
train,005940164,0594,f,21,C:\Users\azizg\Desktop\pfe-d\data\clarity_datasets\speechocean762\WAVE\SPEAKER0594\005940164.WAV,I WAS THE FIRST ON THE TAKE YOU,7,10.0,6,6,6
train,005940174,0594,f,21,C:\Users\azizg\Desktop\pfe-d\data\clarity_datasets\speechocean762\WAVE\SPEAKER0594\005940174.WAV,GET IN TOUCH I WILL PUT YOU IN THE RIGHT,7,10.0,6,5,7
train,005940193,0594,f,21,C:\Users\azizg\Desktop\pfe-d\data\clarity_datasets\speechocean762\WAVE\SPEAKER0594\005940193.WAV,I WANT TO BE OUT IN THE SHOW,8,10.0,6,7,7
train,005940195,0594,f,21,C:\Users\azizg\Desktop\pfe-d\data\clarity_datasets\speechocean762\WAVE\SPEAKER0594\005940195.WAV,IT WAS A GREAT NIGHT,3,10.0,7,6,4
train,005940234,0594,f,21,C:\Users\azizg\Desktop\pfe-d\data\clarity_datasets\speechocean762\WAVE\SPEAKER0594\005940234.WAV,SURE WE WILL GO WITH THAT,6,10.0,6,6,5
train,005940237,0594,f,21,C:\Users\azizg\Desktop\pfe-d\data\clarity_datasets\speechocean762\WAVE\SPEAKER0594\005940237.WAV,A BRIGHT LIGHT AT THE END OF THE,7,10.0,7,6,6
train,005940238,0594,f,21,C:\Users\azizg\Desktop\pfe-d\data\clarity_datasets\speechocean762\WAVE\SPEAKER0594\005940238.WAV,THIS HAPPENED TO ME IN COLLEGE,6,10.0,7,6,6
train,005940252,0594,f,21,C:\Users\azizg\Desktop\pfe-d\data\clarity_datasets\speechocean762\WAVE\SPEAKER0594\005940252.WAV,DO YOU KNOW SOMEONE WHO WILL,7,10.0,7,5,6
train,005940263,0594,f,21,C:\Users\azizg\Desktop\pfe-d\data\clarity_datasets\speechocean762\WAVE\SPEAKER0594\005940263.WAV,WHAT DO YOU NOT WANT TO TALK TALK ABOUT,7,10.0,6,6,6
train,005940267,0594,f,21,C:\Users\azizg\Desktop\pfe-d\data\clarity_datasets\speechocean762\WAVE\SPEAKER0594\005940267.WAV,HELP THEM WITHOUT HAVING TO BE,3,10.0,6,6,3
train,005940271,0594,f,21,C:\Users\azizg\Desktop\pfe-d\data\clarity_datasets\speechocean762\WAVE\SPEAKER0594\005940271.WAV,I JUST WANT HIM TO LOVE ME,8,10.0,7,6,7
train,005940283,0594,f,21,C:\Users\azizg\Desktop\pfe-d\data\clarity_datasets\speechocean762\WAVE\SPEAKER0594\005940283.WAV,I THINK IT'S TIME TO REST,8,10.0,7,6,7
train,005940304,0594,f,21,C:\Users\azizg\Desktop\pfe-d\data\clarity_datasets\speechocean762\WAVE\SPEAKER0594\005940304.WAV,I FEEL LIKE GOING FOR A WAKE,8,10.0,8,7,8
train,005940318,0594,f,21,C:\Users\azizg\Desktop\pfe-d\data\clarity_datasets\speechocean762\WAVE\SPEAKER0594\005940318.WAV,I FEEL JUST AS IF I WERE IN A BOOK,6,10.0,7,6,6
train,005940373,0594,f,21,C:\Users\azizg\Desktop\pfe-d\data\clarity_datasets\speechocean762\WAVE\SPEAKER0594\005940373.WAV,AFTER ALL SHE COULD DO HIM NO INJURE,6,10.0,6,6,6
train,005940380,0594,f,21,C:\Users\azizg\Desktop\pfe-d\data\clarity_datasets\speechocean762\WAVE\SPEAKER0594\005940380.WAV,WHERE WERE WE GOING AND THAT WERE WE TO DO,3,10.0,6,6,3
train,007390013,0739,m,20,C:\Users\azizg\Desktop\pfe-d\data\clarity_datasets\speechocean762\WAVE\SPEAKER0739\007390013.WAV,BUT IT CERTAINLY IS POSSIBLE,6,10.0,7,6,5
train,007390019,0739,m,20,C:\Users\azizg\Desktop\pfe-d\data\clarity_datasets\speechocean762\WAVE\SPEAKER0739\007390019.WAV,THE WOLFS WERE NOT QUITE AS BAD,4,10.0,6,6,4
train,007390062,0739,m,20,C:\Users\azizg\Desktop\pfe-d\data\clarity_datasets\speechocean762\WAVE\SPEAKER0739\007390062.WAV,IT WAS A TOUGH POSITION TO BE IN,7,10.0,7,5,6
train,007390070,0739,m,20,C:\Users\azizg\Desktop\pfe-d\data\clarity_datasets\speechocean762\WAVE\SPEAKER0739\007390070.WAV,IT'S ABOUT WHAT KIND OF LIVES AMERICAN PEOPLE WILL LEAD,6,10.0,6,6,6
train,007390072,0739,m,20,C:\Users\azizg\Desktop\pfe-d\data\clarity_datasets\speechocean762\WAVE\SPEAKER0739\007390072.WAV,AND IT'S AGAINST THE LAW,7,10.0,7,5,7
train,007390092,0739,m,20,C:\Users\azizg\Desktop\pfe-d\data\clarity_datasets\speechocean762\WAVE\SPEAKER0739\007390092.WAV,IT SHOULD BE LOST OF RUN,7,10.0,7,7,7
train,007390119,0739,m,20,C:\Users\azizg\Desktop\pfe-d\data\clarity_datasets\speechocean762\WAVE\SPEAKER0739\007390119.WAV,NOTHING TO DO WITH HAVING A BABY,7,10.0,7,6,7
train,007390120,0739,m,20,C:\Users\azizg\Desktop\pfe-d\data\clarity_datasets\speechocean762\WAVE\SPEAKER0739\007390120.WAV,I HAVE NO TIME FOR GUESSING,8,10.0,7,7,7
train,007390139,0739,m,20,C:\Users\azizg\Desktop\pfe-d\data\clarity_datasets\speechocean762\WAVE\SPEAKER0739\007390139.WAV,IT'S MONDAY IN MY NECK OF THE WOODS,7,10.0,7,6,6
train,007390160,0739,m,20,C:\Users\azizg\Desktop\pfe-d\data\clarity_datasets\speechocean762\WAVE\SPEAKER0739\007390160.WAV,I'M MORE THAN WHAT THEM WANT TO BELIEVE,7,10.0,7,6,6
train,007390195,0739,m,20,C:\Users\azizg\Desktop\pfe-d\data\clarity_datasets\speechocean762\WAVE\SPEAKER0739\007390195.WAV,IT WALL DEPENDS ON WHAT IS IN OUR HEARTS,7,10.0,5,5,6
train,007390197,0739,m,20,C:\Users\azizg\Desktop\pfe-d\data\clarity_datasets\speechocean762\WAVE\SPEAKER0739\007390197.WAV,I SHAME TO BE THE ONLY ONE,7,10.0,7,6,6
train,007390208,0739,m,20,C:\Users\azizg\Desktop\pfe-d\data\clarity_datasets\speechocean762\WAVE\SPEAKER0739\007390208.WAV,LET US KNOW WHAT YOU THINK OF IT,7,10.0,6,6,6
train,007390211,0739,m,20,C:\Users\azizg\Desktop\pfe-d\data\clarity_datasets\speechocean762\WAVE\SPEAKER0739\007390211.WAV,LOST AN HOUR OF SLEEP,7,10.0,7,6,6
train,007390220,0739,m,20,C:\Users\azizg\Desktop\pfe-d\data\clarity_datasets\speechocean762\WAVE\SPEAKER0739\007390220.WAV,NOTHING WILL KEEP ME AWAY FROM THIS MUSIC,7,10.0,7,6,6
train,007390228,0739,m,20,C:\Users\azizg\Desktop\pfe-d\data\clarity_datasets\speechocean762\WAVE\SPEAKER0739\007390228.WAV,DO WE NEED TO SAY EVERYTHING,7,10.0,7,7,7
train,007390238,0739,m,20,C:\Users\azizg\Desktop\pfe-d\data\clarity_datasets\speechocean762\WAVE\SPEAKER0739\007390238.WAV,TIME TO PUT YOUR MIND THE TEST,7,10.0,6,6,6
train,007390281,0739,m,20,C:\Users\azizg\Desktop\pfe-d\data\clarity_datasets\speechocean762\WAVE\SPEAKER0739\007390281.WAV,IT'S A VERY AMERICAN VIEW,7,10.0,6,7,6
train,007390294,0739,m,20,C:\Users\azizg\Desktop\pfe-d\data\clarity_datasets\speechocean762\WAVE\SPEAKER0739\007390294.WAV,BEAT THE TIGER FOR US,7,10.0,7,7,7
train,007390355,0739,m,20,C:\Users\azizg\Desktop\pfe-d\data\clarity_datasets\speechocean762\WAVE\SPEAKER0739\007390355.WAV,BUT WE MUST SPEAK FURTHER OF IN HIS SONGS,6,10.0,7,6,6
train,008130061,0813,f,20,C:\Users\azizg\Desktop\pfe-d\data\clarity_datasets\speechocean762\WAVE\SPEAKER0813\008130061.WAV,IT WAS JUST LIKE A SPRING TRAINING PLAY,9,10.0,10,10,9
train,008130081,0813,f,20,C:\Users\azizg\Desktop\pfe-d\data\clarity_datasets\speechocean762\WAVE\SPEAKER0813\008130081.WAV,THE JAZZ WERE UNABLE TO GET OFF A FINAL SHOT,9,10.0,10,10,9
train,008130091,0813,f,20,C:\Users\azizg\Desktop\pfe-d\data\clarity_datasets\speechocean762\WAVE\SPEAKER0813\008130091.WAV,THREE OF THE VICTIMS WERE LISTED IN SERIOUS CONDITION,9,10.0,10,10,9
train,008130100,0813,f,20,C:\Users\azizg\Desktop\pfe-d\data\clarity_datasets\speechocean762\WAVE\SPEAKER0813\008130100.WAV,BUT I WOULD IF HE WERE THE BEST PLAYER,9,10.0,10,10,9
train,008130153,0813,f,20,C:\Users\azizg\Desktop\pfe-d\data\clarity_datasets\speechocean762\WAVE\SPEAKER0813\008130153.WAV,LOVE IS IN THE BUILDING,10,10.0,9,10,9
train,008130196,0813,f,20,C:\Users\azizg\Desktop\pfe-d\data\clarity_datasets\speechocean762\WAVE\SPEAKER0813\008130196.WAV,I JUST WANT TO BE THERE,10,10.0,9,10,9
train,008130222,0813,f,20,C:\Users\azizg\Desktop\pfe-d\data\clarity_datasets\speechocean762\WAVE\SPEAKER0813\008130222.WAV,YOU DIG HELP MAKE IT HAPPEN,9,10.0,10,10,9
train,008130233,0813,f,20,C:\Users\azizg\Desktop\pfe-d\data\clarity_datasets\speechocean762\WAVE\SPEAKER0813\008130233.WAV,WHERE ARE YOU GOING TO KEEP IT,9,10.0,10,9,9
train,008130257,0813,f,20,C:\Users\azizg\Desktop\pfe-d\data\clarity_datasets\speechocean762\WAVE\SPEAKER0813\008130257.WAV,BUT IT IS GOOD ALONE,10,10.0,9,10,9
train,008130271,0813,f,20,C:\Users\azizg\Desktop\pfe-d\data\clarity_datasets\speechocean762\WAVE\SPEAKER0813\008130271.WAV,WE WILL HAVE TO AGREE TO DISAGREE,10,10.0,10,10,9
train,008130281,0813,f,20,C:\Users\azizg\Desktop\pfe-d\data\clarity_datasets\speechocean762\WAVE\SPEAKER0813\008130281.WAV,ESPECIALLY AFTER A LONG SESSION,10,10.0,9,10,9
train,008130282,0813,f,20,C:\Users\azizg\Desktop\pfe-d\data\clarity_datasets\speechocean762\WAVE\SPEAKER0813\008130282.WAV,I'M SO LUCKY TO LIVE IN SUCH A BEAUTIFUL PLACE,10,10.0,9,9,9
train,008130283,0813,f,20,C:\Users\azizg\Desktop\pfe-d\data\clarity_datasets\speechocean762\WAVE\SPEAKER0813\008130283.WAV,LITTLE TOO MUCH TIME ON MY HANDS TODAY,9,10.0,10,9,9
train,008130288,0813,f,20,C:\Users\azizg\Desktop\pfe-d\data\clarity_datasets\speechocean762\WAVE\SPEAKER0813\008130288.WAV,THINGS ARE ONLY GOING TO GET WORSE FROM HERE,9,10.0,10,10,9
train,008130301,0813,f,20,C:\Users\azizg\Desktop\pfe-d\data\clarity_datasets\speechocean762\WAVE\SPEAKER0813\008130301.WAV,BUT HE WANTS TO COME SOONER,10,10.0,9,9,9
train,008130339,0813,f,20,C:\Users\azizg\Desktop\pfe-d\data\clarity_datasets\speechocean762\WAVE\SPEAKER0813\008130339.WAV,THE GIRL WAS FOUR AT THE TIME,10,10.0,10,10,9
train,008130340,0813,f,20,C:\Users\azizg\Desktop\pfe-d\data\clarity_datasets\speechocean762\WAVE\SPEAKER0813\008130340.WAV,OH IT IS RICH TO SEE AND HEAR HER,9,10.0,10,9,9
train,008130346,0813,f,20,C:\Users\azizg\Desktop\pfe-d\data\clarity_datasets\speechocean762\WAVE\SPEAKER0813\008130346.WAV,IT WAS A SUFFICIENT ANSWER,8,10.0,10,9,8
train,008130356,0813,f,20,C:\Users\azizg\Desktop\pfe-d\data\clarity_datasets\speechocean762\WAVE\SPEAKER0813\008130356.WAV,AND THEN HE WILL TAKE IT,10,10.0,10,9,9
train,008130380,0813,f,20,C:\Users\azizg\Desktop\pfe-d\data\clarity_datasets\speechocean762\WAVE\SPEAKER0813\008130380.WAV,I BEG TO KNOW IF SUCH WERE THE FACT,9,10.0,10,10,9
train,009600062,0960,m,28,C:\Users\azizg\Desktop\pfe-d\data\clarity_datasets\speechocean762\WAVE\SPEAKER0960\009600062.WAV,THE GAME IS FILLED WITH THIS,7,10.0,8,7,7
train,009600113,0960,m,28,C:\Users\azizg\Desktop\pfe-d\data\clarity_datasets\speechocean762\WAVE\SPEAKER0960\009600113.WAV,HE'S UP AGAINST SOMETHING THAT IS NOT GOING TO YIELD,7,10.0,7,7,7
train,009600118,0960,m,28,C:\Users\azizg\Desktop\pfe-d\data\clarity_datasets\speechocean762\WAVE\SPEAKER0960\009600118.WAV,IS IT POSSIBLE YOU ARE IN THE WRONG ACCOUNT,7,10.0,8,7,7
train,009600120,0960,m,28,C:\Users\azizg\Desktop\pfe-d\data\clarity_datasets\speechocean762\WAVE\SPEAKER0960\009600120.WAV,JUST A PIECE OF TODAY,8,10.0,8,7,7
train,009600127,0960,m,28,C:\Users\azizg\Desktop\pfe-d\data\clarity_datasets\speechocean762\WAVE\SPEAKER0960\009600127.WAV,THE ONLY THING YOU NEED TO SEE TODAY,8,10.0,7,7,8
train,009600129,0960,m,28,C:\Users\azizg\Desktop\pfe-d\data\clarity_datasets\speechocean762\WAVE\SPEAKER0960\009600129.WAV,NEED TO INVEST IN YOUR FUTURE,8,10.0,7,7,8
train,009600133,0960,m,28,C:\Users\azizg\Desktop\pfe-d\data\clarity_datasets\speechocean762\WAVE\SPEAKER0960\009600133.WAV,BUT WERE DEPENDENCE ON THE IMPORTANCE OF THE GAME,7,10.0,6,6,7
train,009600140,0960,m,28,C:\Users\azizg\Desktop\pfe-d\data\clarity_datasets\speechocean762\WAVE\SPEAKER0960\009600140.WAV,IT'S GOOD TO BE THE CAPTAIN,8,10.0,8,8,8
train,009600186,0960,m,28,C:\Users\azizg\Desktop\pfe-d\data\clarity_datasets\speechocean762\WAVE\SPEAKER0960\009600186.WAV,FEEL FOR HIS WIFE AND SONGS,9,10.0,9,7,8
train,009600190,0960,m,28,C:\Users\azizg\Desktop\pfe-d\data\clarity_datasets\speechocean762\WAVE\SPEAKER0960\009600190.WAV,ONCE YOU LOSE THE PASSION IT IS A WRAP,7,10.0,8,6,7
train,009600205,0960,m,28,C:\Users\azizg\Desktop\pfe-d\data\clarity_datasets\speechocean762\WAVE\SPEAKER0960\009600205.WAV,IS LOOKING FORWARD TO THE TENNIS TOMORROW,7,10.0,8,8,7
train,009600215,0960,m,28,C:\Users\azizg\Desktop\pfe-d\data\clarity_datasets\speechocean762\WAVE\SPEAKER0960\009600215.WAV,DAY ONE IN THE BAG,8,10.0,8,8,7
train,009600262,0960,m,28,C:\Users\azizg\Desktop\pfe-d\data\clarity_datasets\speechocean762\WAVE\SPEAKER0960\009600262.WAV,IT'S GOOD TO BE WHITE,8,10.0,8,8,7
train,009600267,0960,m,28,C:\Users\azizg\Desktop\pfe-d\data\clarity_datasets\speechocean762\WAVE\SPEAKER0960\009600267.WAV,YOU HAVE NO IDEA HOW WRONG YOU ARE,9,10.0,8,7,8
train,009600270,0960,m,28,C:\Users\azizg\Desktop\pfe-d\data\clarity_datasets\speechocean762\WAVE\SPEAKER0960\009600270.WAV,THINKING OF HIS FAMILY AND FRIENDS,8,10.0,9,9,8
train,009600287,0960,m,28,C:\Users\azizg\Desktop\pfe-d\data\clarity_datasets\speechocean762\WAVE\SPEAKER0960\009600287.WAV,I KNOW I AM GOING TO BED,8,10.0,8,7,7
train,009600335,0960,m,28,C:\Users\azizg\Desktop\pfe-d\data\clarity_datasets\speechocean762\WAVE\SPEAKER0960\009600335.WAV,AND THIS IS MY OPINION AND IT'S A FINAL ONE,7,10.0,7,6,6
train,009600337,0960,m,28,C:\Users\azizg\Desktop\pfe-d\data\clarity_datasets\speechocean762\WAVE\SPEAKER0960\009600337.WAV,I MADE HIS ACQUAINTANCE HERE,6,10.0,6,6,5
train,009600338,0960,m,28,C:\Users\azizg\Desktop\pfe-d\data\clarity_datasets\speechocean762\WAVE\SPEAKER0960\009600338.WAV,THE NEXT STOP WAS AT THE MUSEUM,7,10.0,7,7,7
train,009600343,0960,m,28,C:\Users\azizg\Desktop\pfe-d\data\clarity_datasets\speechocean762\WAVE\SPEAKER0960\009600343.WAV,WHAT A DAY FOR A BATHE,7,10.0,8,7,7
train,010120008,1012,m,29,C:\Users\azizg\Desktop\pfe-d\data\clarity_datasets\speechocean762\WAVE\SPEAKER1012\010120008.WAV,IT'S SOMETHING TO WATCH FOR,9,10.0,9,9,9
train,010120059,1012,m,29,C:\Users\azizg\Desktop\pfe-d\data\clarity_datasets\speechocean762\WAVE\SPEAKER1012\010120059.WAV,HE ALLOWED FIVE WRONGS AND EIGHT HITS OVER FIVE INNINGS,8,10.0,9,8,8
train,010120071,1012,m,29,C:\Users\azizg\Desktop\pfe-d\data\clarity_datasets\speechocean762\WAVE\SPEAKER1012\010120071.WAV,I WAS ALL OVER HIM IN THE SECOND SET,8,10.0,8,8,8
train,010120128,1012,m,29,C:\Users\azizg\Desktop\pfe-d\data\clarity_datasets\speechocean762\WAVE\SPEAKER1012\010120128.WAV,HE'S A DOCTOR OF EVERYTHING,9,10.0,9,8,9
train,010120148,1012,m,29,C:\Users\azizg\Desktop\pfe-d\data\clarity_datasets\speechocean762\WAVE\SPEAKER1012\010120148.WAV,I HAVE A FEELING THIS IS ONLY THE BEGINNING,9,10.0,9,8,8
train,010120166,1012,m,29,C:\Users\azizg\Desktop\pfe-d\data\clarity_datasets\speechocean762\WAVE\SPEAKER1012\010120166.WAV,I THINK THAT'S WHAT YOU WANT TO BE,9,10.0,9,8,8
train,010120180,1012,m,29,C:\Users\azizg\Desktop\pfe-d\data\clarity_datasets\speechocean762\WAVE\SPEAKER1012\010120180.WAV,I GO WITH THE FOLLOW,9,10.0,9,8,8
train,010120193,1012,m,29,C:\Users\azizg\Desktop\pfe-d\data\clarity_datasets\speechocean762\WAVE\SPEAKER1012\010120193.WAV,WELCOME TO THE NEW BOSS,9,10.0,9,9,9
train,010120200,1012,m,29,C:\Users\azizg\Desktop\pfe-d\data\clarity_datasets\speechocean762\WAVE\SPEAKER1012\010120200.WAV,YOU WILL FEEL A LOT OF PAIN,9,10.0,9,8,8
train,010120208,1012,m,29,C:\Users\azizg\Desktop\pfe-d\data\clarity_datasets\speechocean762\WAVE\SPEAKER1012\010120208.WAV,JUST GETTING READY TO GO OUT AND YOU,9,10.0,9,9,9
train,010120212,1012,m,29,C:\Users\azizg\Desktop\pfe-d\data\clarity_datasets\speechocean762\WAVE\SPEAKER1012\010120212.WAV,NOT IN THE MOOD OF ANY OF THEM,9,10.0,9,9,8
train,010120219,1012,m,29,C:\Users\azizg\Desktop\pfe-d\data\clarity_datasets\speechocean762\WAVE\SPEAKER1012\010120219.WAV,DO YOU THINK IT WILL BE CONFIRMED,9,10.0,9,8,8
train,010120243,1012,m,29,C:\Users\azizg\Desktop\pfe-d\data\clarity_datasets\speechocean762\WAVE\SPEAKER1012\010120243.WAV,IT'S BASED OF WHAT HAPPENED TO ME AND MY COUSIN,8,10.0,9,8,8
train,010120255,1012,m,29,C:\Users\azizg\Desktop\pfe-d\data\clarity_datasets\speechocean762\WAVE\SPEAKER1012\010120255.WAV,HE TRYING TO GET BACK IN THE HOUSE,9,10.0,9,9,9
train,010120265,1012,m,29,C:\Users\azizg\Desktop\pfe-d\data\clarity_datasets\speechocean762\WAVE\SPEAKER1012\010120265.WAV,IRON BANNER CONTROL IS BACK,8,10.0,9,8,8
train,010120269,1012,m,29,C:\Users\azizg\Desktop\pfe-d\data\clarity_datasets\speechocean762\WAVE\SPEAKER1012\010120269.WAV,SPENDING TOO MUCH TIME ON A GAME,9,10.0,9,8,8
train,010120303,1012,m,29,C:\Users\azizg\Desktop\pfe-d\data\clarity_datasets\speechocean762\WAVE\SPEAKER1012\010120303.WAV,DOING THE LITTLE THINGS CAN MAKE A BIG DIFFERENCE,9,10.0,9,9,8
train,010120334,1012,m,29,C:\Users\azizg\Desktop\pfe-d\data\clarity_datasets\speechocean762\WAVE\SPEAKER1012\010120334.WAV,I HAD JUST COME IN FROM THE STREET,9,10.0,9,8,9
train,010120335,1012,m,29,C:\Users\azizg\Desktop\pfe-d\data\clarity_datasets\speechocean762\WAVE\SPEAKER1012\010120335.WAV,IT WAS SO WELL PRINTED ON SUCH GOOD PAPER,10,10.0,9,7,9
train,010120374,1012,m,29,C:\Users\azizg\Desktop\pfe-d\data\clarity_datasets\speechocean762\WAVE\SPEAKER1012\010120374.WAV,THAT WAS DIFFICULT TO SAY,9,10.0,10,9,9
train,010270117,1027,m,37,C:\Users\azizg\Desktop\pfe-d\data\clarity_datasets\speechocean762\WAVE\SPEAKER1027\010270117.WAV,YELL THE VERY SAME THING,9,10.0,9,8,8
train,010270124,1027,m,37,C:\Users\azizg\Desktop\pfe-d\data\clarity_datasets\speechocean762\WAVE\SPEAKER1027\010270124.WAV,HOW CAN THEY BE ALLOWED TO TRADE,9,10.0,8,8,8
train,010270131,1027,m,37,C:\Users\azizg\Desktop\pfe-d\data\clarity_datasets\speechocean762\WAVE\SPEAKER1027\010270131.WAV,TIME TO BUY A NEW HOME,10,10.0,10,9,9
train,010270140,1027,m,37,C:\Users\azizg\Desktop\pfe-d\data\clarity_datasets\speechocean762\WAVE\SPEAKER1027\010270140.WAV,WE HAVE TO GET IT OUT OF OR CULTURE,9,10.0,10,8,9
train,010270170,1027,m,37,C:\Users\azizg\Desktop\pfe-d\data\clarity_datasets\speechocean762\WAVE\SPEAKER1027\010270170.WAV,YOU COMING BACK FOR THE GAMES,9,10.0,10,9,9
train,010270198,1027,m,37,C:\Users\azizg\Desktop\pfe-d\data\clarity_datasets\speechocean762\WAVE\SPEAKER1027\010270198.WAV,SOME OF US ARE NOT HERE TO BE LOVED,9,10.0,9,9,9
train,010270226,1027,m,37,C:\Users\azizg\Desktop\pfe-d\data\clarity_datasets\speechocean762\WAVE\SPEAKER1027\010270226.WAV,THAT SEEMS TO WORK FOR THEM,9,10.0,9,9,9
train,010270238,1027,m,37,C:\Users\azizg\Desktop\pfe-d\data\clarity_datasets\speechocean762\WAVE\SPEAKER1027\010270238.WAV,MAYBE THIS WILL BE THE DAY,10,10.0,9,9,9
train,010270265,1027,m,37,C:\Users\azizg\Desktop\pfe-d\data\clarity_datasets\speechocean762\WAVE\SPEAKER1027\010270265.WAV,THIS IS NOT A SERIOUS PROBLEM,9,10.0,9,9,9
train,010270268,1027,m,37,C:\Users\azizg\Desktop\pfe-d\data\clarity_datasets\speechocean762\WAVE\SPEAKER1027\010270268.WAV,I WANT TO BE ABLE TO START MY OWN PROJECTS,9,10.0,9,9,9
train,010270294,1027,m,37,C:\Users\azizg\Desktop\pfe-d\data\clarity_datasets\speechocean762\WAVE\SPEAKER1027\010270294.WAV,AND YES AT THE SAME TIME,9,10.0,9,9,8
train,010270301,1027,m,37,C:\Users\azizg\Desktop\pfe-d\data\clarity_datasets\speechocean762\WAVE\SPEAKER1027\010270301.WAV,YOU HAVE TO LEAVE THE HOUSE PLEASE,8,10.0,9,9,8
train,010270306,1027,m,37,C:\Users\azizg\Desktop\pfe-d\data\clarity_datasets\speechocean762\WAVE\SPEAKER1027\010270306.WAV,THEN HE RETURNED TO HER AND DEMANDED SOMETHING TO EAT,9,10.0,10,9,8
train,010270314,1027,m,37,C:\Users\azizg\Desktop\pfe-d\data\clarity_datasets\speechocean762\WAVE\SPEAKER1027\010270314.WAV,HE WANTED ME ON THIS JOB,9,10.0,9,9,9
train,010270349,1027,m,37,C:\Users\azizg\Desktop\pfe-d\data\clarity_datasets\speechocean762\WAVE\SPEAKER1027\010270349.WAV,THE UNCLE MUST BE VERY RICH INDEED,9,10.0,9,9,9
train,010270354,1027,m,37,C:\Users\azizg\Desktop\pfe-d\data\clarity_datasets\speechocean762\WAVE\SPEAKER1027\010270354.WAV,I THINK IT'S QUITE PROPER,9,10.0,9,8,8
train,010270356,1027,m,37,C:\Users\azizg\Desktop\pfe-d\data\clarity_datasets\speechocean762\WAVE\SPEAKER1027\010270356.WAV,HERE WE ARE CAUGHT JUST AS THEY WERE BEFORE,9,10.0,9,8,8
train,010270366,1027,m,37,C:\Users\azizg\Desktop\pfe-d\data\clarity_datasets\speechocean762\WAVE\SPEAKER1027\010270366.WAV,IT WAS A TREAT TO SEE HER AT HER WORK,9,10.0,10,9,9
train,010270368,1027,m,37,C:\Users\azizg\Desktop\pfe-d\data\clarity_datasets\speechocean762\WAVE\SPEAKER1027\010270368.WAV,HER EYES MY DEAR BOY ARE SO BEAUTIFUL,9,10.0,9,9,9
train,010270377,1027,m,37,C:\Users\azizg\Desktop\pfe-d\data\clarity_datasets\speechocean762\WAVE\SPEAKER1027\010270377.WAV,AND THEY WOULD GET A FORMAL END TO THE CONFLICT,8,10.0,9,8,8
train,010290003,1029,m,31,C:\Users\azizg\Desktop\pfe-d\data\clarity_datasets\speechocean762\WAVE\SPEAKER1029\010290003.WAV,BUT THERE HAD BETTER NOT BE,9,10.0,9,8,8
train,010290066,1029,m,31,C:\Users\azizg\Desktop\pfe-d\data\clarity_datasets\speechocean762\WAVE\SPEAKER1029\010290066.WAV,HE LEFT BEHIND A WIFE AND A YOUNG SON,9,10.0,9,8,8
train,010290094,1029,m,31,C:\Users\azizg\Desktop\pfe-d\data\clarity_datasets\speechocean762\WAVE\SPEAKER1029\010290094.WAV,IT'S REALLY A GOOD ONE,10,10.0,10,9,9
train,010290096,1029,m,31,C:\Users\azizg\Desktop\pfe-d\data\clarity_datasets\speechocean762\WAVE\SPEAKER1029\010290096.WAV,A BLACK TRUCK STOPS IN FRONT OF YOU,9,10.0,10,10,9
train,010290123,1029,m,31,C:\Users\azizg\Desktop\pfe-d\data\clarity_datasets\speechocean762\WAVE\SPEAKER1029\010290123.WAV,THANK YOU FOR MAKING ME FEEL SO ALIVE,8,10.0,10,9,8
train,010290152,1029,m,31,C:\Users\azizg\Desktop\pfe-d\data\clarity_datasets\speechocean762\WAVE\SPEAKER1029\010290152.WAV,THIS ELECTION IS GOING TO BE A TURNING POINT,9,10.0,10,9,9
train,010290179,1029,m,31,C:\Users\azizg\Desktop\pfe-d\data\clarity_datasets\speechocean762\WAVE\SPEAKER1029\010290179.WAV,THIS ONE IS FOR THE ARMY,9,10.0,10,9,9
train,010290189,1029,m,31,C:\Users\azizg\Desktop\pfe-d\data\clarity_datasets\speechocean762\WAVE\SPEAKER1029\010290189.WAV,YOU THINK THAT THIS IS OKAY,9,10.0,10,9,9
train,010290229,1029,m,31,C:\Users\azizg\Desktop\pfe-d\data\clarity_datasets\speechocean762\WAVE\SPEAKER1029\010290229.WAV,TO SWIM OR NOT TO SWIM,10,10.0,10,9,9
train,010290236,1029,m,31,C:\Users\azizg\Desktop\pfe-d\data\clarity_datasets\speechocean762\WAVE\SPEAKER1029\010290236.WAV,BUT IT'S NOT THE LIGHT TIME IS IT,10,10.0,9,9,9
train,010290252,1029,m,31,C:\Users\azizg\Desktop\pfe-d\data\clarity_datasets\speechocean762\WAVE\SPEAKER1029\010290252.WAV,ROUGH STAR TO THE YEAR BUT IT WILL GET BETTER,10,10.0,9,9,9
train,010290260,1029,m,31,C:\Users\azizg\Desktop\pfe-d\data\clarity_datasets\speechocean762\WAVE\SPEAKER1029\010290260.WAV,THIS IS VERY BIG DEAL,10,10.0,10,9,9
train,010290276,1029,m,31,C:\Users\azizg\Desktop\pfe-d\data\clarity_datasets\speechocean762\WAVE\SPEAKER1029\010290276.WAV,DO YOU KNOW WHY THEY CLOSED,10,10.0,10,10,9
train,010290287,1029,m,31,C:\Users\azizg\Desktop\pfe-d\data\clarity_datasets\speechocean762\WAVE\SPEAKER1029\010290287.WAV,WHY IS THE BEST PLACE TO WORK,10,10.0,10,10,9
train,010290294,1029,m,31,C:\Users\azizg\Desktop\pfe-d\data\clarity_datasets\speechocean762\WAVE\SPEAKER1029\010290294.WAV,MOVE ON TO THE NEXT FISH,9,10.0,10,10,9
train,010290320,1029,m,31,C:\Users\azizg\Desktop\pfe-d\data\clarity_datasets\speechocean762\WAVE\SPEAKER1029\010290320.WAV,I MUST MAKE THE ATTACK FROM THE OTHER SIDE,9,10.0,10,10,9
train,010290330,1029,m,31,C:\Users\azizg\Desktop\pfe-d\data\clarity_datasets\speechocean762\WAVE\SPEAKER1029\010290330.WAV,BUT YOU MUST WAIT TILL HE COMES BACK,9,10.0,10,10,9
train,010290341,1029,m,31,C:\Users\azizg\Desktop\pfe-d\data\clarity_datasets\speechocean762\WAVE\SPEAKER1029\010290341.WAV,NOTHING COMES FROM A SINGLE CAUSE BUT FROM MANY,9,10.0,10,10,9
train,010290361,1029,m,31,C:\Users\azizg\Desktop\pfe-d\data\clarity_datasets\speechocean762\WAVE\SPEAKER1029\010290361.WAV,BUT THE WORK WAS VERY HARD AND HOT,8,10.0,10,9,8
train,010290362,1029,m,31,C:\Users\azizg\Desktop\pfe-d\data\clarity_datasets\speechocean762\WAVE\SPEAKER1029\010290362.WAV,THAT'S THE WAY IT IS MY SON,9,10.0,10,9,8
train,010330026,1033,m,30,C:\Users\azizg\Desktop\pfe-d\data\clarity_datasets\speechocean762\WAVE\SPEAKER1033\010330026.WAV,WE HAD ONE DRIVE THE WHOLE GAME FOR SCORE,9,10.0,10,9,9
train,010330033,1033,m,30,C:\Users\azizg\Desktop\pfe-d\data\clarity_datasets\speechocean762\WAVE\SPEAKER1033\010330033.WAV,THERE'S NO TIME TO WASTE,8,10.0,9,8,8
train,010330035,1033,m,30,C:\Users\azizg\Desktop\pfe-d\data\clarity_datasets\speechocean762\WAVE\SPEAKER1033\010330035.WAV,IT MAKES MORE SENSE THAN GOING TO WAR,9,10.0,9,9,9
train,010330052,1033,m,30,C:\Users\azizg\Desktop\pfe-d\data\clarity_datasets\speechocean762\WAVE\SPEAKER1033\010330052.WAV,CONGRESS WOULD MAKE THE FINAL DESIGNATION,8,10.0,9,9,8
train,010330053,1033,m,30,C:\Users\azizg\Desktop\pfe-d\data\clarity_datasets\speechocean762\WAVE\SPEAKER1033\010330053.WAV,SHE KNOWS HE LOVES HER AND SHE LOVES HIM,9,10.0,9,9,9
train,010330085,1033,m,30,C:\Users\azizg\Desktop\pfe-d\data\clarity_datasets\speechocean762\WAVE\SPEAKER1033\010330085.WAV,PRIDE IN THE COUNTRY WAS ALSO DOWN,9,10.0,9,9,9
train,010330103,1033,m,30,C:\Users\azizg\Desktop\pfe-d\data\clarity_datasets\speechocean762\WAVE\SPEAKER1033\010330103.WAV,SOMETHING ALWAYS SEEM TO HAPPEN TO HER,9,10.0,9,9,9
train,010330129,1033,m,30,C:\Users\azizg\Desktop\pfe-d\data\clarity_datasets\speechocean762\WAVE\SPEAKER1033\010330129.WAV,BECAUSE I KNOW I NEED MORE THAN WHAT I HAVE,8,10.0,10,9,8
train,010330139,1033,m,30,C:\Users\azizg\Desktop\pfe-d\data\clarity_datasets\speechocean762\WAVE\SPEAKER1033\010330139.WAV,IN ORDER TO WORK EFFECTIVELY YOU NEED TO BE ORGANIZE,9,10.0,9,9,8
train,010330147,1033,m,30,C:\Users\azizg\Desktop\pfe-d\data\clarity_datasets\speechocean762\WAVE\SPEAKER1033\010330147.WAV,CAN WE GET BACK TO THEN,9,10.0,9,9,9
train,010330197,1033,m,30,C:\Users\azizg\Desktop\pfe-d\data\clarity_datasets\speechocean762\WAVE\SPEAKER1033\010330197.WAV,IT'S A GOOD THING THAT THE GOVERNMENT IS LISTENING,9,10.0,10,9,9
train,010330206,1033,m,30,C:\Users\azizg\Desktop\pfe-d\data\clarity_datasets\speechocean762\WAVE\SPEAKER1033\010330206.WAV,WAS THERE REASON FOR THAT PARTICULAR AMOUNT OF VIEWINGS,9,10.0,9,9,9
train,010330235,1033,m,30,C:\Users\azizg\Desktop\pfe-d\data\clarity_datasets\speechocean762\WAVE\SPEAKER1033\010330235.WAV,HIT THE HEAD ON THE NAIL,8,10.0,9,8,8
train,010330241,1033,m,30,C:\Users\azizg\Desktop\pfe-d\data\clarity_datasets\speechocean762\WAVE\SPEAKER1033\010330241.WAV,ABOUT TO GET IN MY BED,9,10.0,9,9,9
train,010330257,1033,m,30,C:\Users\azizg\Desktop\pfe-d\data\clarity_datasets\speechocean762\WAVE\SPEAKER1033\010330257.WAV,IF HE WANTED TO BE HERE HE WOULD BE,9,10.0,9,9,9
train,010330268,1033,m,30,C:\Users\azizg\Desktop\pfe-d\data\clarity_datasets\speechocean762\WAVE\SPEAKER1033\010330268.WAV,SO A LONG TIME AGO THIS HAPPENED,9,10.0,9,9,9
train,010330277,1033,m,30,C:\Users\azizg\Desktop\pfe-d\data\clarity_datasets\speechocean762\WAVE\SPEAKER1033\010330277.WAV,IT WOULD BE FUNNY IF IT WERE NOT SO SAD,9,10.0,9,8,8
train,010330325,1033,m,30,C:\Users\azizg\Desktop\pfe-d\data\clarity_datasets\speechocean762\WAVE\SPEAKER1033\010330325.WAV,EVERY ONE AT SAME MOMENT LOOKED AT IT,9,10.0,9,8,8
train,010330345,1033,m,30,C:\Users\azizg\Desktop\pfe-d\data\clarity_datasets\speechocean762\WAVE\SPEAKER1033\010330345.WAV,GIVE ME SOMETHING TO GO ON,9,10.0,10,9,9
train,010330346,1033,m,30,C:\Users\azizg\Desktop\pfe-d\data\clarity_datasets\speechocean762\WAVE\SPEAKER1033\010330346.WAV,AND NO ONE WOULD CARE ENOUGH TO COME LOOKING,9,10.0,9,9,9
train,010440006,1044,f,7,C:\Users\azizg\Desktop\pfe-d\data\clarity_datasets\speechocean762\WAVE\SPEAKER1044\010440006.WAV,MANDY IS GOING TO SEE SHARK,8,10.0,8,8,8
train,010440008,1044,f,7,C:\Users\azizg\Desktop\pfe-d\data\clarity_datasets\speechocean762\WAVE\SPEAKER1044\010440008.WAV,DAVID CAN PAINT THE DONKEY,8,10.0,7,7,7
train,010440012,1044,f,7,C:\Users\azizg\Desktop\pfe-d\data\clarity_datasets\speechocean762\WAVE\SPEAKER1044\010440012.WAV,ANDY RAN AWAY FROM THE SQUID,8,10.0,7,7,7
train,010440017,1044,f,7,C:\Users\azizg\Desktop\pfe-d\data\clarity_datasets\speechocean762\WAVE\SPEAKER1044\010440017.WAV,TIM WENT TO SEE KILLER,9,10.0,8,8,8
train,010440038,1044,f,7,C:\Users\azizg\Desktop\pfe-d\data\clarity_datasets\speechocean762\WAVE\SPEAKER1044\010440038.WAV,SEVEN FOUR ONE TWO,10,10.0,9,10,9
train,010440039,1044,f,7,C:\Users\azizg\Desktop\pfe-d\data\clarity_datasets\speechocean762\WAVE\SPEAKER1044\010440039.WAV,THREE SIX FOUR SEVEN,8,10.0,9,9,8
train,010440053,1044,f,7,C:\Users\azizg\Desktop\pfe-d\data\clarity_datasets\speechocean762\WAVE\SPEAKER1044\010440053.WAV,DAVID IS AN EXPERT AT AMERICAN FOOTBALL,9,10.0,9,8,8
train,010440064,1044,f,7,C:\Users\azizg\Desktop\pfe-d\data\clarity_datasets\speechocean762\WAVE\SPEAKER1044\010440064.WAV,DOES NEIL LIKE THE NOODLES,8,10.0,9,8,8
train,010440077,1044,f,7,C:\Users\azizg\Desktop\pfe-d\data\clarity_datasets\speechocean762\WAVE\SPEAKER1044\010440077.WAV,LET'S DRAW JACK'S ARM,8,10.0,8,7,7
train,010440093,1044,f,7,C:\Users\azizg\Desktop\pfe-d\data\clarity_datasets\speechocean762\WAVE\SPEAKER1044\010440093.WAV,HERE IS LAYLA'S CLOTH,7,10.0,9,8,7
train,010440099,1044,f,7,C:\Users\azizg\Desktop\pfe-d\data\clarity_datasets\speechocean762\WAVE\SPEAKER1044\010440099.WAV,WHAT OUT THE CAR,9,10.0,9,8,9
train,010440106,1044,f,7,C:\Users\azizg\Desktop\pfe-d\data\clarity_datasets\speechocean762\WAVE\SPEAKER1044\010440106.WAV,SO NEIL WENT ON TO STUDY,8,10.0,7,7,8
train,010440107,1044,f,7,C:\Users\azizg\Desktop\pfe-d\data\clarity_datasets\speechocean762\WAVE\SPEAKER1044\010440107.WAV,THEN PETER WALKED TO THEM PARK,8,10.0,7,8,7
train,010440117,1044,f,7,C:\Users\azizg\Desktop\pfe-d\data\clarity_datasets\speechocean762\WAVE\SPEAKER1044\010440117.WAV,THEN DAVID WALKED TO PARK,9,10.0,8,8,8
train,010440119,1044,f,7,C:\Users\azizg\Desktop\pfe-d\data\clarity_datasets\speechocean762\WAVE\SPEAKER1044\010440119.WAV,TINA IS DRAWING THE MUSHROOM,8,10.0,7,7,8
train,010440120,1044,f,7,C:\Users\azizg\Desktop\pfe-d\data\clarity_datasets\speechocean762\WAVE\SPEAKER1044\010440120.WAV,JAYME LOVES POTATO,9,10.0,8,8,8
train,010440127,1044,f,7,C:\Users\azizg\Desktop\pfe-d\data\clarity_datasets\speechocean762\WAVE\SPEAKER1044\010440127.WAV,LOWEN THIS IS CARROT,8,10.0,8,8,8
train,010440149,1044,f,7,C:\Users\azizg\Desktop\pfe-d\data\clarity_datasets\speechocean762\WAVE\SPEAKER1044\010440149.WAV,CAN I SEE YOUR BOY,9,10.0,9,9,9
train,010440150,1044,f,7,C:\Users\azizg\Desktop\pfe-d\data\clarity_datasets\speechocean762\WAVE\SPEAKER1044\010440150.WAV,LOOK AT THE OLD HOUSE,9,10.0,10,9,9
train,010440154,1044,f,7,C:\Users\azizg\Desktop\pfe-d\data\clarity_datasets\speechocean762\WAVE\SPEAKER1044\010440154.WAV,YOU ARE NOT GOING,9,10.0,9,8,9
train,010640005,1064,m,26,C:\Users\azizg\Desktop\pfe-d\data\clarity_datasets\speechocean762\WAVE\SPEAKER1064\010640005.WAV,I HAD TO LOVE HERE SIX YEAR TO DO IT,8,10.0,8,7,7
train,010640017,1064,m,26,C:\Users\azizg\Desktop\pfe-d\data\clarity_datasets\speechocean762\WAVE\SPEAKER1064\010640017.WAV,IF YOU HAVE TO ORDER HE WILL MISS THE SEASON,8,10.0,8,7,7
train,010640028,1064,m,26,C:\Users\azizg\Desktop\pfe-d\data\clarity_datasets\speechocean762\WAVE\SPEAKER1064\010640028.WAV,I WAS SICK AND TRIED OF HEARING ABOUT IT,8,10.0,7,7,7
train,010640034,1064,m,26,C:\Users\azizg\Desktop\pfe-d\data\clarity_datasets\speechocean762\WAVE\SPEAKER1064\010640034.WAV,NINE PEOPLE ON THE GROUND WE KID,8,10.0,6,7,7
train,010640036,1064,m,26,C:\Users\azizg\Desktop\pfe-d\data\clarity_datasets\speechocean762\WAVE\SPEAKER1064\010640036.WAV,BUT I HAVE TO LOOK FOR SOMETHING ELSE TO DO,8,10.0,8,7,7
train,010640056,1064,m,26,C:\Users\azizg\Desktop\pfe-d\data\clarity_datasets\speechocean762\WAVE\SPEAKER1064\010640056.WAV,WHAT KIND OF EXPERIENCE IS THAT FOR A KID,6,10.0,7,6,5
train,010640082,1064,m,26,C:\Users\azizg\Desktop\pfe-d\data\clarity_datasets\speechocean762\WAVE\SPEAKER1064\010640082.WAV,WHY IS THIS A GOOD IDEA,7,10.0,7,7,7
train,010640098,1064,m,26,C:\Users\azizg\Desktop\pfe-d\data\clarity_datasets\speechocean762\WAVE\SPEAKER1064\010640098.WAV,THAT'S PART OF MY JOB,8,10.0,8,7,7
train,010640166,1064,m,26,C:\Users\azizg\Desktop\pfe-d\data\clarity_datasets\speechocean762\WAVE\SPEAKER1064\010640166.WAV,COFFEE IN THE MORNING IS A BEAUTIFUL THING,8,10.0,8,7,7
train,010640210,1064,m,26,C:\Users\azizg\Desktop\pfe-d\data\clarity_datasets\speechocean762\WAVE\SPEAKER1064\010640210.WAV,YOU WILL ALWAYS BE TO BEST FOR ME,8,10.0,6,7,7
train,010640212,1064,m,26,C:\Users\azizg\Desktop\pfe-d\data\clarity_datasets\speechocean762\WAVE\SPEAKER1064\010640212.WAV,FALL IN LOVE WITH YOUR PURPOSE,8,10.0,7,7,7
train,010640242,1064,m,26,C:\Users\azizg\Desktop\pfe-d\data\clarity_datasets\speechocean762\WAVE\SPEAKER1064\010640242.WAV,AND IT WAS TOO FUNNY,8,10.0,8,8,8
train,010640250,1064,m,26,C:\Users\azizg\Desktop\pfe-d\data\clarity_datasets\speechocean762\WAVE\SPEAKER1064\010640250.WAV,MY TIME TO DO IN RIGHT TIME,9,10.0,8,7,8
train,010640277,1064,m,26,C:\Users\azizg\Desktop\pfe-d\data\clarity_datasets\speechocean762\WAVE\SPEAKER1064\010640277.WAV,FALL IN LOVE WITH NOW YOU,8,10.0,8,8,8
train,010640280,1064,m,26,C:\Users\azizg\Desktop\pfe-d\data\clarity_datasets\speechocean762\WAVE\SPEAKER1064\010640280.WAV,I THINK IT'S TIME WE HAVE ALMOST IN ON SEE,8,10.0,7,7,7
train,010640284,1064,m,26,C:\Users\azizg\Desktop\pfe-d\data\clarity_datasets\speechocean762\WAVE\SPEAKER1064\010640284.WAV,TODAY MIGHT BIT GOOD DAY,8,10.0,8,7,8
train,010640286,1064,m,26,C:\Users\azizg\Desktop\pfe-d\data\clarity_datasets\speechocean762\WAVE\SPEAKER1064\010640286.WAV,IT'S GOING TO BE A WORD ONE,8,10.0,8,8,8
train,010640297,1064,m,26,C:\Users\azizg\Desktop\pfe-d\data\clarity_datasets\speechocean762\WAVE\SPEAKER1064\010640297.WAV,HOPE YOU WILL LET ME DO IT FOR YOU,7,10.0,7,6,7
train,010640314,1064,m,26,C:\Users\azizg\Desktop\pfe-d\data\clarity_datasets\speechocean762\WAVE\SPEAKER1064\010640314.WAV,IT'S YOU O'CLOCK IN THE AFTERNOON,8,10.0,8,7,7
train,010640366,1064,m,26,C:\Users\azizg\Desktop\pfe-d\data\clarity_datasets\speechocean762\WAVE\SPEAKER1064\010640366.WAV,WHY CHILD THERE WAS NO MORE HARM IN THE THAN,6,10.0,7,7,5
train,010920012,1092,m,8,C:\Users\azizg\Desktop\pfe-d\data\clarity_datasets\speechocean762\WAVE\SPEAKER1092\010920012.WAV,LILLY CAN SEE THE PANDA,8,10.0,6,7,7
train,010920024,1092,m,8,C:\Users\azizg\Desktop\pfe-d\data\clarity_datasets\speechocean762\WAVE\SPEAKER1092\010920024.WAV,MANDY LIVE IN BRITAIN,7,10.0,7,6,6
train,010920025,1092,m,8,C:\Users\azizg\Desktop\pfe-d\data\clarity_datasets\speechocean762\WAVE\SPEAKER1092\010920025.WAV,TIM IS A FRIEND FROM GERMAN,6,10.0,6,6,5
train,010920030,1092,m,8,C:\Users\azizg\Desktop\pfe-d\data\clarity_datasets\speechocean762\WAVE\SPEAKER1092\010920030.WAV,EIGHT FIVE THREE TWO,8,10.0,8,6,7
train,010920032,1092,m,8,C:\Users\azizg\Desktop\pfe-d\data\clarity_datasets\speechocean762\WAVE\SPEAKER1092\010920032.WAV,FIVE NINE SEVEN SEVEN,8,10.0,8,7,7
train,010920033,1092,m,8,C:\Users\azizg\Desktop\pfe-d\data\clarity_datasets\speechocean762\WAVE\SPEAKER1092\010920033.WAV,ONE FIVE FOUR EIGHT,7,10.0,9,6,6
train,010920043,1092,m,8,C:\Users\azizg\Desktop\pfe-d\data\clarity_datasets\speechocean762\WAVE\SPEAKER1092\010920043.WAV,FOUR THREE SEVEN ZERO,8,10.0,8,7,7
train,010920044,1092,m,8,C:\Users\azizg\Desktop\pfe-d\data\clarity_datasets\speechocean762\WAVE\SPEAKER1092\010920044.WAV,FOUR NINE ONE THREE,8,10.0,8,7,8
train,010920065,1092,m,8,C:\Users\azizg\Desktop\pfe-d\data\clarity_datasets\speechocean762\WAVE\SPEAKER1092\010920065.WAV,JAYME SMELLS FRESH FISH,6,10.0,7,7,6
train,010920070,1092,m,8,C:\Users\azizg\Desktop\pfe-d\data\clarity_datasets\speechocean762\WAVE\SPEAKER1092\010920070.WAV,JACK SMELLS FRESH CHICKEN,6,10.0,7,7,6
train,010920075,1092,m,8,C:\Users\azizg\Desktop\pfe-d\data\clarity_datasets\speechocean762\WAVE\SPEAKER1092\010920075.WAV,TINA HAS A BIG TEA,8,10.0,8,8,8
train,010920101,1092,m,8,C:\Users\azizg\Desktop\pfe-d\data\clarity_datasets\speechocean762\WAVE\SPEAKER1092\010920101.WAV,LAYLA CAN SEE THE VAN,8,10.0,8,8,8
train,010920105,1092,m,8,C:\Users\azizg\Desktop\pfe-d\data\clarity_datasets\speechocean762\WAVE\SPEAKER1092\010920105.WAV,THEN JACK WALKED TO HOSPITAL,7,10.0,6,6,7
train,010920125,1092,m,8,C:\Users\azizg\Desktop\pfe-d\data\clarity_datasets\speechocean762\WAVE\SPEAKER1092\010920125.WAV,HENNY WOULD YOU LIKE TO GROW CARROT,4,10.0,6,6,4
train,010920126,1092,m,8,C:\Users\azizg\Desktop\pfe-d\data\clarity_datasets\speechocean762\WAVE\SPEAKER1092\010920126.WAV,MARY WOULD YOU LIKE TO GREY LEEK,7,10.0,7,6,7
train,010920138,1092,m,8,C:\Users\azizg\Desktop\pfe-d\data\clarity_datasets\speechocean762\WAVE\SPEAKER1092\010920138.WAV,LYNDA WASHED THE CHINESE CABBAGE,6,10.0,6,6,5
train,010920141,1092,m,8,C:\Users\azizg\Desktop\pfe-d\data\clarity_datasets\speechocean762\WAVE\SPEAKER1092\010920141.WAV,MARY IS NOT A REALLY ACTOR,8,10.0,7,6,7
train,010920153,1092,m,8,C:\Users\azizg\Desktop\pfe-d\data\clarity_datasets\speechocean762\WAVE\SPEAKER1092\010920153.WAV,AM I YOUR BIRD,7,10.0,7,7,7
train,010920159,1092,m,8,C:\Users\azizg\Desktop\pfe-d\data\clarity_datasets\speechocean762\WAVE\SPEAKER1092\010920159.WAV,MY MOTHER IS IN A RED DRESS,8,10.0,8,7,7
train,010920165,1092,m,8,C:\Users\azizg\Desktop\pfe-d\data\clarity_datasets\speechocean762\WAVE\SPEAKER1092\010920165.WAV,I CAN DO IT,8,10.0,7,6,8
train,011970004,1197,m,7,C:\Users\azizg\Desktop\pfe-d\data\clarity_datasets\speechocean762\WAVE\SPEAKER1197\011970004.WAV,JACK CAN PAIN THE DEER,7,10.0,7,7,7
train,011970006,1197,m,7,C:\Users\azizg\Desktop\pfe-d\data\clarity_datasets\speechocean762\WAVE\SPEAKER1197\011970006.WAV,SO BETTY WENT TO FIND THE SHEEP,8,10.0,6,6,7
train,011970019,1197,m,7,C:\Users\azizg\Desktop\pfe-d\data\clarity_datasets\speechocean762\WAVE\SPEAKER1197\011970019.WAV,LISA CAN PEN THE BEAR,8,10.0,7,7,7
train,011970023,1197,m,7,C:\Users\azizg\Desktop\pfe-d\data\clarity_datasets\speechocean762\WAVE\SPEAKER1197\011970023.WAV,LYNDA IS A FRIEND FROM BRITAIN,8,10.0,6,6,7
train,011970036,1197,m,7,C:\Users\azizg\Desktop\pfe-d\data\clarity_datasets\speechocean762\WAVE\SPEAKER1197\011970036.WAV,SIX NINE THREE,9,10.0,9,9,9
train,011970042,1197,m,7,C:\Users\azizg\Desktop\pfe-d\data\clarity_datasets\speechocean762\WAVE\SPEAKER1197\011970042.WAV,NINE SIX SIX ONE,9,10.0,9,9,9
train,011970075,1197,m,7,C:\Users\azizg\Desktop\pfe-d\data\clarity_datasets\speechocean762\WAVE\SPEAKER1197\011970075.WAV,LOOK AT MANDY'S NECK,9,10.0,8,8,8
train,011970081,1197,m,7,C:\Users\azizg\Desktop\pfe-d\data\clarity_datasets\speechocean762\WAVE\SPEAKER1197\011970081.WAV,LET'S DRAW JIM'S EYE,8,10.0,7,7,7
train,011970087,1197,m,7,C:\Users\azizg\Desktop\pfe-d\data\clarity_datasets\speechocean762\WAVE\SPEAKER1197\011970087.WAV,JAYME NEEDS NEW BOOTS,7,10.0,7,7,7
train,011970088,1197,m,7,C:\Users\azizg\Desktop\pfe-d\data\clarity_datasets\speechocean762\WAVE\SPEAKER1197\011970088.WAV,LYNDA NEEDS NEW SHOES,8,10.0,7,7,7
train,011970092,1197,m,7,C:\Users\azizg\Desktop\pfe-d\data\clarity_datasets\speechocean762\WAVE\SPEAKER1197\011970092.WAV,LOOK AT MARY'S COAT,8,10.0,7,7,7
train,011970095,1197,m,7,C:\Users\azizg\Desktop\pfe-d\data\clarity_datasets\speechocean762\WAVE\SPEAKER1197\011970095.WAV,JACK LIKES YOUR RED JACKET,9,10.0,7,7,8
train,011970107,1197,m,7,C:\Users\azizg\Desktop\pfe-d\data\clarity_datasets\speechocean762\WAVE\SPEAKER1197\011970107.WAV,SO LISA WENT ON TO PLAYGROUND,8,10.0,7,7,7
train,011970132,1197,m,7,C:\Users\azizg\Desktop\pfe-d\data\clarity_datasets\speechocean762\WAVE\SPEAKER1197\011970132.WAV,LOWEN IS DRAWING THE PUMPKIN,7,10.0,6,7,6
train,011970141,1197,m,7,C:\Users\azizg\Desktop\pfe-d\data\clarity_datasets\speechocean762\WAVE\SPEAKER1197\011970141.WAV,I'M NOT A REAL SALESPERSON,8,10.0,7,7,7
train,011970142,1197,m,7,C:\Users\azizg\Desktop\pfe-d\data\clarity_datasets\speechocean762\WAVE\SPEAKER1197\011970142.WAV,MARY IS NOT A REAL ACTOR,9,10.0,7,7,8
train,011970145,1197,m,7,C:\Users\azizg\Desktop\pfe-d\data\clarity_datasets\speechocean762\WAVE\SPEAKER1197\011970145.WAV,JACK LIKES THE SCIENCE CLASS AT SCHOOL,8,10.0,7,7,7
train,011970165,1197,m,7,C:\Users\azizg\Desktop\pfe-d\data\clarity_datasets\speechocean762\WAVE\SPEAKER1197\011970165.WAV,ARE YOU GOING IN NOW,8,10.0,8,8,8
train,011970173,1197,m,7,C:\Users\azizg\Desktop\pfe-d\data\clarity_datasets\speechocean762\WAVE\SPEAKER1197\011970173.WAV,THAT WE'RE HAPPY,8,10.0,9,8,8
train,011970175,1197,m,7,C:\Users\azizg\Desktop\pfe-d\data\clarity_datasets\speechocean762\WAVE\SPEAKER1197\011970175.WAV,AND HERE AM I AND HERE ARE YOU,8,10.0,7,7,7
train,012030007,1203,m,7,C:\Users\azizg\Desktop\pfe-d\data\clarity_datasets\speechocean762\WAVE\SPEAKER1203\012030007.WAV,LILLY WENT TO SEE FISH,9,10.0,7,8,8
train,012030010,1203,m,7,C:\Users\azizg\Desktop\pfe-d\data\clarity_datasets\speechocean762\WAVE\SPEAKER1203\012030010.WAV,LUCY RAN AWAY FROM THE FISH,8,10.0,8,8,8
train,012030013,1203,m,7,C:\Users\azizg\Desktop\pfe-d\data\clarity_datasets\speechocean762\WAVE\SPEAKER1203\012030013.WAV,SANDY CAN PAINT THE CAT,7,10.0,7,8,7
train,012030024,1203,m,7,C:\Users\azizg\Desktop\pfe-d\data\clarity_datasets\speechocean762\WAVE\SPEAKER1203\012030024.WAV,PETER LOVES CANADA,8,10.0,9,8,8
train,012030027,1203,m,7,C:\Users\azizg\Desktop\pfe-d\data\clarity_datasets\speechocean762\WAVE\SPEAKER1203\012030027.WAV,CASEY IS A FRIEND FROM CANADA,8,10.0,8,8,7
train,012030031,1203,m,7,C:\Users\azizg\Desktop\pfe-d\data\clarity_datasets\speechocean762\WAVE\SPEAKER1203\012030031.WAV,FOUR TWO ONE THREE,9,10.0,9,9,9
train,012030032,1203,m,7,C:\Users\azizg\Desktop\pfe-d\data\clarity_datasets\speechocean762\WAVE\SPEAKER1203\012030032.WAV,NINE NINE TWO SIX,8,10.0,9,8,8
train,012030036,1203,m,7,C:\Users\azizg\Desktop\pfe-d\data\clarity_datasets\speechocean762\WAVE\SPEAKER1203\012030036.WAV,FIVE NINE FIVE THREE,8,10.0,9,8,8
train,012030043,1203,m,7,C:\Users\azizg\Desktop\pfe-d\data\clarity_datasets\speechocean762\WAVE\SPEAKER1203\012030043.WAV,SIX ONE SEVEN SIX,10,10.0,10,9,9
train,012030044,1203,m,7,C:\Users\azizg\Desktop\pfe-d\data\clarity_datasets\speechocean762\WAVE\SPEAKER1203\012030044.WAV,SIX THREE SEVEN NINE,9,10.0,9,9,9
train,012030053,1203,m,7,C:\Users\azizg\Desktop\pfe-d\data\clarity_datasets\speechocean762\WAVE\SPEAKER1203\012030053.WAV,LILLY IS AN EXPERT AT GOLF,7,10.0,9,8,6
train,012030055,1203,m,7,C:\Users\azizg\Desktop\pfe-d\data\clarity_datasets\speechocean762\WAVE\SPEAKER1203\012030055.WAV,HE IS GOOD AT AMERICAN FOOTBALL,8,10.0,8,7,7
train,012030058,1203,m,7,C:\Users\azizg\Desktop\pfe-d\data\clarity_datasets\speechocean762\WAVE\SPEAKER1203\012030058.WAV,MARY AT A LITTLE EGG,8,10.0,8,7,7
train,012030072,1203,m,7,C:\Users\azizg\Desktop\pfe-d\data\clarity_datasets\speechocean762\WAVE\SPEAKER1203\012030072.WAV,LOOK AT MY MOUTH,8,10.0,8,8,8
train,012030078,1203,m,7,C:\Users\azizg\Desktop\pfe-d\data\clarity_datasets\speechocean762\WAVE\SPEAKER1203\012030078.WAV,BY CASEY MOUTH,8,10.0,9,8,7
train,012030083,1203,m,7,C:\Users\azizg\Desktop\pfe-d\data\clarity_datasets\speechocean762\WAVE\SPEAKER1203\012030083.WAV,BET LIKES YOUR BLUE JAZZ,8,10.0,8,8,8
train,012030093,1203,m,7,C:\Users\azizg\Desktop\pfe-d\data\clarity_datasets\speechocean762\WAVE\SPEAKER1203\012030093.WAV,HERE IS BETTY'S SCARE,8,10.0,8,9,8
train,012030097,1203,m,7,C:\Users\azizg\Desktop\pfe-d\data\clarity_datasets\speechocean762\WAVE\SPEAKER1203\012030097.WAV,MISS GOT ON THE SHIP,9,10.0,8,8,8
train,012030116,1203,m,7,C:\Users\azizg\Desktop\pfe-d\data\clarity_datasets\speechocean762\WAVE\SPEAKER1203\012030116.WAV,SO PETER WAIT INTO THE HOSPITAL,8,10.0,8,8,8
train,012030138,1203,m,7,C:\Users\azizg\Desktop\pfe-d\data\clarity_datasets\speechocean762\WAVE\SPEAKER1203\012030138.WAV,LUCY LOVE POT TOWEL,8,10.0,7,8,7
train,012600017,1260,m,25,C:\Users\azizg\Desktop\pfe-d\data\clarity_datasets\speechocean762\WAVE\SPEAKER1260\012600017.WAV,A NEW TRACK IS PLANNED FOR THE FUTURE,7,10.0,7,7,7
train,012600072,1260,m,25,C:\Users\azizg\Desktop\pfe-d\data\clarity_datasets\speechocean762\WAVE\SPEAKER1260\012600072.WAV,WE WILL CONTINUE TO FIGHT THIS,8,10.0,6,6,7
train,012600082,1260,m,25,C:\Users\azizg\Desktop\pfe-d\data\clarity_datasets\speechocean762\WAVE\SPEAKER1260\012600082.WAV,THE UNITED STATES IS LIVING ON ITS PASTS,8,10.0,8,8,8
train,012600129,1260,m,25,C:\Users\azizg\Desktop\pfe-d\data\clarity_datasets\speechocean762\WAVE\SPEAKER1260\012600129.WAV,THAT PUT ME IN SUCH A GOOD MOOD,7,10.0,7,7,7
train,012600131,1260,m,25,C:\Users\azizg\Desktop\pfe-d\data\clarity_datasets\speechocean762\WAVE\SPEAKER1260\012600131.WAV,HAVE A LITTLE BIT OF FAITH LOVE,8,10.0,8,7,8
train,012600177,1260,m,25,C:\Users\azizg\Desktop\pfe-d\data\clarity_datasets\speechocean762\WAVE\SPEAKER1260\012600177.WAV,SHE IS OUT OF THIS WORLD,7,10.0,8,7,7
train,012600186,1260,m,25,C:\Users\azizg\Desktop\pfe-d\data\clarity_datasets\speechocean762\WAVE\SPEAKER1260\012600186.WAV,WELL THAT WAS A BAD PERIOD,8,10.0,7,7,7
train,012600210,1260,m,25,C:\Users\azizg\Desktop\pfe-d\data\clarity_datasets\speechocean762\WAVE\SPEAKER1260\012600210.WAV,APRIL IS OVER THEY OVER AND THEY RESULTS ARE IN,8,10.0,7,6,7
train,012600219,1260,m,25,C:\Users\azizg\Desktop\pfe-d\data\clarity_datasets\speechocean762\WAVE\SPEAKER1260\012600219.WAV,FEELING A LITTLE TOO SAD,8,10.0,7,7,7
train,012600224,1260,m,25,C:\Users\azizg\Desktop\pfe-d\data\clarity_datasets\speechocean762\WAVE\SPEAKER1260\012600224.WAV,WAIT YOU HAVE A CALLED,9,10.0,7,7,8
train,012600251,1260,m,25,C:\Users\azizg\Desktop\pfe-d\data\clarity_datasets\speechocean762\WAVE\SPEAKER1260\012600251.WAV,LESS THAN A WEEK AGO,7,10.0,8,7,7
train,012600252,1260,m,25,C:\Users\azizg\Desktop\pfe-d\data\clarity_datasets\speechocean762\WAVE\SPEAKER1260\012600252.WAV,PRIDE IS A HUGE PROBLEM,8,10.0,6,7,7
train,012600263,1260,m,25,C:\Users\azizg\Desktop\pfe-d\data\clarity_datasets\speechocean762\WAVE\SPEAKER1260\012600263.WAV,HE IS GOING TO END UP DEAD,8,10.0,7,7,7
train,012600281,1260,m,25,C:\Users\azizg\Desktop\pfe-d\data\clarity_datasets\speechocean762\WAVE\SPEAKER1260\012600281.WAV,REPEAT COULD HAPPEN TO ANY OF US,8,10.0,6,6,7
train,012600295,1260,m,25,C:\Users\azizg\Desktop\pfe-d\data\clarity_datasets\speechocean762\WAVE\SPEAKER1260\012600295.WAV,WHAT'S UP WITH THE CALLS,8,10.0,8,7,7
train,012600330,1260,m,25,C:\Users\azizg\Desktop\pfe-d\data\clarity_datasets\speechocean762\WAVE\SPEAKER1260\012600330.WAV,HE PUSHED THE IDEA AWAY,9,10.0,7,6,8
train,012600338,1260,m,25,C:\Users\azizg\Desktop\pfe-d\data\clarity_datasets\speechocean762\WAVE\SPEAKER1260\012600338.WAV,NOT BY A GOOD DEAL,8,10.0,7,7,7
train,012600345,1260,m,25,C:\Users\azizg\Desktop\pfe-d\data\clarity_datasets\speechocean762\WAVE\SPEAKER1260\012600345.WAV,WE PROFIT FROM THE WORK OF THE SPECIALISTS,7,10.0,7,7,7
train,012600357,1260,m,25,C:\Users\azizg\Desktop\pfe-d\data\clarity_datasets\speechocean762\WAVE\SPEAKER1260\012600357.WAV,AMONG RUSSIANS THERE ARE MANY SUCH,8,10.0,7,7,7
train,012600368,1260,m,25,C:\Users\azizg\Desktop\pfe-d\data\clarity_datasets\speechocean762\WAVE\SPEAKER1260\012600368.WAV,SHE'S ONE OF THESE WILD FELLOWS,8,10.0,7,7,7
train,013090018,1309,m,31,C:\Users\azizg\Desktop\pfe-d\data\clarity_datasets\speechocean762\WAVE\SPEAKER1309\013090018.WAV,SO OF COURSE I WAS PICKED ON,8,10.0,10,9,8
train,013090027,1309,m,31,C:\Users\azizg\Desktop\pfe-d\data\clarity_datasets\speechocean762\WAVE\SPEAKER1309\013090027.WAV,IT IS A CONTRADICTION IN TERMS,8,10.0,9,8,8
train,013090041,1309,m,31,C:\Users\azizg\Desktop\pfe-d\data\clarity_datasets\speechocean762\WAVE\SPEAKER1309\013090041.WAV,SHE HAD SUFFERED STROKES AND HEART FAILURE,9,10.0,9,9,8
train,013090051,1309,m,31,C:\Users\azizg\Desktop\pfe-d\data\clarity_datasets\speechocean762\WAVE\SPEAKER1309\013090051.WAV,HOWEVER THAT WAS THEN AND THIS IS NOW,8,10.0,8,8,7
train,013090076,1309,m,31,C:\Users\azizg\Desktop\pfe-d\data\clarity_datasets\speechocean762\WAVE\SPEAKER1309\013090076.WAV,AND WITHOUT FEAR OF BEING ARRESTED,8,10.0,8,8,8
train,013090105,1309,m,31,C:\Users\azizg\Desktop\pfe-d\data\clarity_datasets\speechocean762\WAVE\SPEAKER1309\013090105.WAV,I JUST WANT MY MONEY,9,10.0,8,8,8
train,013090128,1309,m,31,C:\Users\azizg\Desktop\pfe-d\data\clarity_datasets\speechocean762\WAVE\SPEAKER1309\013090128.WAV,THAT WAS THE BEFORE THIS IS THE AFTER,9,10.0,8,8,8
train,013090147,1309,m,31,C:\Users\azizg\Desktop\pfe-d\data\clarity_datasets\speechocean762\WAVE\SPEAKER1309\013090147.WAV,TOMORROW IS GOING TO BE A BIG DAY FOR ME,8,10.0,9,8,8
train,013090148,1309,m,31,C:\Users\azizg\Desktop\pfe-d\data\clarity_datasets\speechocean762\WAVE\SPEAKER1309\013090148.WAV,HOW DO YOU WIDE THE GAMES,8,10.0,10,9,8
train,013090160,1309,m,31,C:\Users\azizg\Desktop\pfe-d\data\clarity_datasets\speechocean762\WAVE\SPEAKER1309\013090160.WAV,I HAVE TO KEEP TELLING MYSELF THAT,8,10.0,9,8,8
train,013090179,1309,m,31,C:\Users\azizg\Desktop\pfe-d\data\clarity_datasets\speechocean762\WAVE\SPEAKER1309\013090179.WAV,SHE IS HIGH AS A KITE MOST OF THE TIME,9,10.0,10,9,8
train,013090181,1309,m,31,C:\Users\azizg\Desktop\pfe-d\data\clarity_datasets\speechocean762\WAVE\SPEAKER1309\013090181.WAV,COME BACK TO THE PARTY MAN,9,10.0,10,9,9
train,013090184,1309,m,31,C:\Users\azizg\Desktop\pfe-d\data\clarity_datasets\speechocean762\WAVE\SPEAKER1309\013090184.WAV,PASSED HALF A MILLION VIEWS,8,10.0,10,9,8
train,013090185,1309,m,31,C:\Users\azizg\Desktop\pfe-d\data\clarity_datasets\speechocean762\WAVE\SPEAKER1309\013090185.WAV,MAINLY THOSE WHO WERE NOT WORKING,8,10.0,9,9,8
train,013090202,1309,m,31,C:\Users\azizg\Desktop\pfe-d\data\clarity_datasets\speechocean762\WAVE\SPEAKER1309\013090202.WAV,WHERE ARE THE BELLES FROM,8,10.0,9,9,8
train,013090232,1309,m,31,C:\Users\azizg\Desktop\pfe-d\data\clarity_datasets\speechocean762\WAVE\SPEAKER1309\013090232.WAV,PEOPLE ARE NOT READY FOR IT,8,10.0,8,7,7
train,013090267,1309,m,31,C:\Users\azizg\Desktop\pfe-d\data\clarity_datasets\speechocean762\WAVE\SPEAKER1309\013090267.WAV,THEN WOULD STOP WORKING IN THE MIDDLE OF THE NIGHT,8,10.0,9,8,8
train,013090287,1309,m,31,C:\Users\azizg\Desktop\pfe-d\data\clarity_datasets\speechocean762\WAVE\SPEAKER1309\013090287.WAV,CHEESE IS ON THE ATTACK,8,10.0,9,7,7
train,013090339,1309,m,31,C:\Users\azizg\Desktop\pfe-d\data\clarity_datasets\speechocean762\WAVE\SPEAKER1309\013090339.WAV,BUT I WANTED TO KNOW SO BADLY,8,10.0,9,8,8
train,013090364,1309,m,31,C:\Users\azizg\Desktop\pfe-d\data\clarity_datasets\speechocean762\WAVE\SPEAKER1309\013090364.WAV,LOVE TO THROW YOURSELF ON THE EARTH AND KISS IT,8,10.0,8,7,7
train,013360001,1336,m,24,C:\Users\azizg\Desktop\pfe-d\data\clarity_datasets\speechocean762\WAVE\SPEAKER1336\013360001.WAV,OUR FUTURE IS NEVER TRAPPED IN THE HANDS OF FATE,3,10.0,8,8,4
train,013360002,1336,m,24,C:\Users\azizg\Desktop\pfe-d\data\clarity_datasets\speechocean762\WAVE\SPEAKER1336\013360002.WAV,HE HAD A HEART OF GOD,8,10.0,8,7,8
train,013360016,1336,m,24,C:\Users\azizg\Desktop\pfe-d\data\clarity_datasets\speechocean762\WAVE\SPEAKER1336\013360016.WAV,WE COME IN WITH A CANDIDATE,8,10.0,7,7,7
train,013360082,1336,m,24,C:\Users\azizg\Desktop\pfe-d\data\clarity_datasets\speechocean762\WAVE\SPEAKER1336\013360082.WAV,IT IS THE RESULT OF MAJOR REFORM IN THE COUNTRY,8,10.0,8,8,7
train,013360123,1336,m,24,C:\Users\azizg\Desktop\pfe-d\data\clarity_datasets\speechocean762\WAVE\SPEAKER1336\013360123.WAV,IT IS A GOOD POINT,8,10.0,9,7,8
train,013360130,1336,m,24,C:\Users\azizg\Desktop\pfe-d\data\clarity_datasets\speechocean762\WAVE\SPEAKER1336\013360130.WAV,BUT EVEN THAT IS PART OF THE POINT,8,10.0,8,8,7
train,013360140,1336,m,24,C:\Users\azizg\Desktop\pfe-d\data\clarity_datasets\speechocean762\WAVE\SPEAKER1336\013360140.WAV,HOW IS IT MARCH ALREADY,8,10.0,8,8,8
train,013360145,1336,m,24,C:\Users\azizg\Desktop\pfe-d\data\clarity_datasets\speechocean762\WAVE\SPEAKER1336\013360145.WAV,A MEN A CAMERA A BOOK,8,10.0,8,6,7
train,013360146,1336,m,24,C:\Users\azizg\Desktop\pfe-d\data\clarity_datasets\speechocean762\WAVE\SPEAKER1336\013360146.WAV,SO I CAN TAKE A LISTEN,8,10.0,8,7,7
train,013360161,1336,m,24,C:\Users\azizg\Desktop\pfe-d\data\clarity_datasets\speechocean762\WAVE\SPEAKER1336\013360161.WAV,WANT TO BE THE FIRST TO HEAR THE NEWS,8,10.0,8,7,7
train,013360162,1336,m,24,C:\Users\azizg\Desktop\pfe-d\data\clarity_datasets\speechocean762\WAVE\SPEAKER1336\013360162.WAV,THIS IS A WASTE OF MONEY,7,10.0,9,8,6
train,013360171,1336,m,24,C:\Users\azizg\Desktop\pfe-d\data\clarity_datasets\speechocean762\WAVE\SPEAKER1336\013360171.WAV,I HOPE YOU WILL HAVE THE BEST BIRTHDAY,7,10.0,8,8,7
train,013360226,1336,m,24,C:\Users\azizg\Desktop\pfe-d\data\clarity_datasets\speechocean762\WAVE\SPEAKER1336\013360226.WAV,WHAT TIME WOULD YOU LIKE TO DO,8,10.0,9,8,8
train,013360234,1336,m,24,C:\Users\azizg\Desktop\pfe-d\data\clarity_datasets\speechocean762\WAVE\SPEAKER1336\013360234.WAV,TRYING TO GET UP AND GET READY FOR WORK,8,10.0,8,8,7
train,013360235,1336,m,24,C:\Users\azizg\Desktop\pfe-d\data\clarity_datasets\speechocean762\WAVE\SPEAKER1336\013360235.WAV,THIS IS THE BEST LUNCH,8,10.0,9,8,8
train,013360257,1336,m,24,C:\Users\azizg\Desktop\pfe-d\data\clarity_datasets\speechocean762\WAVE\SPEAKER1336\013360257.WAV,THEN WE HAVE A WINNER,8,10.0,9,8,8
train,013360263,1336,m,24,C:\Users\azizg\Desktop\pfe-d\data\clarity_datasets\speechocean762\WAVE\SPEAKER1336\013360263.WAV,THE PICTURE OF THE NIGHT,8,10.0,8,7,7
train,013360268,1336,m,24,C:\Users\azizg\Desktop\pfe-d\data\clarity_datasets\speechocean762\WAVE\SPEAKER1336\013360268.WAV,BUT WE HAVE THE BRAINS,8,10.0,7,7,7
train,013360360,1336,m,24,C:\Users\azizg\Desktop\pfe-d\data\clarity_datasets\speechocean762\WAVE\SPEAKER1336\013360360.WAV,THERE HE IS ON THE BACK SEAT,8,10.0,8,7,7
train,013360363,1336,m,24,C:\Users\azizg\Desktop\pfe-d\data\clarity_datasets\speechocean762\WAVE\SPEAKER1336\013360363.WAV,HE SEEMED TO SHAKE HIMSELF,9,10.0,8,8,8
train,013720023,1372,f,21,C:\Users\azizg\Desktop\pfe-d\data\clarity_datasets\speechocean762\WAVE\SPEAKER1372\013720023.WAV,I HAD A GREAT TIME,9,10.0,10,9,9
train,013720051,1372,f,21,C:\Users\azizg\Desktop\pfe-d\data\clarity_datasets\speechocean762\WAVE\SPEAKER1372\013720051.WAV,THAT WAS CERTAINLY AS TOUGH DAY IN MY LIFE,8,10.0,8,7,7
train,013720070,1372,f,21,C:\Users\azizg\Desktop\pfe-d\data\clarity_datasets\speechocean762\WAVE\SPEAKER1372\013720070.WAV,AND OF COURSE IT HAPPENS THAT WAY,8,10.0,8,8,8
train,013720082,1372,f,21,C:\Users\azizg\Desktop\pfe-d\data\clarity_datasets\speechocean762\WAVE\SPEAKER1372\013720082.WAV,THERE WAS NO REASON TO TAKE HIM OUT,8,10.0,8,8,8
train,013720140,1372,f,21,C:\Users\azizg\Desktop\pfe-d\data\clarity_datasets\speechocean762\WAVE\SPEAKER1372\013720140.WAV,AND IF SO WILL IS THE REAL ONE,8,10.0,8,7,7
train,013720152,1372,f,21,C:\Users\azizg\Desktop\pfe-d\data\clarity_datasets\speechocean762\WAVE\SPEAKER1372\013720152.WAV,AM I NOT ALLOWED TO LEAVE MY HOUSE,7,10.0,8,7,7
train,013720153,1372,f,21,C:\Users\azizg\Desktop\pfe-d\data\clarity_datasets\speechocean762\WAVE\SPEAKER1372\013720153.WAV,READY TO GET DOWN TO BUSINESS,8,10.0,8,7,7
train,013720167,1372,f,21,C:\Users\azizg\Desktop\pfe-d\data\clarity_datasets\speechocean762\WAVE\SPEAKER1372\013720167.WAV,GET ME OUT OF HERE PLEASE,8,10.0,8,7,7
train,013720182,1372,f,21,C:\Users\azizg\Desktop\pfe-d\data\clarity_datasets\speechocean762\WAVE\SPEAKER1372\013720182.WAV,WE CAN NEVER HAVE TOO MANY FRIENDS,8,10.0,8,7,7
train,013720189,1372,f,21,C:\Users\azizg\Desktop\pfe-d\data\clarity_datasets\speechocean762\WAVE\SPEAKER1372\013720189.WAV,MY GOAL IN LIFE IS TO BE BETTER THAN YOU,8,10.0,8,7,7
train,013720198,1372,f,21,C:\Users\azizg\Desktop\pfe-d\data\clarity_datasets\speechocean762\WAVE\SPEAKER1372\013720198.WAV,GREAT TO SEE YOU BANK ON ILL,8,10.0,8,8,7
train,013720199,1372,f,21,C:\Users\azizg\Desktop\pfe-d\data\clarity_datasets\speechocean762\WAVE\SPEAKER1372\013720199.WAV,GOING TO APPLY FOR A JOB TODAY,8,10.0,8,7,7
train,013720201,1372,f,21,C:\Users\azizg\Desktop\pfe-d\data\clarity_datasets\speechocean762\WAVE\SPEAKER1372\013720201.WAV,ANYTHING TO HAVE YOU HERE AGAIN,8,10.0,8,8,7
train,013720215,1372,f,21,C:\Users\azizg\Desktop\pfe-d\data\clarity_datasets\speechocean762\WAVE\SPEAKER1372\013720215.WAV,LET'S GO TO THE FARM,8,10.0,8,8,7
train,013720233,1372,f,21,C:\Users\azizg\Desktop\pfe-d\data\clarity_datasets\speechocean762\WAVE\SPEAKER1372\013720233.WAV,THAT WAS THE MESSAGE RIGHT,9,10.0,9,8,8
train,013720256,1372,f,21,C:\Users\azizg\Desktop\pfe-d\data\clarity_datasets\speechocean762\WAVE\SPEAKER1372\013720256.WAV,BUT YOU KNOW WHAT THIS MEAN RIGHT,8,10.0,8,7,7
train,013720274,1372,f,21,C:\Users\azizg\Desktop\pfe-d\data\clarity_datasets\speechocean762\WAVE\SPEAKER1372\013720274.WAV,I WANT TO SEE YOU IN THE QUARTER FINALS,8,10.0,8,7,7
train,013720275,1372,f,21,C:\Users\azizg\Desktop\pfe-d\data\clarity_datasets\speechocean762\WAVE\SPEAKER1372\013720275.WAV,IN THE MEAN TIME ENJOY THE JOURNEY,9,10.0,9,9,9
train,013720311,1372,f,21,C:\Users\azizg\Desktop\pfe-d\data\clarity_datasets\speechocean762\WAVE\SPEAKER1372\013720311.WAV,BUT YOU HAVE TO LISTEN DARLING,8,10.0,8,8,8
train,013720360,1372,f,21,C:\Users\azizg\Desktop\pfe-d\data\clarity_datasets\speechocean762\WAVE\SPEAKER1372\013720360.WAV,HOW GOOD IT IS OF YOU TO BE HERE,8,10.0,8,7,7
train,014070040,1407,m,24,C:\Users\azizg\Desktop\pfe-d\data\clarity_datasets\speechocean762\WAVE\SPEAKER1407\014070040.WAV,MY WORK IS GOING TO BE CUT OUT FOR ME,8,10.0,8,7,7
train,014070080,1407,m,24,C:\Users\azizg\Desktop\pfe-d\data\clarity_datasets\speechocean762\WAVE\SPEAKER1407\014070080.WAV,THE PEOPLE WERE VERY FRIENDLY,8,10.0,8,8,8
train,014070092,1407,m,24,C:\Users\azizg\Desktop\pfe-d\data\clarity_datasets\speechocean762\WAVE\SPEAKER1407\014070092.WAV,THAT'S A VERY SMALL AMOUNT OF MONEY,8,10.0,7,7,7
train,014070101,1407,m,24,C:\Users\azizg\Desktop\pfe-d\data\clarity_datasets\speechocean762\WAVE\SPEAKER1407\014070101.WAV,THE NEED IS TO MAKE THIS MORE EFFECTIVE,8,10.0,7,6,7
train,014070159,1407,m,24,C:\Users\azizg\Desktop\pfe-d\data\clarity_datasets\speechocean762\WAVE\SPEAKER1407\014070159.WAV,I KNOW A LOT OF THOSE,8,10.0,8,7,7
train,014070207,1407,m,24,C:\Users\azizg\Desktop\pfe-d\data\clarity_datasets\speechocean762\WAVE\SPEAKER1407\014070207.WAV,WELCOME AND HAVE A GREAT WEEKEND,8,10.0,7,7,7
train,014070217,1407,m,24,C:\Users\azizg\Desktop\pfe-d\data\clarity_datasets\speechocean762\WAVE\SPEAKER1407\014070217.WAV,LET'S GO TO THE SHIP,8,10.0,8,7,7
train,014070239,1407,m,24,C:\Users\azizg\Desktop\pfe-d\data\clarity_datasets\speechocean762\WAVE\SPEAKER1407\014070239.WAV,FUN TO PRACTICE IN GARDEN,8,10.0,8,7,7
train,014070248,1407,m,24,C:\Users\azizg\Desktop\pfe-d\data\clarity_datasets\speechocean762\WAVE\SPEAKER1407\014070248.WAV,LOVE AS MUCH AS WE DO,8,10.0,8,7,7
train,014070265,1407,m,24,C:\Users\azizg\Desktop\pfe-d\data\clarity_datasets\speechocean762\WAVE\SPEAKER1407\014070265.WAV,THAT'S HOW THEY SAY IT IN SOUTH,8,10.0,7,7,7
train,014070270,1407,m,24,C:\Users\azizg\Desktop\pfe-d\data\clarity_datasets\speechocean762\WAVE\SPEAKER1407\014070270.WAV,BATS NEED TO GET GOING,8,10.0,8,7,7
train,014070281,1407,m,24,C:\Users\azizg\Desktop\pfe-d\data\clarity_datasets\speechocean762\WAVE\SPEAKER1407\014070281.WAV,GOOD LUCK TO EVERYONE ELSE IN THE THIS,8,10.0,8,7,7
train,014070297,1407,m,24,C:\Users\azizg\Desktop\pfe-d\data\clarity_datasets\speechocean762\WAVE\SPEAKER1407\014070297.WAV,GOOD MORNING HOPE YOU HAVE A WONDERFUL DAY TODAY,8,10.0,7,6,7
train,014070304,1407,m,24,C:\Users\azizg\Desktop\pfe-d\data\clarity_datasets\speechocean762\WAVE\SPEAKER1407\014070304.WAV,WILL THE KINGS HAVE A CHANCE TO REPEAT,7,10.0,7,7,7
train,014070308,1407,m,24,C:\Users\azizg\Desktop\pfe-d\data\clarity_datasets\speechocean762\WAVE\SPEAKER1407\014070308.WAV,THAT IS I ASK QUESTIONS AND GOD ANSWERS,7,10.0,7,7,7
train,014070336,1407,m,24,C:\Users\azizg\Desktop\pfe-d\data\clarity_datasets\speechocean762\WAVE\SPEAKER1407\014070336.WAV,NEXT YEAR WILL BE DIFFERENT SHE THOUGHT,6,10.0,7,7,6
train,014070341,1407,m,24,C:\Users\azizg\Desktop\pfe-d\data\clarity_datasets\speechocean762\WAVE\SPEAKER1407\014070341.WAV,OF ALL SUBJECTS OF DISCUSSION THIS IS THE MOST DIFFICULT,7,10.0,7,7,6
train,014070343,1407,m,24,C:\Users\azizg\Desktop\pfe-d\data\clarity_datasets\speechocean762\WAVE\SPEAKER1407\014070343.WAV,NOW HE WAS BORED AND ALSO ANGRY,7,10.0,8,7,7
train,014070349,1407,m,24,C:\Users\azizg\Desktop\pfe-d\data\clarity_datasets\speechocean762\WAVE\SPEAKER1407\014070349.WAV,HE IS NOT USED TALKING THIS WAY WITH A WOMAN,7,10.0,8,7,7
train,014070358,1407,m,24,C:\Users\azizg\Desktop\pfe-d\data\clarity_datasets\speechocean762\WAVE\SPEAKER1407\014070358.WAV,THAT'S WHAT'S THE MATTER WITH HIM NOW,8,10.0,8,7,7
train,014180002,1418,m,7,C:\Users\azizg\Desktop\pfe-d\data\clarity_datasets\speechocean762\WAVE\SPEAKER1418\014180002.WAV,SOME MANDY WANTS TO FIND THE AUNT,8,10.0,8,8,8
train,014180008,1418,m,7,C:\Users\azizg\Desktop\pfe-d\data\clarity_datasets\speechocean762\WAVE\SPEAKER1418\014180008.WAV,LILLY CAN PLANT THE FISH,7,10.0,8,7,7
train,014180011,1418,m,7,C:\Users\azizg\Desktop\pfe-d\data\clarity_datasets\speechocean762\WAVE\SPEAKER1418\014180011.WAV,DO CAN DRAW THE COW,8,10.0,8,8,8
train,014180013,1418,m,7,C:\Users\azizg\Desktop\pfe-d\data\clarity_datasets\speechocean762\WAVE\SPEAKER1418\014180013.WAV,MARY CAN SEE THE SAY,8,10.0,9,8,8
train,014180044,1418,m,7,C:\Users\azizg\Desktop\pfe-d\data\clarity_datasets\speechocean762\WAVE\SPEAKER1418\014180044.WAV,SEVEN FOUR NINE FIVE,8,10.0,7,7,7
train,014180051,1418,m,7,C:\Users\azizg\Desktop\pfe-d\data\clarity_datasets\speechocean762\WAVE\SPEAKER1418\014180051.WAV,PETER LIKES ICE SKATING,9,10.0,8,8,8
train,014180063,1418,m,7,C:\Users\azizg\Desktop\pfe-d\data\clarity_datasets\speechocean762\WAVE\SPEAKER1418\014180063.WAV,HONEY LIKES CAKE,9,10.0,8,8,8
train,014180077,1418,m,7,C:\Users\azizg\Desktop\pfe-d\data\clarity_datasets\speechocean762\WAVE\SPEAKER1418\014180077.WAV,LET'S DRAW NACY'S EYE,8,10.0,8,8,8
train,014180084,1418,m,7,C:\Users\azizg\Desktop\pfe-d\data\clarity_datasets\speechocean762\WAVE\SPEAKER1418\014180084.WAV,BITTY LIKES YOUR RIGHT SWEATER,8,10.0,8,8,8
train,014180088,1418,m,7,C:\Users\azizg\Desktop\pfe-d\data\clarity_datasets\speechocean762\WAVE\SPEAKER1418\014180088.WAV,LOOK AT ALICE CHOOSE,8,10.0,8,8,8
train,014180100,1418,m,7,C:\Users\azizg\Desktop\pfe-d\data\clarity_datasets\speechocean762\WAVE\SPEAKER1418\014180100.WAV,JACK ME GOT ON THE BUS,8,10.0,9,8,8
train,014180131,1418,m,7,C:\Users\azizg\Desktop\pfe-d\data\clarity_datasets\speechocean762\WAVE\SPEAKER1418\014180131.WAV,MIKE WASHED THE EGYPT PLANT,8,10.0,7,8,7
train,014180139,1418,m,7,C:\Users\azizg\Desktop\pfe-d\data\clarity_datasets\speechocean762\WAVE\SPEAKER1418\014180139.WAV,TIM WHAT'S TO BE A GOOD A STUDENT,8,10.0,8,8,8
train,014180143,1418,m,7,C:\Users\azizg\Desktop\pfe-d\data\clarity_datasets\speechocean762\WAVE\SPEAKER1418\014180143.WAV,LUCY WILL A READ IN JUNE SIXTH SEE,7,10.0,6,7,6
train,014180150,1418,m,7,C:\Users\azizg\Desktop\pfe-d\data\clarity_datasets\speechocean762\WAVE\SPEAKER1418\014180150.WAV,WHAT ARE YOU DOING THIS FOR,9,10.0,9,9,9
train,014180155,1418,m,7,C:\Users\azizg\Desktop\pfe-d\data\clarity_datasets\speechocean762\WAVE\SPEAKER1418\014180155.WAV,HOW CAN YOU HERE,9,10.0,10,9,9
train,014180158,1418,m,7,C:\Users\azizg\Desktop\pfe-d\data\clarity_datasets\speechocean762\WAVE\SPEAKER1418\014180158.WAV,YOU TO BUY SURE,9,10.0,9,9,9
train,014180160,1418,m,7,C:\Users\azizg\Desktop\pfe-d\data\clarity_datasets\speechocean762\WAVE\SPEAKER1418\014180160.WAV,OH NOT THAT NO,9,10.0,7,7,8
train,014180165,1418,m,7,C:\Users\azizg\Desktop\pfe-d\data\clarity_datasets\speechocean762\WAVE\SPEAKER1418\014180165.WAV,BE TO BUG TO BACK,8,10.0,9,8,8
train,014180166,1418,m,7,C:\Users\azizg\Desktop\pfe-d\data\clarity_datasets\speechocean762\WAVE\SPEAKER1418\014180166.WAV,YES I SEE THE HOUSE,8,10.0,9,9,8
train,014190006,1419,m,7,C:\Users\azizg\Desktop\pfe-d\data\clarity_datasets\speechocean762\WAVE\SPEAKER1419\014190006.WAV,LAYLA CAN DRAW THE MONKEY,8,10.0,8,8,8
train,014190025,1419,m,7,C:\Users\azizg\Desktop\pfe-d\data\clarity_datasets\speechocean762\WAVE\SPEAKER1419\014190025.WAV,LUCY IS A FRIEND FROM CANADA,7,10.0,7,7,6
train,014190027,1419,m,7,C:\Users\azizg\Desktop\pfe-d\data\clarity_datasets\speechocean762\WAVE\SPEAKER1419\014190027.WAV,MANDY LIVES IN JAPAN,7,10.0,7,7,7
train,014190030,1419,m,7,C:\Users\azizg\Desktop\pfe-d\data\clarity_datasets\speechocean762\WAVE\SPEAKER1419\014190030.WAV,SIX TWO THREE THREE,7,10.0,8,8,7
train,014190055,1419,m,7,C:\Users\azizg\Desktop\pfe-d\data\clarity_datasets\speechocean762\WAVE\SPEAKER1419\014190055.WAV,NEIL IS GOOD AT BASKETBALL,7,10.0,8,8,7
train,014190059,1419,m,7,C:\Users\azizg\Desktop\pfe-d\data\clarity_datasets\speechocean762\WAVE\SPEAKER1419\014190059.WAV,MIKE ATE A LITTLE RICE,9,10.0,9,9,9
train,014190060,1419,m,7,C:\Users\azizg\Desktop\pfe-d\data\clarity_datasets\speechocean762\WAVE\SPEAKER1419\014190060.WAV,NEIL LIKES CAKE,5,10.0,8,7,5
train,014190062,1419,m,7,C:\Users\azizg\Desktop\pfe-d\data\clarity_datasets\speechocean762\WAVE\SPEAKER1419\014190062.WAV,NEIL LIKES SAUSAGE,3,10.0,8,7,4
train,014190064,1419,m,7,C:\Users\azizg\Desktop\pfe-d\data\clarity_datasets\speechocean762\WAVE\SPEAKER1419\014190064.WAV,HENNY SMELLS FRESH BREAD,7,10.0,7,7,7
train,014190071,1419,m,7,C:\Users\azizg\Desktop\pfe-d\data\clarity_datasets\speechocean762\WAVE\SPEAKER1419\014190071.WAV,BY MY MOUTH,9,10.0,9,8,9
train,014190073,1419,m,7,C:\Users\azizg\Desktop\pfe-d\data\clarity_datasets\speechocean762\WAVE\SPEAKER1419\014190073.WAV,LET'S DRAW JAYME'S TOE,7,10.0,7,7,7
train,014190081,1419,m,7,C:\Users\azizg\Desktop\pfe-d\data\clarity_datasets\speechocean762\WAVE\SPEAKER1419\014190081.WAV,LET'S DRAW NEIL'S ARM,7,10.0,8,8,7
train,014190088,1419,m,7,C:\Users\azizg\Desktop\pfe-d\data\clarity_datasets\speechocean762\WAVE\SPEAKER1419\014190088.WAV,SANDY HAS A BEAUTIFUL SHORTS,8,10.0,10,9,8
train,014190095,1419,m,7,C:\Users\azizg\Desktop\pfe-d\data\clarity_datasets\speechocean762\WAVE\SPEAKER1419\014190095.WAV,BETTY NEEDS NEW SKIRT,7,10.0,8,8,7
train,014190098,1419,m,7,C:\Users\azizg\Desktop\pfe-d\data\clarity_datasets\speechocean762\WAVE\SPEAKER1419\014190098.WAV,JAYME GOT ON THE UNDERGROUND,7,10.0,9,8,6
train,014190107,1419,m,7,C:\Users\azizg\Desktop\pfe-d\data\clarity_datasets\speechocean762\WAVE\SPEAKER1419\014190107.WAV,SO HE WENT ON TO TEACHER'S OFFICE,8,10.0,8,8,8
train,014190108,1419,m,7,C:\Users\azizg\Desktop\pfe-d\data\clarity_datasets\speechocean762\WAVE\SPEAKER1419\014190108.WAV,THE LAYLA WALKED TO BUS STOP,8,10.0,7,7,7
train,014190114,1419,m,7,C:\Users\azizg\Desktop\pfe-d\data\clarity_datasets\speechocean762\WAVE\SPEAKER1419\014190114.WAV,HENNY CAN SEE THE KITCHEN,8,10.0,9,8,8
train,014190128,1419,m,7,C:\Users\azizg\Desktop\pfe-d\data\clarity_datasets\speechocean762\WAVE\SPEAKER1419\014190128.WAV,LAYLA LOVES COOL,7,10.0,7,7,7
train,014190172,1419,m,7,C:\Users\azizg\Desktop\pfe-d\data\clarity_datasets\speechocean762\WAVE\SPEAKER1419\014190172.WAV,AND MY NAME TOO,8,10.0,8,7,7
train,014350004,1435,m,7,C:\Users\azizg\Desktop\pfe-d\data\clarity_datasets\speechocean762\WAVE\SPEAKER1435\014350004.WAV,BILLY RAN AWAY FROM THE GOAT,9,10.0,7,8,8
train,014350012,1435,m,7,C:\Users\azizg\Desktop\pfe-d\data\clarity_datasets\speechocean762\WAVE\SPEAKER1435\014350012.WAV,TIM RAN AWAY FROM THE BIRD,8,10.0,8,8,7
train,014350016,1435,m,7,C:\Users\azizg\Desktop\pfe-d\data\clarity_datasets\speechocean762\WAVE\SPEAKER1435\014350016.WAV,CASEY IS GOING TO SEE SQUID,8,10.0,7,8,7
train,014350017,1435,m,7,C:\Users\azizg\Desktop\pfe-d\data\clarity_datasets\speechocean762\WAVE\SPEAKER1435\014350017.WAV,STEEVEN IS GOING TO SEE WHALE,7,10.0,7,7,6
train,014350018,1435,m,7,C:\Users\azizg\Desktop\pfe-d\data\clarity_datasets\speechocean762\WAVE\SPEAKER1435\014350018.WAV,ALISA IS GOING TO SEE ANT,6,10.0,8,8,6
train,014350020,1435,m,7,C:\Users\azizg\Desktop\pfe-d\data\clarity_datasets\speechocean762\WAVE\SPEAKER1435\014350020.WAV,MIKE IS GOING TO SEE SHARK,9,10.0,8,8,8
train,014350022,1435,m,7,C:\Users\azizg\Desktop\pfe-d\data\clarity_datasets\speechocean762\WAVE\SPEAKER1435\014350022.WAV,HENNY LIVED IN AUSTRALIA,8,10.0,9,8,8
train,014350028,1435,m,7,C:\Users\azizg\Desktop\pfe-d\data\clarity_datasets\speechocean762\WAVE\SPEAKER1435\014350028.WAV,ONE FOUR EIGHT SEVEN,8,10.0,8,7,7
train,014350085,1435,m,7,C:\Users\azizg\Desktop\pfe-d\data\clarity_datasets\speechocean762\WAVE\SPEAKER1435\014350085.WAV,ALISA HAS A BEAUTIFUL SNEAKERS,7,10.0,8,7,7
train,014350094,1435,m,7,C:\Users\azizg\Desktop\pfe-d\data\clarity_datasets\speechocean762\WAVE\SPEAKER1435\014350094.WAV,DAVID LOVES THE NEW T SHIRT,8,10.0,8,8,8
train,014350103,1435,m,7,C:\Users\azizg\Desktop\pfe-d\data\clarity_datasets\speechocean762\WAVE\SPEAKER1435\014350103.WAV,HENNY GOT ON THE YACHT,3,10.0,7,7,4
train,014350110,1435,m,7,C:\Users\azizg\Desktop\pfe-d\data\clarity_datasets\speechocean762\WAVE\SPEAKER1435\014350110.WAV,SO DAVID WENT ON TO CITY,8,10.0,8,8,8
train,014350127,1435,m,7,C:\Users\azizg\Desktop\pfe-d\data\clarity_datasets\speechocean762\WAVE\SPEAKER1435\014350127.WAV,STEEVEN GOT THE CUCUMBER,5,10.0,6,6,5
train,014350133,1435,m,7,C:\Users\azizg\Desktop\pfe-d\data\clarity_datasets\speechocean762\WAVE\SPEAKER1435\014350133.WAV,BETTY GOT THE CELERY,3,10.0,6,7,3
train,014350146,1435,m,7,C:\Users\azizg\Desktop\pfe-d\data\clarity_datasets\speechocean762\WAVE\SPEAKER1435\014350146.WAV,BETTY LIKES THE EDUCATION CLASS AT SCHOOL,4,8.6,6,6,4
train,014350153,1435,m,7,C:\Users\azizg\Desktop\pfe-d\data\clarity_datasets\speechocean762\WAVE\SPEAKER1435\014350153.WAV,IS IT THIS ONE,8,10.0,7,6,8
train,014350157,1435,m,7,C:\Users\azizg\Desktop\pfe-d\data\clarity_datasets\speechocean762\WAVE\SPEAKER1435\014350157.WAV,HOW ARE WE GOING,9,10.0,10,9,9
train,014350158,1435,m,7,C:\Users\azizg\Desktop\pfe-d\data\clarity_datasets\speechocean762\WAVE\SPEAKER1435\014350158.WAV,SO I HAVE COME HERE,8,10.0,9,8,8
train,014350163,1435,m,7,C:\Users\azizg\Desktop\pfe-d\data\clarity_datasets\speechocean762\WAVE\SPEAKER1435\014350163.WAV,AND THE DOG TOO,9,10.0,10,9,9
train,014350165,1435,m,7,C:\Users\azizg\Desktop\pfe-d\data\clarity_datasets\speechocean762\WAVE\SPEAKER1435\014350165.WAV,I CAN DO NO GOOD HERE,9,10.0,7,7,8
train,014470007,1447,m,7,C:\Users\azizg\Desktop\pfe-d\data\clarity_datasets\speechocean762\WAVE\SPEAKER1447\014470007.WAV,IT IS A VERY BOSSY TURKEY,8,10.0,7,6,7
train,014470017,1447,m,7,C:\Users\azizg\Desktop\pfe-d\data\clarity_datasets\speechocean762\WAVE\SPEAKER1447\014470017.WAV,CASEY WENT TO SEE SQUIRREL,9,10.0,8,8,8
train,014470026,1447,m,7,C:\Users\azizg\Desktop\pfe-d\data\clarity_datasets\speechocean762\WAVE\SPEAKER1447\014470026.WAV,MARY LOVES FRANCE,8,10.0,8,8,8
train,014470028,1447,m,7,C:\Users\azizg\Desktop\pfe-d\data\clarity_datasets\speechocean762\WAVE\SPEAKER1447\014470028.WAV,NINE NINE FIVE ZERO,8,10.0,8,8,8
train,014470031,1447,m,7,C:\Users\azizg\Desktop\pfe-d\data\clarity_datasets\speechocean762\WAVE\SPEAKER1447\014470031.WAV,EIGHT EIGHT FIVE,8,10.0,9,9,7
train,014470038,1447,m,7,C:\Users\azizg\Desktop\pfe-d\data\clarity_datasets\speechocean762\WAVE\SPEAKER1447\014470038.WAV,THREE EIGHT EIGHT FOUR,9,10.0,9,9,9
train,014470039,1447,m,7,C:\Users\azizg\Desktop\pfe-d\data\clarity_datasets\speechocean762\WAVE\SPEAKER1447\014470039.WAV,ONE NINE THREE FOUR,9,10.0,9,8,8
train,014470048,1447,m,7,C:\Users\azizg\Desktop\pfe-d\data\clarity_datasets\speechocean762\WAVE\SPEAKER1447\014470048.WAV,ANDY LIKES SURFING,8,10.0,9,8,8
train,014470053,1447,m,7,C:\Users\azizg\Desktop\pfe-d\data\clarity_datasets\speechocean762\WAVE\SPEAKER1447\014470053.WAV,LUCY LIKES RUNNING,9,10.0,9,9,9
train,014470060,1447,m,7,C:\Users\azizg\Desktop\pfe-d\data\clarity_datasets\speechocean762\WAVE\SPEAKER1447\014470060.WAV,HE LIKES CAKE,9,10.0,10,9,9
train,014470063,1447,m,7,C:\Users\azizg\Desktop\pfe-d\data\clarity_datasets\speechocean762\WAVE\SPEAKER1447\014470063.WAV,I CAN SMELL THE TOFU,8,10.0,8,8,7
train,014470072,1447,m,7,C:\Users\azizg\Desktop\pfe-d\data\clarity_datasets\speechocean762\WAVE\SPEAKER1447\014470072.WAV,LOOK AT NEIL'S SINGER,7,10.0,7,7,7
train,014470084,1447,m,7,C:\Users\azizg\Desktop\pfe-d\data\clarity_datasets\speechocean762\WAVE\SPEAKER1447\014470084.WAV,PETER HAS A BEAUTIFUL BOOT,8,10.0,7,7,7
train,014470100,1447,m,7,C:\Users\azizg\Desktop\pfe-d\data\clarity_datasets\speechocean762\WAVE\SPEAKER1447\014470100.WAV,TINA IS CLEANING THE CAR,8,10.0,9,8,8
train,014470109,1447,m,7,C:\Users\azizg\Desktop\pfe-d\data\clarity_datasets\speechocean762\WAVE\SPEAKER1447\014470109.WAV,THEN LYNDA WALKED TO NATURE PARK,8,10.0,8,8,8
train,014470124,1447,m,7,C:\Users\azizg\Desktop\pfe-d\data\clarity_datasets\speechocean762\WAVE\SPEAKER1447\014470124.WAV,NEIL THIS IS GREEN BEAN,8,10.0,8,8,8
train,014470140,1447,m,7,C:\Users\azizg\Desktop\pfe-d\data\clarity_datasets\speechocean762\WAVE\SPEAKER1447\014470140.WAV,REPORTER TINA IS NOT A REAL T V REPORTER,8,10.0,7,7,7
train,014470141,1447,m,7,C:\Users\azizg\Desktop\pfe-d\data\clarity_datasets\speechocean762\WAVE\SPEAKER1447\014470141.WAV,JACK IS NOT A REAL BASEBALL PLAYER,8,10.0,7,7,7
train,014470149,1447,m,7,C:\Users\azizg\Desktop\pfe-d\data\clarity_datasets\speechocean762\WAVE\SPEAKER1447\014470149.WAV,BUT WHERE ARE WE,7,10.0,8,7,7
train,014470150,1447,m,7,C:\Users\azizg\Desktop\pfe-d\data\clarity_datasets\speechocean762\WAVE\SPEAKER1447\014470150.WAV,IS IT SO FATHER,4,10.0,8,7,4
train,020340016,2034,m,8,C:\Users\azizg\Desktop\pfe-d\data\clarity_datasets\speechocean762\WAVE\SPEAKER2034\020340016.WAV,MINDER IS GOING TO SEE SPARE,8,10.0,8,8,7
train,020340019,2034,m,8,C:\Users\azizg\Desktop\pfe-d\data\clarity_datasets\speechocean762\WAVE\SPEAKER2034\020340019.WAV,AND IS GOING TO SEE DUCK,8,10.0,8,8,8
train,020340029,2034,m,8,C:\Users\azizg\Desktop\pfe-d\data\clarity_datasets\speechocean762\WAVE\SPEAKER2034\020340029.WAV,EIGHT ONE SIX NINE,8,10.0,9,9,8
train,020340043,2034,m,8,C:\Users\azizg\Desktop\pfe-d\data\clarity_datasets\speechocean762\WAVE\SPEAKER2034\020340043.WAV,TWO ONE THEY EIGHT,8,10.0,8,8,8
train,020340055,2034,m,8,C:\Users\azizg\Desktop\pfe-d\data\clarity_datasets\speechocean762\WAVE\SPEAKER2034\020340055.WAV,LOOK AT STEVEN'S SWEATER,9,10.0,9,9,8
train,020340056,2034,m,8,C:\Users\azizg\Desktop\pfe-d\data\clarity_datasets\speechocean762\WAVE\SPEAKER2034\020340056.WAV,DATE LIKES YOUR BLUE SUNS GLASSES,8,10.0,8,8,8
train,020340063,2034,m,8,C:\Users\azizg\Desktop\pfe-d\data\clarity_datasets\speechocean762\WAVE\SPEAKER2034\020340063.WAV,LOOK AT JOY'S JEANS,8,10.0,8,8,8
train,020340065,2034,m,8,C:\Users\azizg\Desktop\pfe-d\data\clarity_datasets\speechocean762\WAVE\SPEAKER2034\020340065.WAV,SAND NEEDS NEW COAT,8,10.0,8,8,8
train,020340071,2034,m,8,C:\Users\azizg\Desktop\pfe-d\data\clarity_datasets\speechocean762\WAVE\SPEAKER2034\020340071.WAV,PETER NEEDS NEW SHOES,7,10.0,8,7,7
train,020340096,2034,m,8,C:\Users\azizg\Desktop\pfe-d\data\clarity_datasets\speechocean762\WAVE\SPEAKER2034\020340096.WAV,SO MIKE WIT INTO THE WASHROOM,8,10.0,8,8,8
train,020340098,2034,m,8,C:\Users\azizg\Desktop\pfe-d\data\clarity_datasets\speechocean762\WAVE\SPEAKER2034\020340098.WAV,SO JACK WIT INTO THE HOSPITAL,8,10.0,8,8,8
train,020340109,2034,m,8,C:\Users\azizg\Desktop\pfe-d\data\clarity_datasets\speechocean762\WAVE\SPEAKER2034\020340109.WAV,THEN THE KANGAROO JUMPED REALLY REALLY HIGH,7,10.0,8,8,6
train,020340113,2034,m,8,C:\Users\azizg\Desktop\pfe-d\data\clarity_datasets\speechocean762\WAVE\SPEAKER2034\020340113.WAV,THEN YOU HAVE TO BITTER IT FROM THE TOOLED,8,10.0,8,8,7
train,020340124,2034,m,8,C:\Users\azizg\Desktop\pfe-d\data\clarity_datasets\speechocean762\WAVE\SPEAKER2034\020340124.WAV,I LIKE PANDAS TOY PANDAS,9,10.0,9,8,8
train,020340140,2034,m,8,C:\Users\azizg\Desktop\pfe-d\data\clarity_datasets\speechocean762\WAVE\SPEAKER2034\020340140.WAV,MY TIME IS YOURS,9,10.0,9,9,8
train,020340144,2034,m,8,C:\Users\azizg\Desktop\pfe-d\data\clarity_datasets\speechocean762\WAVE\SPEAKER2034\020340144.WAV,HOW CAN MY BE SO HAPPY DAY AFTER DAY,9,10.0,8,8,8
train,020340156,2034,m,8,C:\Users\azizg\Desktop\pfe-d\data\clarity_datasets\speechocean762\WAVE\SPEAKER2034\020340156.WAV,ONE TWO THREE AND THERE YOU ARE,8,10.0,8,8,8
train,020340162,2034,m,8,C:\Users\azizg\Desktop\pfe-d\data\clarity_datasets\speechocean762\WAVE\SPEAKER2034\020340162.WAV,THESE ARE YOUR BAN PETS,8,10.0,8,8,7
train,020340166,2034,m,8,C:\Users\azizg\Desktop\pfe-d\data\clarity_datasets\speechocean762\WAVE\SPEAKER2034\020340166.WAV,GIVE ME YOUR HANDS,8,10.0,9,9,8
train,020340169,2034,m,8,C:\Users\azizg\Desktop\pfe-d\data\clarity_datasets\speechocean762\WAVE\SPEAKER2034\020340169.WAV,COME TO ME IN THE MORNING,9,10.0,9,9,9
train,020360017,2036,f,21,C:\Users\azizg\Desktop\pfe-d\data\clarity_datasets\speechocean762\WAVE\SPEAKER2036\020360017.WAV,WE ALL HAD A GOOD TIME,9,10.0,10,9,9
train,020360019,2036,f,21,C:\Users\azizg\Desktop\pfe-d\data\clarity_datasets\speechocean762\WAVE\SPEAKER2036\020360019.WAV,THEY COULD NOT HELP BUT NOTICE,9,10.0,9,9,9
train,020360036,2036,f,21,C:\Users\azizg\Desktop\pfe-d\data\clarity_datasets\speechocean762\WAVE\SPEAKER2036\020360036.WAV,AND WE KNOW THAT WE ARE LOVED,9,10.0,9,8,8
train,020360055,2036,f,21,C:\Users\azizg\Desktop\pfe-d\data\clarity_datasets\speechocean762\WAVE\SPEAKER2036\020360055.WAV,THAT'S THE WAY THE SYSTEM IS SUPPOSED TO WORK,8,10.0,8,8,8
train,020360089,2036,f,21,C:\Users\azizg\Desktop\pfe-d\data\clarity_datasets\speechocean762\WAVE\SPEAKER2036\020360089.WAV,DOCTORS HAVE NOT SET A DATE FOR HIS DISCHARGE,9,10.0,9,9,8
train,020360097,2036,f,21,C:\Users\azizg\Desktop\pfe-d\data\clarity_datasets\speechocean762\WAVE\SPEAKER2036\020360097.WAV,THEIR CHILD'S DEATH IS NOT IN VAIN,8,10.0,8,8,8
train,020360100,2036,f,21,C:\Users\azizg\Desktop\pfe-d\data\clarity_datasets\speechocean762\WAVE\SPEAKER2036\020360100.WAV,THIS IS A STEP BACKWARDS FOR US,9,10.0,9,8,8
train,020360131,2036,f,21,C:\Users\azizg\Desktop\pfe-d\data\clarity_datasets\speechocean762\WAVE\SPEAKER2036\020360131.WAV,JUST WANT TO CONTINUE TO MIX THINGS UP A BIT,9,10.0,9,8,8
train,020360136,2036,f,21,C:\Users\azizg\Desktop\pfe-d\data\clarity_datasets\speechocean762\WAVE\SPEAKER2036\020360136.WAV,THIS WILL BE SO GOOD,9,10.0,10,9,9
train,020360143,2036,f,21,C:\Users\azizg\Desktop\pfe-d\data\clarity_datasets\speechocean762\WAVE\SPEAKER2036\020360143.WAV,BUT BACK TO NORMAL NOW,9,10.0,10,9,9
train,020360202,2036,f,21,C:\Users\azizg\Desktop\pfe-d\data\clarity_datasets\speechocean762\WAVE\SPEAKER2036\020360202.WAV,I THOUGHT I HAD LOST MY PHONE,9,10.0,10,10,9
train,020360211,2036,f,21,C:\Users\azizg\Desktop\pfe-d\data\clarity_datasets\speechocean762\WAVE\SPEAKER2036\020360211.WAV,WANT TO TALK ABOUT TO WORK,9,10.0,10,10,9
train,020360220,2036,f,21,C:\Users\azizg\Desktop\pfe-d\data\clarity_datasets\speechocean762\WAVE\SPEAKER2036\020360220.WAV,WILL HAVE TO WAIT AND SEE,9,10.0,10,9,8
train,020360228,2036,f,21,C:\Users\azizg\Desktop\pfe-d\data\clarity_datasets\speechocean762\WAVE\SPEAKER2036\020360228.WAV,I HAD A GREAT DAY,9,10.0,10,9,9
train,020360245,2036,f,21,C:\Users\azizg\Desktop\pfe-d\data\clarity_datasets\speechocean762\WAVE\SPEAKER2036\020360245.WAV,DO I REALLY WANT TO STILL,8,10.0,10,9,8
train,020360299,2036,f,21,C:\Users\azizg\Desktop\pfe-d\data\clarity_datasets\speechocean762\WAVE\SPEAKER2036\020360299.WAV,SHOULD BE INTERESTING TO SEE HOW THEY HANDLE IT,9,10.0,10,9,8
train,020360301,2036,f,21,C:\Users\azizg\Desktop\pfe-d\data\clarity_datasets\speechocean762\WAVE\SPEAKER2036\020360301.WAV,HOW WAS I TO KNOW,10,10.0,10,9,9
train,020360302,2036,f,21,C:\Users\azizg\Desktop\pfe-d\data\clarity_datasets\speechocean762\WAVE\SPEAKER2036\020360302.WAV,HE PUT A SMILE ON MY FACE TONIGHT,10,10.0,9,9,9
train,020360312,2036,f,21,C:\Users\azizg\Desktop\pfe-d\data\clarity_datasets\speechocean762\WAVE\SPEAKER2036\020360312.WAV,IT REMAINS THE STANDARD THE RULE THE TERM OF COMPARISON,9,10.0,10,9,9
train,020360329,2036,f,21,C:\Users\azizg\Desktop\pfe-d\data\clarity_datasets\speechocean762\WAVE\SPEAKER2036\020360329.WAV,I GLANCE OVER AT THE DOOR,10,10.0,10,10,9
train,020590022,2059,f,21,C:\Users\azizg\Desktop\pfe-d\data\clarity_datasets\speechocean762\WAVE\SPEAKER2059\020590022.WAV,THIS WAR IS OVER EXISTENCE,9,10.0,8,8,8
train,020590026,2059,f,21,C:\Users\azizg\Desktop\pfe-d\data\clarity_datasets\speechocean762\WAVE\SPEAKER2059\020590026.WAV,LIGHTING A FIRE IS AN EASY WAY TO GET FOUND,8,10.0,9,8,8
train,020590047,2059,f,21,C:\Users\azizg\Desktop\pfe-d\data\clarity_datasets\speechocean762\WAVE\SPEAKER2059\020590047.WAV,AT LEAST NOT FOR NOW,9,10.0,9,9,9
train,020590077,2059,f,21,C:\Users\azizg\Desktop\pfe-d\data\clarity_datasets\speechocean762\WAVE\SPEAKER2059\020590077.WAV,I WAS PROBABLY FEELING SORRY FOR MYSELF MORE THAN ANYTHING,9,10.0,9,9,9
train,020590103,2059,f,21,C:\Users\azizg\Desktop\pfe-d\data\clarity_datasets\speechocean762\WAVE\SPEAKER2059\020590103.WAV,THAT'S A LOT MORE COMPLICATED,9,10.0,8,8,8
train,020590121,2059,f,21,C:\Users\azizg\Desktop\pfe-d\data\clarity_datasets\speechocean762\WAVE\SPEAKER2059\020590121.WAV,THANKS FOR THE JOY OF OWNERSHIP,9,10.0,9,9,8
train,020590122,2059,f,21,C:\Users\azizg\Desktop\pfe-d\data\clarity_datasets\speechocean762\WAVE\SPEAKER2059\020590122.WAV,WALKED IN THE PARK TODAY,9,10.0,10,9,9
train,020590123,2059,f,21,C:\Users\azizg\Desktop\pfe-d\data\clarity_datasets\speechocean762\WAVE\SPEAKER2059\020590123.WAV,WE WISH YOU COULD BE TOO,9,10.0,9,9,9
train,020590144,2059,f,21,C:\Users\azizg\Desktop\pfe-d\data\clarity_datasets\speechocean762\WAVE\SPEAKER2059\020590144.WAV,CAN YOU PUT A STOP TO THIS MADNESS,8,10.0,9,9,8
train,020590151,2059,f,21,C:\Users\azizg\Desktop\pfe-d\data\clarity_datasets\speechocean762\WAVE\SPEAKER2059\020590151.WAV,NO YOU GO TO BED,9,10.0,9,9,9
train,020590164,2059,f,21,C:\Users\azizg\Desktop\pfe-d\data\clarity_datasets\speechocean762\WAVE\SPEAKER2059\020590164.WAV,I KNOW HOW TO PROGRAM,9,10.0,9,9,9
train,020590181,2059,f,21,C:\Users\azizg\Desktop\pfe-d\data\clarity_datasets\speechocean762\WAVE\SPEAKER2059\020590181.WAV,BOOK A PARTY WITH A DIFFERENCE,9,10.0,10,9,9
train,020590228,2059,f,21,C:\Users\azizg\Desktop\pfe-d\data\clarity_datasets\speechocean762\WAVE\SPEAKER2059\020590228.WAV,GUN DEATH AT THE BOTTOM OF THE LIST,9,10.0,8,8,8
train,020590265,2059,f,21,C:\Users\azizg\Desktop\pfe-d\data\clarity_datasets\speechocean762\WAVE\SPEAKER2059\020590265.WAV,WE ARE SO HAPPY TO HAVE HELPED,9,10.0,9,9,9
train,020590274,2059,f,21,C:\Users\azizg\Desktop\pfe-d\data\clarity_datasets\speechocean762\WAVE\SPEAKER2059\020590274.WAV,THIS WAS ONLY THE START OF THE TRAIL,9,10.0,9,9,9
train,020590276,2059,f,21,C:\Users\azizg\Desktop\pfe-d\data\clarity_datasets\speechocean762\WAVE\SPEAKER2059\020590276.WAV,TODAY I HAVE SO MUCH TO BE THANKFUL FOR,9,10.0,8,8,8
train,020590290,2059,f,21,C:\Users\azizg\Desktop\pfe-d\data\clarity_datasets\speechocean762\WAVE\SPEAKER2059\020590290.WAV,THANK YOU FOR THE POINTS,8,10.0,9,9,7
train,020590322,2059,f,21,C:\Users\azizg\Desktop\pfe-d\data\clarity_datasets\speechocean762\WAVE\SPEAKER2059\020590322.WAV,WE WERE ALWAYS DOING SOMETHING AS IT WAS,9,10.0,9,8,8
train,020590359,2059,f,21,C:\Users\azizg\Desktop\pfe-d\data\clarity_datasets\speechocean762\WAVE\SPEAKER2059\020590359.WAV,DRIVE THE CAR WOULD YOU,9,10.0,9,9,9
train,020590376,2059,f,21,C:\Users\azizg\Desktop\pfe-d\data\clarity_datasets\speechocean762\WAVE\SPEAKER2059\020590376.WAV,THE REBELS HAD COME UPON HIS LAND,9,10.0,8,8,8
train,020610010,2061,f,20,C:\Users\azizg\Desktop\pfe-d\data\clarity_datasets\speechocean762\WAVE\SPEAKER2061\020610010.WAV,I LOST BY ONE VOTE,9,10.0,9,8,8
train,020610014,2061,f,20,C:\Users\azizg\Desktop\pfe-d\data\clarity_datasets\speechocean762\WAVE\SPEAKER2061\020610014.WAV,SHE WAS AMONG THE DEAD,8,10.0,9,9,8
train,020610061,2061,f,20,C:\Users\azizg\Desktop\pfe-d\data\clarity_datasets\speechocean762\WAVE\SPEAKER2061\020610061.WAV,PLANS WERE BEING MADE FOR A MEMORIAL SERVICE,8,10.0,8,8,7
train,020610090,2061,f,20,C:\Users\azizg\Desktop\pfe-d\data\clarity_datasets\speechocean762\WAVE\SPEAKER2061\020610090.WAV,THEY BEAT US ON THE FIELD,9,10.0,9,8,8
train,020610122,2061,f,20,C:\Users\azizg\Desktop\pfe-d\data\clarity_datasets\speechocean762\WAVE\SPEAKER2061\020610122.WAV,THIS IS A NATURAL PART OF LIFE,9,10.0,10,9,8
train,020610134,2061,f,20,C:\Users\azizg\Desktop\pfe-d\data\clarity_datasets\speechocean762\WAVE\SPEAKER2061\020610134.WAV,MAYBE I WILL BE SAFE,9,10.0,8,8,9
train,020610166,2061,f,20,C:\Users\azizg\Desktop\pfe-d\data\clarity_datasets\speechocean762\WAVE\SPEAKER2061\020610166.WAV,TOGETHER WE WILL DO THIS,9,10.0,9,9,9
train,020610168,2061,f,20,C:\Users\azizg\Desktop\pfe-d\data\clarity_datasets\speechocean762\WAVE\SPEAKER2061\020610168.WAV,DECIDE TO LIVE IN A BEAUTIFUL STATE,8,10.0,9,9,8
train,020610174,2061,f,20,C:\Users\azizg\Desktop\pfe-d\data\clarity_datasets\speechocean762\WAVE\SPEAKER2061\020610174.WAV,HOPE IT'S JUST A EUROPE ISSUE,8,10.0,8,9,8
train,020610175,2061,f,20,C:\Users\azizg\Desktop\pfe-d\data\clarity_datasets\speechocean762\WAVE\SPEAKER2061\020610175.WAV,WHAT ARE YOU HOPING TO GAIN,8,10.0,9,9,8
train,020610194,2061,f,20,C:\Users\azizg\Desktop\pfe-d\data\clarity_datasets\speechocean762\WAVE\SPEAKER2061\020610194.WAV,YES IT WAS AN INTERESTING HOUSE,8,10.0,9,8,8
train,020610201,2061,f,20,C:\Users\azizg\Desktop\pfe-d\data\clarity_datasets\speechocean762\WAVE\SPEAKER2061\020610201.WAV,THANK YOU FOR THE ASSIST,8,10.0,8,8,8
train,020610206,2061,f,20,C:\Users\azizg\Desktop\pfe-d\data\clarity_datasets\speechocean762\WAVE\SPEAKER2061\020610206.WAV,NOT THAT KIND OF STORY,9,10.0,8,8,8
train,020610207,2061,f,20,C:\Users\azizg\Desktop\pfe-d\data\clarity_datasets\speechocean762\WAVE\SPEAKER2061\020610207.WAV,WAS IS AND ALWAYS WILL BE,9,10.0,8,7,8
train,020610291,2061,f,20,C:\Users\azizg\Desktop\pfe-d\data\clarity_datasets\speechocean762\WAVE\SPEAKER2061\020610291.WAV,DO YOU HAVE A BATHROOM,9,10.0,9,9,8
train,020610302,2061,f,20,C:\Users\azizg\Desktop\pfe-d\data\clarity_datasets\speechocean762\WAVE\SPEAKER2061\020610302.WAV,QUESTION IS WHERE DO YOU LAND,9,10.0,9,8,8
train,020610316,2061,f,20,C:\Users\azizg\Desktop\pfe-d\data\clarity_datasets\speechocean762\WAVE\SPEAKER2061\020610316.WAV,IT WAS ABOUT THAT PLAN OF ESCAPE,9,10.0,9,9,8
train,020610328,2061,f,20,C:\Users\azizg\Desktop\pfe-d\data\clarity_datasets\speechocean762\WAVE\SPEAKER2061\020610328.WAV,HE TAPPED ON THE GLASS,8,10.0,9,9,8
train,020610341,2061,f,20,C:\Users\azizg\Desktop\pfe-d\data\clarity_datasets\speechocean762\WAVE\SPEAKER2061\020610341.WAV,THEY USED TO BEAT US TO STEAL OUR BRUSHES,8,10.0,8,8,8
train,020610343,2061,f,20,C:\Users\azizg\Desktop\pfe-d\data\clarity_datasets\speechocean762\WAVE\SPEAKER2061\020610343.WAV,I REMEMBER THAT SOME BUT STILL NOTHING OF HER,9,10.0,9,9,9
train,020890003,2089,f,20,C:\Users\azizg\Desktop\pfe-d\data\clarity_datasets\speechocean762\WAVE\SPEAKER2089\020890003.WAV,IT WAS SOMETHING THAT NEVER HAPPENED TO US BEFORE,9,10.0,8,8,8
train,020890037,2089,f,20,C:\Users\azizg\Desktop\pfe-d\data\clarity_datasets\speechocean762\WAVE\SPEAKER2089\020890037.WAV,IT'S STILL THERE FOR ME,9,10.0,9,9,9
train,020890112,2089,f,20,C:\Users\azizg\Desktop\pfe-d\data\clarity_datasets\speechocean762\WAVE\SPEAKER2089\020890112.WAV,BUT THOSE ARE NOT MY DECISIONS,9,10.0,9,9,8
train,020890134,2089,f,20,C:\Users\azizg\Desktop\pfe-d\data\clarity_datasets\speechocean762\WAVE\SPEAKER2089\020890134.WAV,SHOULD BE A WAKE UP CALL,9,10.0,9,9,9
train,020890156,2089,f,20,C:\Users\azizg\Desktop\pfe-d\data\clarity_datasets\speechocean762\WAVE\SPEAKER2089\020890156.WAV,WHAT YOU KNOW ABOUT DREAMS,8,10.0,9,9,8
train,020890165,2089,f,20,C:\Users\azizg\Desktop\pfe-d\data\clarity_datasets\speechocean762\WAVE\SPEAKER2089\020890165.WAV,AS PART OF THE RUN UP TO RELEASE,8,10.0,8,8,8
train,020890206,2089,f,20,C:\Users\azizg\Desktop\pfe-d\data\clarity_datasets\speechocean762\WAVE\SPEAKER2089\020890206.WAV,TRUST ME THERE IS PLENTY OF BREAD,9,10.0,9,9,8
train,020890207,2089,f,20,C:\Users\azizg\Desktop\pfe-d\data\clarity_datasets\speechocean762\WAVE\SPEAKER2089\020890207.WAV,OFTEN NOT SO EASY TO DO,9,10.0,9,9,9
train,020890215,2089,f,20,C:\Users\azizg\Desktop\pfe-d\data\clarity_datasets\speechocean762\WAVE\SPEAKER2089\020890215.WAV,UNTIL YOU SIT AND LISTEN TO IT,8,10.0,9,8,8
train,020890219,2089,f,20,C:\Users\azizg\Desktop\pfe-d\data\clarity_datasets\speechocean762\WAVE\SPEAKER2089\020890219.WAV,DO YOU HAVE THE GLASSES,8,10.0,9,8,8
train,020890259,2089,f,20,C:\Users\azizg\Desktop\pfe-d\data\clarity_datasets\speechocean762\WAVE\SPEAKER2089\020890259.WAV,GLAD YOU ARE HAVING A GOOD TIME,9,10.0,9,9,9
train,020890260,2089,f,20,C:\Users\azizg\Desktop\pfe-d\data\clarity_datasets\speechocean762\WAVE\SPEAKER2089\020890260.WAV,WINDOWS OPEN TRANSFORMERS IN BED,8,10.0,9,8,8
train,020890267,2089,f,20,C:\Users\azizg\Desktop\pfe-d\data\clarity_datasets\speechocean762\WAVE\SPEAKER2089\020890267.WAV,BEST TWO MONTHS OF THE YEAR,9,10.0,9,8,8
train,020890274,2089,f,20,C:\Users\azizg\Desktop\pfe-d\data\clarity_datasets\speechocean762\WAVE\SPEAKER2089\020890274.WAV,I THOUGHT THIS WOULD BE SO EASY TO DRAW,8,10.0,9,9,8
train,020890306,2089,f,20,C:\Users\azizg\Desktop\pfe-d\data\clarity_datasets\speechocean762\WAVE\SPEAKER2089\020890306.WAV,THERE WERE TWO NEW LIVES IN THE HOUSE,9,10.0,8,8,8
train,020890313,2089,f,20,C:\Users\azizg\Desktop\pfe-d\data\clarity_datasets\speechocean762\WAVE\SPEAKER2089\020890313.WAV,BUT HE WOULD NOT LET ME GO,9,10.0,9,9,9
train,020890326,2089,f,20,C:\Users\azizg\Desktop\pfe-d\data\clarity_datasets\speechocean762\WAVE\SPEAKER2089\020890326.WAV,PREDICTION IS AS CLEAR AS DAY IS IT NOT,9,10.0,8,8,8
train,020890340,2089,f,20,C:\Users\azizg\Desktop\pfe-d\data\clarity_datasets\speechocean762\WAVE\SPEAKER2089\020890340.WAV,GO AND GET READY IF YOU WANT TO COME,9,10.0,9,9,9
train,020890346,2089,f,20,C:\Users\azizg\Desktop\pfe-d\data\clarity_datasets\speechocean762\WAVE\SPEAKER2089\020890346.WAV,WHAT WAS SO SPECIAL ABOUT THIS SONG,9,10.0,9,8,8
train,020890371,2089,f,20,C:\Users\azizg\Desktop\pfe-d\data\clarity_datasets\speechocean762\WAVE\SPEAKER2089\020890371.WAV,I KNOW WHO THEY ARE,9,10.0,8,8,8
train,021290009,2129,f,20,C:\Users\azizg\Desktop\pfe-d\data\clarity_datasets\speechocean762\WAVE\SPEAKER2129\021290009.WAV,THE RACE IS TOO CLOSE TO CALL,9,10.0,9,9,9
train,021290011,2129,f,20,C:\Users\azizg\Desktop\pfe-d\data\clarity_datasets\speechocean762\WAVE\SPEAKER2129\021290011.WAV,IT CAN ONLY CONTINUE TO GROW,10,10.0,9,9,9
train,021290068,2129,f,20,C:\Users\azizg\Desktop\pfe-d\data\clarity_datasets\speechocean762\WAVE\SPEAKER2129\021290068.WAV,EVERYONE MIGHT AS WELL GET READY FOR IT,9,10.0,9,9,9
train,021290121,2129,f,20,C:\Users\azizg\Desktop\pfe-d\data\clarity_datasets\speechocean762\WAVE\SPEAKER2129\021290121.WAV,WAKE UP AND MAKE IT HAPPEN,9,10.0,9,9,9
train,021290134,2129,f,20,C:\Users\azizg\Desktop\pfe-d\data\clarity_datasets\speechocean762\WAVE\SPEAKER2129\021290134.WAV,YOU HAVE THE RIGHT TO GROW,10,10.0,10,9,9
train,021290144,2129,f,20,C:\Users\azizg\Desktop\pfe-d\data\clarity_datasets\speechocean762\WAVE\SPEAKER2129\021290144.WAV,MENTALLY READY FOR A FULL DAY OF TRAVEL,9,10.0,10,9,9
train,021290148,2129,f,20,C:\Users\azizg\Desktop\pfe-d\data\clarity_datasets\speechocean762\WAVE\SPEAKER2129\021290148.WAV,IT'S WAY TOO MUCH FOR ME ALREADY,9,10.0,9,9,9
train,021290160,2129,f,20,C:\Users\azizg\Desktop\pfe-d\data\clarity_datasets\speechocean762\WAVE\SPEAKER2129\021290160.WAV,SOMETIMES THE TRUTH IS DISGUSTING,9,10.0,9,9,8
train,021290169,2129,f,20,C:\Users\azizg\Desktop\pfe-d\data\clarity_datasets\speechocean762\WAVE\SPEAKER2129\021290169.WAV,DRIVING TO THE MOON IN STYLE,10,10.0,9,10,9
train,021290173,2129,f,20,C:\Users\azizg\Desktop\pfe-d\data\clarity_datasets\speechocean762\WAVE\SPEAKER2129\021290173.WAV,ALL THE BEST FOR THE MOVIE,9,10.0,9,9,9
train,021290200,2129,f,20,C:\Users\azizg\Desktop\pfe-d\data\clarity_datasets\speechocean762\WAVE\SPEAKER2129\021290200.WAV,PLEASE GO BACK TO THE STARS SYSTEM,9,10.0,9,9,9
train,021290209,2129,f,20,C:\Users\azizg\Desktop\pfe-d\data\clarity_datasets\speechocean762\WAVE\SPEAKER2129\021290209.WAV,AT THE END OF THE DAY EVERYBODY LOST,9,10.0,10,10,9
train,021290235,2129,f,20,C:\Users\azizg\Desktop\pfe-d\data\clarity_datasets\speechocean762\WAVE\SPEAKER2129\021290235.WAV,KNOW ANYONE THAT WOULD BE A GOOD CANDIDATE,9,10.0,10,8,8
train,021290261,2129,f,20,C:\Users\azizg\Desktop\pfe-d\data\clarity_datasets\speechocean762\WAVE\SPEAKER2129\021290261.WAV,WHEN ARE YOU WORKING WITH AGAIN,9,10.0,9,9,9
train,021290282,2129,f,20,C:\Users\azizg\Desktop\pfe-d\data\clarity_datasets\speechocean762\WAVE\SPEAKER2129\021290282.WAV,COULD YOU SEE ON THE BIG SCREEN SOON,9,10.0,10,9,9
train,021290291,2129,f,20,C:\Users\azizg\Desktop\pfe-d\data\clarity_datasets\speechocean762\WAVE\SPEAKER2129\021290291.WAV,AND I HAVE NO IDEA WHO THEY ARE,9,10.0,10,10,9
train,021290319,2129,f,20,C:\Users\azizg\Desktop\pfe-d\data\clarity_datasets\speechocean762\WAVE\SPEAKER2129\021290319.WAV,DO NOT FEAR TO GIVE YOURSELF TO ME,9,10.0,9,9,9
train,021290324,2129,f,20,C:\Users\azizg\Desktop\pfe-d\data\clarity_datasets\speechocean762\WAVE\SPEAKER2129\021290324.WAV,SHE STEPPED INTO THE PASSAGE,10,10.0,9,9,9
train,021290326,2129,f,20,C:\Users\azizg\Desktop\pfe-d\data\clarity_datasets\speechocean762\WAVE\SPEAKER2129\021290326.WAV,I NEVER TO SEE THEM AGAIN,9,10.0,9,9,8
train,021290371,2129,f,20,C:\Users\azizg\Desktop\pfe-d\data\clarity_datasets\speechocean762\WAVE\SPEAKER2129\021290371.WAV,FEAR MUST HAVE TURNED MY HEAD,9,10.0,10,10,9
train,021680007,2168,f,20,C:\Users\azizg\Desktop\pfe-d\data\clarity_datasets\speechocean762\WAVE\SPEAKER2168\021680007.WAV,I HAD HOPED TO DO BETTER,9,10.0,9,9,8
train,021680016,2168,f,20,C:\Users\azizg\Desktop\pfe-d\data\clarity_datasets\speechocean762\WAVE\SPEAKER2168\021680016.WAV,NOT BECAUSE THERE WAS A CROSS THERE,8,10.0,9,9,8
train,021680048,2168,f,20,C:\Users\azizg\Desktop\pfe-d\data\clarity_datasets\speechocean762\WAVE\SPEAKER2168\021680048.WAV,HE WILL BE EXPECTED TO IMPROVE IN BOTH AREAS,9,10.0,10,9,8
train,021680052,2168,f,20,C:\Users\azizg\Desktop\pfe-d\data\clarity_datasets\speechocean762\WAVE\SPEAKER2168\021680052.WAV,STRESS AFTER ALL IS THE ROOT OF DISEASE,9,10.0,9,8,8
train,021680122,2168,f,20,C:\Users\azizg\Desktop\pfe-d\data\clarity_datasets\speechocean762\WAVE\SPEAKER2168\021680122.WAV,I WANT TO TAKE A PICTURE WITH YOU,9,10.0,10,9,9
train,021680154,2168,f,20,C:\Users\azizg\Desktop\pfe-d\data\clarity_datasets\speechocean762\WAVE\SPEAKER2168\021680154.WAV,INTERESTED TO GET YOUR TAKE,9,10.0,9,9,9
train,021680169,2168,f,20,C:\Users\azizg\Desktop\pfe-d\data\clarity_datasets\speechocean762\WAVE\SPEAKER2168\021680169.WAV,I WILL BE AT WORK TOMORROW,9,10.0,9,9,9
train,021680190,2168,f,20,C:\Users\azizg\Desktop\pfe-d\data\clarity_datasets\speechocean762\WAVE\SPEAKER2168\021680190.WAV,FAILURE IS NOT AN OPTION SUCCESS IS JUST A PROCESS,9,10.0,9,9,8
train,021680237,2168,f,20,C:\Users\azizg\Desktop\pfe-d\data\clarity_datasets\speechocean762\WAVE\SPEAKER2168\021680237.WAV,ANY REPORTS ON THE CONTENTS OF THE PIE,9,10.0,9,9,9
train,021680246,2168,f,20,C:\Users\azizg\Desktop\pfe-d\data\clarity_datasets\speechocean762\WAVE\SPEAKER2168\021680246.WAV,MAN PILLAR IS THE BEST,9,10.0,10,9,9
train,021680249,2168,f,20,C:\Users\azizg\Desktop\pfe-d\data\clarity_datasets\speechocean762\WAVE\SPEAKER2168\021680249.WAV,FACTS ARE OF NO IMPORTANCE TO THEM,9,10.0,9,8,8
train,021680251,2168,f,20,C:\Users\azizg\Desktop\pfe-d\data\clarity_datasets\speechocean762\WAVE\SPEAKER2168\021680251.WAV,MAYBE IT'S THE SAME MENU,9,10.0,9,9,9
train,021680266,2168,f,20,C:\Users\azizg\Desktop\pfe-d\data\clarity_datasets\speechocean762\WAVE\SPEAKER2168\021680266.WAV,LOVE COMING TO THE BRAVES GAME,9,10.0,9,8,8
train,021680288,2168,f,20,C:\Users\azizg\Desktop\pfe-d\data\clarity_datasets\speechocean762\WAVE\SPEAKER2168\021680288.WAV,UNLUCKY NOT TO GO ON AND WIN THE GAME TODAY,9,10.0,9,8,8
train,021680297,2168,f,20,C:\Users\azizg\Desktop\pfe-d\data\clarity_datasets\speechocean762\WAVE\SPEAKER2168\021680297.WAV,WE HAD A LITTLE TROUBLE FINDING YOU,9,10.0,9,8,8
train,021680318,2168,f,20,C:\Users\azizg\Desktop\pfe-d\data\clarity_datasets\speechocean762\WAVE\SPEAKER2168\021680318.WAV,OH HE'S A NICE MAN IS YOUR FATHER,9,10.0,9,8,8
train,021680332,2168,f,20,C:\Users\azizg\Desktop\pfe-d\data\clarity_datasets\speechocean762\WAVE\SPEAKER2168\021680332.WAV,THAT WAS WHY WE SHIFTED,9,10.0,9,9,8
train,021680369,2168,f,20,C:\Users\azizg\Desktop\pfe-d\data\clarity_datasets\speechocean762\WAVE\SPEAKER2168\021680369.WAV,HERE IT IS YOU SEE SIR,9,10.0,9,9,8
train,021680379,2168,f,20,C:\Users\azizg\Desktop\pfe-d\data\clarity_datasets\speechocean762\WAVE\SPEAKER2168\021680379.WAV,HENCE THE CYCLE OF THE GAMES IS BRIEF,9,10.0,9,9,8
train,021680380,2168,f,20,C:\Users\azizg\Desktop\pfe-d\data\clarity_datasets\speechocean762\WAVE\SPEAKER2168\021680380.WAV,I TURNED AND THE FRENCH WINDOW WAS OPEN BEHIND ME,8,10.0,9,9,8
train,021700029,2170,f,22,C:\Users\azizg\Desktop\pfe-d\data\clarity_datasets\speechocean762\WAVE\SPEAKER2170\021700029.WAV,A LOT OF PEOPLE REMEMBER THAT ROLE,8,10.0,9,8,8
train,021700034,2170,f,22,C:\Users\azizg\Desktop\pfe-d\data\clarity_datasets\speechocean762\WAVE\SPEAKER2170\021700034.WAV,BUT THE SITUATION WAS ALSO UNCOMFORTABLE,8,10.0,9,9,8
train,021700062,2170,f,22,C:\Users\azizg\Desktop\pfe-d\data\clarity_datasets\speechocean762\WAVE\SPEAKER2170\021700062.WAV,THE TEARS WERE JUST RUNNING OUT OF MY EYES,9,10.0,10,9,9
train,021700077,2170,f,22,C:\Users\azizg\Desktop\pfe-d\data\clarity_datasets\speechocean762\WAVE\SPEAKER2170\021700077.WAV,FOR HER IT'S PRAISE,9,10.0,9,9,8
train,021700120,2170,f,22,C:\Users\azizg\Desktop\pfe-d\data\clarity_datasets\speechocean762\WAVE\SPEAKER2170\021700120.WAV,YOU HAVE TO RESPECT THE OFFICE OF THE PRESIDENT,8,10.0,9,9,8
train,021700131,2170,f,22,C:\Users\azizg\Desktop\pfe-d\data\clarity_datasets\speechocean762\WAVE\SPEAKER2170\021700131.WAV,I WAS TRYING TO FORGET,10,10.0,10,9,9
train,021700139,2170,f,22,C:\Users\azizg\Desktop\pfe-d\data\clarity_datasets\speechocean762\WAVE\SPEAKER2170\021700139.WAV,I GET SOME OF THE CRITICISM,9,10.0,10,10,9
train,021700153,2170,f,22,C:\Users\azizg\Desktop\pfe-d\data\clarity_datasets\speechocean762\WAVE\SPEAKER2170\021700153.WAV,THIS IS PROBABLY GOING TO BE THE BEST MOVIE EVER,9,10.0,10,9,9
train,021700176,2170,f,22,C:\Users\azizg\Desktop\pfe-d\data\clarity_datasets\speechocean762\WAVE\SPEAKER2170\021700176.WAV,I DO IT FOR US,9,10.0,10,10,9
train,021700211,2170,f,22,C:\Users\azizg\Desktop\pfe-d\data\clarity_datasets\speechocean762\WAVE\SPEAKER2170\021700211.WAV,WHICH WAS A STUPID THING TO DO,9,10.0,9,9,9
train,021700224,2170,f,22,C:\Users\azizg\Desktop\pfe-d\data\clarity_datasets\speechocean762\WAVE\SPEAKER2170\021700224.WAV,MAJORITY OF THE DAY WITH MY LOVE,9,10.0,9,9,9
train,021700232,2170,f,22,C:\Users\azizg\Desktop\pfe-d\data\clarity_datasets\speechocean762\WAVE\SPEAKER2170\021700232.WAV,THEY ARE STILL VERY MUCH U S CITIZENS,9,10.0,9,9,9
train,021700236,2170,f,22,C:\Users\azizg\Desktop\pfe-d\data\clarity_datasets\speechocean762\WAVE\SPEAKER2170\021700236.WAV,THANKS TO ALL WHO VOTED FOR US IN THE AWARDS,9,10.0,8,8,8
train,021700240,2170,f,22,C:\Users\azizg\Desktop\pfe-d\data\clarity_datasets\speechocean762\WAVE\SPEAKER2170\021700240.WAV,VERY IMPORTANT VICTORY WE ARE ON THE RIGHT WAY,9,10.0,10,10,9
train,021700277,2170,f,22,C:\Users\azizg\Desktop\pfe-d\data\clarity_datasets\speechocean762\WAVE\SPEAKER2170\021700277.WAV,GOING TO DO SOME WORK IN A BIT,9,10.0,9,9,9
train,021700287,2170,f,22,C:\Users\azizg\Desktop\pfe-d\data\clarity_datasets\speechocean762\WAVE\SPEAKER2170\021700287.WAV,I LEAVE THE HOUSE IN THE DARK,8,8.6,10,9,7
train,021700291,2170,f,22,C:\Users\azizg\Desktop\pfe-d\data\clarity_datasets\speechocean762\WAVE\SPEAKER2170\021700291.WAV,THAT WAS A GREAT CHAPTER,9,10.0,9,10,9
train,021700300,2170,f,22,C:\Users\azizg\Desktop\pfe-d\data\clarity_datasets\speechocean762\WAVE\SPEAKER2170\021700300.WAV,ALL I CAN DO IS SIT BACK AND LAUGH,8,10.0,10,9,8
train,021700362,2170,f,22,C:\Users\azizg\Desktop\pfe-d\data\clarity_datasets\speechocean762\WAVE\SPEAKER2170\021700362.WAV,AND THE ANSWER IS YES,9,10.0,9,9,9
train,021700379,2170,f,22,C:\Users\azizg\Desktop\pfe-d\data\clarity_datasets\speechocean762\WAVE\SPEAKER2170\021700379.WAV,MARK IS A BAD CORRESPONDENT,9,10.0,10,9,9
train,022080028,2208,f,20,C:\Users\azizg\Desktop\pfe-d\data\clarity_datasets\speechocean762\WAVE\SPEAKER2208\022080028.WAV,I THOUGHT IT WAS PRETTY SIMPLE,8,10.0,8,8,8
train,022080038,2208,f,20,C:\Users\azizg\Desktop\pfe-d\data\clarity_datasets\speechocean762\WAVE\SPEAKER2208\022080038.WAV,I THINK THE KEY WORD IS PROBABLY,9,10.0,9,9,8
train,022080085,2208,f,20,C:\Users\azizg\Desktop\pfe-d\data\clarity_datasets\speechocean762\WAVE\SPEAKER2208\022080085.WAV,THERE WAS NO RECORD OF ADOPTION,7,10.0,7,7,7
train,022080100,2208,f,20,C:\Users\azizg\Desktop\pfe-d\data\clarity_datasets\speechocean762\WAVE\SPEAKER2208\022080100.WAV,I WANT TO WIN IT VERY MUCH,8,10.0,9,8,8
train,022080116,2208,f,20,C:\Users\azizg\Desktop\pfe-d\data\clarity_datasets\speechocean762\WAVE\SPEAKER2208\022080116.WAV,NOT THE SAME BUT IT IS DELICIOUS,8,10.0,8,8,8
train,022080124,2208,f,20,C:\Users\azizg\Desktop\pfe-d\data\clarity_datasets\speechocean762\WAVE\SPEAKER2208\022080124.WAV,LET'S TRY AND MAKE IT TO THE NEXT ROUND,9,10.0,10,9,9
train,022080146,2208,f,20,C:\Users\azizg\Desktop\pfe-d\data\clarity_datasets\speechocean762\WAVE\SPEAKER2208\022080146.WAV,WHAT ARE YOU DOING TO GET BETTER,9,10.0,8,8,8
train,022080179,2208,f,20,C:\Users\azizg\Desktop\pfe-d\data\clarity_datasets\speechocean762\WAVE\SPEAKER2208\022080179.WAV,IT'S THE PERFECT TIME TO GET READY FOR THE BEACH,8,10.0,8,8,7
train,022080181,2208,f,20,C:\Users\azizg\Desktop\pfe-d\data\clarity_datasets\speechocean762\WAVE\SPEAKER2208\022080181.WAV,ANY HOPE FOR IT IN THE FUTURE,9,10.0,8,8,8
train,022080186,2208,f,20,C:\Users\azizg\Desktop\pfe-d\data\clarity_datasets\speechocean762\WAVE\SPEAKER2208\022080186.WAV,LOVE THE IDEA OF IT ALL,7,10.0,8,7,7
train,022080187,2208,f,20,C:\Users\azizg\Desktop\pfe-d\data\clarity_datasets\speechocean762\WAVE\SPEAKER2208\022080187.WAV,SO AS SOON AS THAT HAPPENS,9,10.0,8,8,8
train,022080189,2208,f,20,C:\Users\azizg\Desktop\pfe-d\data\clarity_datasets\speechocean762\WAVE\SPEAKER2208\022080189.WAV,AND THERE IS NO ANSWER,9,10.0,8,8,8
train,022080192,2208,f,20,C:\Users\azizg\Desktop\pfe-d\data\clarity_datasets\speechocean762\WAVE\SPEAKER2208\022080192.WAV,WE WANT TO PLAY A LITTLE GAME,9,10.0,9,8,8
train,022080202,2208,f,20,C:\Users\azizg\Desktop\pfe-d\data\clarity_datasets\speechocean762\WAVE\SPEAKER2208\022080202.WAV,TIGERS ARE ON THE BOARD,8,10.0,8,8,8
train,022080204,2208,f,20,C:\Users\azizg\Desktop\pfe-d\data\clarity_datasets\speechocean762\WAVE\SPEAKER2208\022080204.WAV,UNTIL THEN YOU ARE BLOCKED,8,10.0,8,7,7
train,022080210,2208,f,20,C:\Users\azizg\Desktop\pfe-d\data\clarity_datasets\speechocean762\WAVE\SPEAKER2208\022080210.WAV,ARE YOU SUPPOSED TO BE PART OF THE CHRISTIAN RIGHT,8,9.0,8,8,7
train,022080294,2208,f,20,C:\Users\azizg\Desktop\pfe-d\data\clarity_datasets\speechocean762\WAVE\SPEAKER2208\022080294.WAV,AND WHO IS THE JUDGE,8,10.0,8,8,8
train,022080299,2208,f,20,C:\Users\azizg\Desktop\pfe-d\data\clarity_datasets\speechocean762\WAVE\SPEAKER2208\022080299.WAV,I'D LOVE TO PARTICIPATE IN THE NEXT ONE,8,10.0,8,8,8
train,022080340,2208,f,20,C:\Users\azizg\Desktop\pfe-d\data\clarity_datasets\speechocean762\WAVE\SPEAKER2208\022080340.WAV,BECAUSE WHY WOULD ANYBODY CHOOSE TO BE UNHAPPY,9,10.0,9,8,8
train,022080341,2208,f,20,C:\Users\azizg\Desktop\pfe-d\data\clarity_datasets\speechocean762\WAVE\SPEAKER2208\022080341.WAV,HIS FIRST BOW TO THE PUBLIC,9,10.0,8,8,8
train,022360092,2236,m,22,C:\Users\azizg\Desktop\pfe-d\data\clarity_datasets\speechocean762\WAVE\SPEAKER2236\022360092.WAV,SO THAT IS PROBABLY AN UPPER LIMIT,9,10.0,8,8,8
train,022360126,2236,m,22,C:\Users\azizg\Desktop\pfe-d\data\clarity_datasets\speechocean762\WAVE\SPEAKER2236\022360126.WAV,THE ONLY THING HAVE TO PAY IS ATTENTION,9,10.0,9,8,8
train,022360147,2236,m,22,C:\Users\azizg\Desktop\pfe-d\data\clarity_datasets\speechocean762\WAVE\SPEAKER2236\022360147.WAV,YOU ALL IN MY PRAYERS,9,10.0,9,9,9
train,022360159,2236,m,22,C:\Users\azizg\Desktop\pfe-d\data\clarity_datasets\speechocean762\WAVE\SPEAKER2236\022360159.WAV,ARE YOU NOT GOING TO TOUR,9,10.0,9,9,9
train,022360185,2236,m,22,C:\Users\azizg\Desktop\pfe-d\data\clarity_datasets\speechocean762\WAVE\SPEAKER2236\022360185.WAV,WHAT A GREAT FRIDAY EVENING,7,10.0,9,9,7
train,022360186,2236,m,22,C:\Users\azizg\Desktop\pfe-d\data\clarity_datasets\speechocean762\WAVE\SPEAKER2236\022360186.WAV,GLAD YOU LIKE THE SONG,9,10.0,8,8,8
train,022360221,2236,m,22,C:\Users\azizg\Desktop\pfe-d\data\clarity_datasets\speechocean762\WAVE\SPEAKER2236\022360221.WAV,THIS WOULD BE MY LAST WISH,8,10.0,7,7,7
train,022360222,2236,m,22,C:\Users\azizg\Desktop\pfe-d\data\clarity_datasets\speechocean762\WAVE\SPEAKER2236\022360222.WAV,PARKING WOULD SEEM TO ISSUE,8,10.0,7,7,7
train,022360227,2236,m,22,C:\Users\azizg\Desktop\pfe-d\data\clarity_datasets\speechocean762\WAVE\SPEAKER2236\022360227.WAV,WE NEED TO PRAY BADLY,8,10.0,8,7,7
train,022360231,2236,m,22,C:\Users\azizg\Desktop\pfe-d\data\clarity_datasets\speechocean762\WAVE\SPEAKER2236\022360231.WAV,INTERESTING FIRST HALF OF GAMES,7,10.0,8,8,7
train,022360253,2236,m,22,C:\Users\azizg\Desktop\pfe-d\data\clarity_datasets\speechocean762\WAVE\SPEAKER2236\022360253.WAV,I HAVE NOTHING BUT UTMOST RESPECT FOR YOU,8,10.0,8,7,7
train,022360259,2236,m,22,C:\Users\azizg\Desktop\pfe-d\data\clarity_datasets\speechocean762\WAVE\SPEAKER2236\022360259.WAV,WHO'S GOING TO APRIL PARTY,8,10.0,8,7,7
train,022360262,2236,m,22,C:\Users\azizg\Desktop\pfe-d\data\clarity_datasets\speechocean762\WAVE\SPEAKER2236\022360262.WAV,OF COURSE YOU CAN SEEM,8,10.0,8,8,8
train,022360265,2236,m,22,C:\Users\azizg\Desktop\pfe-d\data\clarity_datasets\speechocean762\WAVE\SPEAKER2236\022360265.WAV,AND WHAT WILL YOU DO TO GET THERE,8,10.0,8,7,7
train,022360293,2236,m,22,C:\Users\azizg\Desktop\pfe-d\data\clarity_datasets\speechocean762\WAVE\SPEAKER2236\022360293.WAV,I WAS SO PROUD OF MYSELF,8,10.0,8,8,7
train,022360310,2236,m,22,C:\Users\azizg\Desktop\pfe-d\data\clarity_datasets\speechocean762\WAVE\SPEAKER2236\022360310.WAV,HER MOTHER WHO HAD MADE HER WAS NO HUMAN,8,10.0,8,8,7
train,022360311,2236,m,22,C:\Users\azizg\Desktop\pfe-d\data\clarity_datasets\speechocean762\WAVE\SPEAKER2236\022360311.WAV,COME TO THE HOUSE AND STAY,8,10.0,8,8,7
train,022360321,2236,m,22,C:\Users\azizg\Desktop\pfe-d\data\clarity_datasets\speechocean762\WAVE\SPEAKER2236\022360321.WAV,THERE'S NOTHING THAT UNUSUAL ABOUT THE STRUCTURE OF THE PLAN,7,10.0,8,7,7
train,022360326,2236,m,22,C:\Users\azizg\Desktop\pfe-d\data\clarity_datasets\speechocean762\WAVE\SPEAKER2236\022360326.WAV,WILL FIND THIS OUT SOME DAY,8,10.0,9,9,8
train,022360350,2236,m,22,C:\Users\azizg\Desktop\pfe-d\data\clarity_datasets\speechocean762\WAVE\SPEAKER2236\022360350.WAV,I WILL GO AND LOOK FOR IT,8,10.0,8,8,7
train,022440038,2244,f,20,C:\Users\azizg\Desktop\pfe-d\data\clarity_datasets\speechocean762\WAVE\SPEAKER2244\022440038.WAV,INSURANCE IS A MAJOR CONSIDERATION IN MOVING,8,10.0,9,8,8
train,022440039,2244,f,20,C:\Users\azizg\Desktop\pfe-d\data\clarity_datasets\speechocean762\WAVE\SPEAKER2244\022440039.WAV,HE KNOWS BETTER THAN TO TELL ME ABOUT THOSE THINGS,9,10.0,9,8,8
train,022440062,2244,f,20,C:\Users\azizg\Desktop\pfe-d\data\clarity_datasets\speechocean762\WAVE\SPEAKER2244\022440062.WAV,AFTER THAT COMES THE UNITED STATES AND THE WORLD,8,10.0,8,8,8
train,022440073,2244,f,20,C:\Users\azizg\Desktop\pfe-d\data\clarity_datasets\speechocean762\WAVE\SPEAKER2244\022440073.WAV,THE DANGERS OF HANGING OUT IN PUBLIC PLACES,9,10.0,9,8,8
train,022440126,2244,f,20,C:\Users\azizg\Desktop\pfe-d\data\clarity_datasets\speechocean762\WAVE\SPEAKER2244\022440126.WAV,SO YOU SHOULD BE FINE,9,10.0,10,9,9
train,022440134,2244,f,20,C:\Users\azizg\Desktop\pfe-d\data\clarity_datasets\speechocean762\WAVE\SPEAKER2244\022440134.WAV,THEY HAVE HAD THEIR CHANCE FOR MONTHS,9,10.0,8,8,8
train,022440139,2244,f,20,C:\Users\azizg\Desktop\pfe-d\data\clarity_datasets\speechocean762\WAVE\SPEAKER2244\022440139.WAV,POP IT ON THE LIST,9,10.0,10,9,9
train,022440144,2244,f,20,C:\Users\azizg\Desktop\pfe-d\data\clarity_datasets\speechocean762\WAVE\SPEAKER2244\022440144.WAV,SO YOU KNOW THE USUAL,9,10.0,9,8,8
train,022440165,2244,f,20,C:\Users\azizg\Desktop\pfe-d\data\clarity_datasets\speechocean762\WAVE\SPEAKER2244\022440165.WAV,SEEING YOU LIKE THIS IS NOT PRETTY,9,10.0,9,8,8
train,022440180,2244,f,20,C:\Users\azizg\Desktop\pfe-d\data\clarity_datasets\speechocean762\WAVE\SPEAKER2244\022440180.WAV,NOTHING BETTER THAN A DAY AT THE BEACH,9,10.0,8,8,8
train,022440189,2244,f,20,C:\Users\azizg\Desktop\pfe-d\data\clarity_datasets\speechocean762\WAVE\SPEAKER2244\022440189.WAV,IT'S UP TO YOU TO MAKE SURE THEY NEVER FORGET,9,10.0,9,8,8
train,022440215,2244,f,20,C:\Users\azizg\Desktop\pfe-d\data\clarity_datasets\speechocean762\WAVE\SPEAKER2244\022440215.WAV,YOU WILL BE THERE IN SPIRIT,9,10.0,8,8,8
train,022440277,2244,f,20,C:\Users\azizg\Desktop\pfe-d\data\clarity_datasets\speechocean762\WAVE\SPEAKER2244\022440277.WAV,PLEASE KEEP IN TOUCH WITH ME,8,10.0,9,9,8
train,022440286,2244,f,20,C:\Users\azizg\Desktop\pfe-d\data\clarity_datasets\speechocean762\WAVE\SPEAKER2244\022440286.WAV,WHAT'S THE BEST WAY TO GET A HOLD OF YOU,8,10.0,8,8,7
train,022440312,2244,f,20,C:\Users\azizg\Desktop\pfe-d\data\clarity_datasets\speechocean762\WAVE\SPEAKER2244\022440312.WAV,IT'S AS STEADY AS A ROCK,8,10.0,9,8,8
train,022440337,2244,f,20,C:\Users\azizg\Desktop\pfe-d\data\clarity_datasets\speechocean762\WAVE\SPEAKER2244\022440337.WAV,WHEN SHE LOOKED UP SHE BEAMED,8,10.0,8,8,8
train,022440340,2244,f,20,C:\Users\azizg\Desktop\pfe-d\data\clarity_datasets\speechocean762\WAVE\SPEAKER2244\022440340.WAV,THE TRAIL THOUGH WOULD BE EXTENSIVE,9,10.0,8,8,8
train,022440352,2244,f,20,C:\Users\azizg\Desktop\pfe-d\data\clarity_datasets\speechocean762\WAVE\SPEAKER2244\022440352.WAV,A THOUSAND YEARS AGO IT SEEMED,8,10.0,8,8,8
train,022440361,2244,f,20,C:\Users\azizg\Desktop\pfe-d\data\clarity_datasets\speechocean762\WAVE\SPEAKER2244\022440361.WAV,BUT ONLY IF SHE COULD HANDLE THE HEAT,9,10.0,8,8,8
train,022440362,2244,f,20,C:\Users\azizg\Desktop\pfe-d\data\clarity_datasets\speechocean762\WAVE\SPEAKER2244\022440362.WAV,AS IF SHE WANTED HIM TO LEAVE,9,10.0,8,8,8
train,022510066,2251,f,21,C:\Users\azizg\Desktop\pfe-d\data\clarity_datasets\speechocean762\WAVE\SPEAKER2251\022510066.WAV,BUT WE WOULD ASK MORE OF YOU,8,10.0,9,8,8
train,022510069,2251,f,21,C:\Users\azizg\Desktop\pfe-d\data\clarity_datasets\speechocean762\WAVE\SPEAKER2251\022510069.WAV,THAT'S WHY IT IS SO DIFFICULT,8,10.0,8,8,8
train,022510089,2251,f,21,C:\Users\azizg\Desktop\pfe-d\data\clarity_datasets\speechocean762\WAVE\SPEAKER2251\022510089.WAV,BUT WE ARE NOT RESPONSIBLE FOR THIS,8,10.0,8,8,8
train,022510093,2251,f,21,C:\Users\azizg\Desktop\pfe-d\data\clarity_datasets\speechocean762\WAVE\SPEAKER2251\022510093.WAV,WE MIGHT GET BEAT AND WE MIGHT WIN,8,10.0,8,8,8
train,022510095,2251,f,21,C:\Users\azizg\Desktop\pfe-d\data\clarity_datasets\speechocean762\WAVE\SPEAKER2251\022510095.WAV,THEY ALL LIVED IN THE SAME STREET,9,10.0,9,8,8
train,022510122,2251,f,21,C:\Users\azizg\Desktop\pfe-d\data\clarity_datasets\speechocean762\WAVE\SPEAKER2251\022510122.WAV,YOU KNOW THIS COULD BE TRUE,9,10.0,9,8,8
train,022510152,2251,f,21,C:\Users\azizg\Desktop\pfe-d\data\clarity_datasets\speechocean762\WAVE\SPEAKER2251\022510152.WAV,TAG A FRIEND YOU WISH YOU WERE HERE WITH,8,10.0,8,8,8
train,022510166,2251,f,21,C:\Users\azizg\Desktop\pfe-d\data\clarity_datasets\speechocean762\WAVE\SPEAKER2251\022510166.WAV,FASHION IS IN A TERRIBLE STATE,10,10.0,9,8,9
train,022510190,2251,f,21,C:\Users\azizg\Desktop\pfe-d\data\clarity_datasets\speechocean762\WAVE\SPEAKER2251\022510190.WAV,IT'S A BIT OF A FEAR FOR ME THAT,9,10.0,9,8,8
train,022510211,2251,f,21,C:\Users\azizg\Desktop\pfe-d\data\clarity_datasets\speechocean762\WAVE\SPEAKER2251\022510211.WAV,HOW ABOUT THIS FOR A CHANGE,8,10.0,9,9,8
train,022510230,2251,f,21,C:\Users\azizg\Desktop\pfe-d\data\clarity_datasets\speechocean762\WAVE\SPEAKER2251\022510230.WAV,THAT WAY PEOPLE WOULD LOVE TO SEE IT LIVE,9,10.0,9,8,8
train,022510237,2251,f,21,C:\Users\azizg\Desktop\pfe-d\data\clarity_datasets\speechocean762\WAVE\SPEAKER2251\022510237.WAV,I THINK WE SHOULD GET HIM ON THE SHOW,9,10.0,10,9,9
train,022510255,2251,f,21,C:\Users\azizg\Desktop\pfe-d\data\clarity_datasets\speechocean762\WAVE\SPEAKER2251\022510255.WAV,I MAY STILL BE TIRED,10,10.0,10,9,9
train,022510266,2251,f,21,C:\Users\azizg\Desktop\pfe-d\data\clarity_datasets\speechocean762\WAVE\SPEAKER2251\022510266.WAV,VIDEO ABOUT THE NEW LOCATION,9,10.0,9,9,9
train,022510276,2251,f,21,C:\Users\azizg\Desktop\pfe-d\data\clarity_datasets\speechocean762\WAVE\SPEAKER2251\022510276.WAV,REMEMBER THAT WE ARE ALL EQUAL,10,10.0,9,9,9
train,022510291,2251,f,21,C:\Users\azizg\Desktop\pfe-d\data\clarity_datasets\speechocean762\WAVE\SPEAKER2251\022510291.WAV,MATCH OF THE YEAR SO FAR,10,10.0,9,9,9
train,022510300,2251,f,21,C:\Users\azizg\Desktop\pfe-d\data\clarity_datasets\speechocean762\WAVE\SPEAKER2251\022510300.WAV,I THINK IT IS TIME,9,10.0,9,9,9
train,022510320,2251,f,21,C:\Users\azizg\Desktop\pfe-d\data\clarity_datasets\speechocean762\WAVE\SPEAKER2251\022510320.WAV,KEEPING MY HAND IN MY POCKET,9,10.0,9,9,9
train,022510323,2251,f,21,C:\Users\azizg\Desktop\pfe-d\data\clarity_datasets\speechocean762\WAVE\SPEAKER2251\022510323.WAV,SHE WANTS TO GET CAUGHT,9,10.0,9,9,9
train,022510368,2251,f,21,C:\Users\azizg\Desktop\pfe-d\data\clarity_datasets\speechocean762\WAVE\SPEAKER2251\022510368.WAV,BUT HOW MANY WILL NEVER SEE IT,10,10.0,9,8,9
train,022820020,2282,f,21,C:\Users\azizg\Desktop\pfe-d\data\clarity_datasets\speechocean762\WAVE\SPEAKER2282\022820020.WAV,THE MAN YOU ARE TALKING ABOUT HAD A BROWN JACKET,8,10.0,8,8,7
train,022820021,2282,f,21,C:\Users\azizg\Desktop\pfe-d\data\clarity_datasets\speechocean762\WAVE\SPEAKER2282\022820021.WAV,SOME WORKERS WERE BACK ON THE JOB,8,10.0,7,7,8
train,022820026,2282,f,21,C:\Users\azizg\Desktop\pfe-d\data\clarity_datasets\speechocean762\WAVE\SPEAKER2282\022820026.WAV,THEY WOULD NOT STAND FOR IT,9,10.0,8,7,8
train,022820042,2282,f,21,C:\Users\azizg\Desktop\pfe-d\data\clarity_datasets\speechocean762\WAVE\SPEAKER2282\022820042.WAV,SOMEBODY WHO CAN HIT HOME RUNS AND DRIVE IN RUNS,7,10.0,8,7,7
train,022820062,2282,f,21,C:\Users\azizg\Desktop\pfe-d\data\clarity_datasets\speechocean762\WAVE\SPEAKER2282\022820062.WAV,HE PROBABLY IS THE MOST TALENTED IN THE SECONDARY,8,10.0,9,8,7
train,022820072,2282,f,21,C:\Users\azizg\Desktop\pfe-d\data\clarity_datasets\speechocean762\WAVE\SPEAKER2282\022820072.WAV,IF THERE WERE GAMES WE WOULD BENEFIT FROM THEM,8,10.0,8,7,7
train,022820079,2282,f,21,C:\Users\azizg\Desktop\pfe-d\data\clarity_datasets\speechocean762\WAVE\SPEAKER2282\022820079.WAV,I WAS WATCHING BACK AND FIRTH BACK AND FIRTH,8,10.0,9,8,8
train,022820106,2282,f,21,C:\Users\azizg\Desktop\pfe-d\data\clarity_datasets\speechocean762\WAVE\SPEAKER2282\022820106.WAV,MANY OF THE TROOPS WERE BADLY BURNED,7,10.0,8,8,7
train,022820107,2282,f,21,C:\Users\azizg\Desktop\pfe-d\data\clarity_datasets\speechocean762\WAVE\SPEAKER2282\022820107.WAV,I JUST WANTED TO PLAY STEADY,8,10.0,8,7,7
train,022820121,2282,f,21,C:\Users\azizg\Desktop\pfe-d\data\clarity_datasets\speechocean762\WAVE\SPEAKER2282\022820121.WAV,ANIMAL KINGDOM DAY AND NIGHT,8,10.0,8,8,8
train,022820134,2282,f,21,C:\Users\azizg\Desktop\pfe-d\data\clarity_datasets\speechocean762\WAVE\SPEAKER2282\022820134.WAV,WHAT A GREAT SUNDAY MORNING,8,10.0,8,8,8
train,022820142,2282,f,21,C:\Users\azizg\Desktop\pfe-d\data\clarity_datasets\speechocean762\WAVE\SPEAKER2282\022820142.WAV,THEY HAD A GOOD SEASON,8,10.0,9,9,8
train,022820155,2282,f,21,C:\Users\azizg\Desktop\pfe-d\data\clarity_datasets\speechocean762\WAVE\SPEAKER2282\022820155.WAV,QUICK CHANGE HOW DO YOU DO IT,9,10.0,8,8,8
train,022820191,2282,f,21,C:\Users\azizg\Desktop\pfe-d\data\clarity_datasets\speechocean762\WAVE\SPEAKER2282\022820191.WAV,GOING TO TRY AND MAKE IT,9,10.0,9,9,9
train,022820197,2282,f,21,C:\Users\azizg\Desktop\pfe-d\data\clarity_datasets\speechocean762\WAVE\SPEAKER2282\022820197.WAV,FIRST GAME DAY OF THE YEAR,8,10.0,8,8,8
train,022820281,2282,f,21,C:\Users\azizg\Desktop\pfe-d\data\clarity_datasets\speechocean762\WAVE\SPEAKER2282\022820281.WAV,WE ARE IN THE BACK,8,10.0,9,9,8
train,022820291,2282,f,21,C:\Users\azizg\Desktop\pfe-d\data\clarity_datasets\speechocean762\WAVE\SPEAKER2282\022820291.WAV,I READ A LOT OF FICTION,8,10.0,9,9,8
train,022820293,2282,f,21,C:\Users\azizg\Desktop\pfe-d\data\clarity_datasets\speechocean762\WAVE\SPEAKER2282\022820293.WAV,EDGE OF TOMORROW IS GOOD TIME,8,10.0,8,8,8
train,022820317,2282,f,21,C:\Users\azizg\Desktop\pfe-d\data\clarity_datasets\speechocean762\WAVE\SPEAKER2282\022820317.WAV,WE CAN TALK ABOUT THIS LATER,8,10.0,9,8,8
train,022820357,2282,f,21,C:\Users\azizg\Desktop\pfe-d\data\clarity_datasets\speechocean762\WAVE\SPEAKER2282\022820357.WAV,HERE'S THE GREAT MAN HIMSELF,8,10.0,8,8,7
train,023800015,2380,f,21,C:\Users\azizg\Desktop\pfe-d\data\clarity_datasets\speechocean762\WAVE\SPEAKER2380\023800015.WAV,I AM SO SORRY TO ALL OF YOU,8,10.0,8,8,8
train,023800042,2380,f,21,C:\Users\azizg\Desktop\pfe-d\data\clarity_datasets\speechocean762\WAVE\SPEAKER2380\023800042.WAV,THE OTHERS WERE TREATED IN THE EMERGENCY ROOM,8,10.0,7,8,7
train,023800056,2380,f,21,C:\Users\azizg\Desktop\pfe-d\data\clarity_datasets\speechocean762\WAVE\SPEAKER2380\023800056.WAV,HE MAY HAVE ALREADY STARTED,8,10.0,8,8,8
train,023800093,2380,f,21,C:\Users\azizg\Desktop\pfe-d\data\clarity_datasets\speechocean762\WAVE\SPEAKER2380\023800093.WAV,THAT'S A GOOD WAY TO APPROACH IT I THINK,8,10.0,8,8,8
train,023800114,2380,f,21,C:\Users\azizg\Desktop\pfe-d\data\clarity_datasets\speechocean762\WAVE\SPEAKER2380\023800114.WAV,HE SHOULD HAVE LET THE ORGANIZATION AND THE MANAGER KNOW,9,10.0,8,8,8
train,023800124,2380,f,21,C:\Users\azizg\Desktop\pfe-d\data\clarity_datasets\speechocean762\WAVE\SPEAKER2380\023800124.WAV,WE HAVE TO LET THEM KNOW THEY ARE SPECIAL,9,10.0,8,8,9
train,023800160,2380,f,21,C:\Users\azizg\Desktop\pfe-d\data\clarity_datasets\speechocean762\WAVE\SPEAKER2380\023800160.WAV,GOING TO ANY OTHER GAMES,9,10.0,9,9,8
train,023800186,2380,f,21,C:\Users\azizg\Desktop\pfe-d\data\clarity_datasets\speechocean762\WAVE\SPEAKER2380\023800186.WAV,I MADE IT TO THE FINALE,8,10.0,9,9,8
train,023800242,2380,f,21,C:\Users\azizg\Desktop\pfe-d\data\clarity_datasets\speechocean762\WAVE\SPEAKER2380\023800242.WAV,CERTAINLY YOU CAN BE MORE SPECIFIC,9,10.0,8,8,8
train,023800260,2380,f,21,C:\Users\azizg\Desktop\pfe-d\data\clarity_datasets\speechocean762\WAVE\SPEAKER2380\023800260.WAV,HOW MUCH TIME DO YOU SPEND DOING,9,10.0,8,8,8
train,023800277,2380,f,21,C:\Users\azizg\Desktop\pfe-d\data\clarity_datasets\speechocean762\WAVE\SPEAKER2380\023800277.WAV,BUT NO NEED FOR THAT NOW,9,10.0,9,9,9
train,023800278,2380,f,21,C:\Users\azizg\Desktop\pfe-d\data\clarity_datasets\speechocean762\WAVE\SPEAKER2380\023800278.WAV,I WAS ABLE TO DEFEND AGAINST IT SUCCESSFULLY,9,10.0,9,8,8
train,023800280,2380,f,21,C:\Users\azizg\Desktop\pfe-d\data\clarity_datasets\speechocean762\WAVE\SPEAKER2380\023800280.WAV,HOPE SHE HAD A GOOD DAY MATE,9,10.0,9,8,8
train,023800298,2380,f,21,C:\Users\azizg\Desktop\pfe-d\data\clarity_datasets\speechocean762\WAVE\SPEAKER2380\023800298.WAV,PLANTS GROW TO THE SIZE OF THE POT,9,10.0,8,8,8
train,023800326,2380,f,21,C:\Users\azizg\Desktop\pfe-d\data\clarity_datasets\speechocean762\WAVE\SPEAKER2380\023800326.WAV,THAT KID HAD NOTHING TO DO WITH IT,9,10.0,9,8,9
train,023800330,2380,f,21,C:\Users\azizg\Desktop\pfe-d\data\clarity_datasets\speechocean762\WAVE\SPEAKER2380\023800330.WAV,IT WAS PROBABLY ABOUT FIVE O'CLOCK IN THE MORNING,9,10.0,9,8,8
train,023800338,2380,f,21,C:\Users\azizg\Desktop\pfe-d\data\clarity_datasets\speechocean762\WAVE\SPEAKER2380\023800338.WAV,THIS IS NO FANCY SKETCH BUT THE TRUTH,8,10.0,9,9,8
train,023800352,2380,f,21,C:\Users\azizg\Desktop\pfe-d\data\clarity_datasets\speechocean762\WAVE\SPEAKER2380\023800352.WAV,SHE WAS LARGE AND SHE WAS KIND,9,10.0,9,8,8
train,023800363,2380,f,21,C:\Users\azizg\Desktop\pfe-d\data\clarity_datasets\speechocean762\WAVE\SPEAKER2380\023800363.WAV,THUS FAR THEREFORE ALL WAS WELL,9,10.0,9,8,8
train,023800368,2380,f,21,C:\Users\azizg\Desktop\pfe-d\data\clarity_datasets\speechocean762\WAVE\SPEAKER2380\023800368.WAV,THE HOUSE WAS VERY STILL,9,10.0,9,9,8
train,024020047,2402,f,21,C:\Users\azizg\Desktop\pfe-d\data\clarity_datasets\speechocean762\WAVE\SPEAKER2402\024020047.WAV,ARE YOU GOING TO HAVE ANOTHER DRINK,10,10.0,10,9,9
train,024020051,2402,f,21,C:\Users\azizg\Desktop\pfe-d\data\clarity_datasets\speechocean762\WAVE\SPEAKER2402\024020051.WAV,AS OF MONDAY MORNING THE POST IS STILL UP,8,10.0,8,8,8
train,024020053,2402,f,21,C:\Users\azizg\Desktop\pfe-d\data\clarity_datasets\speechocean762\WAVE\SPEAKER2402\024020053.WAV,THAT'S A LONG WAY TO RUN,9,10.0,9,9,8
train,024020069,2402,f,21,C:\Users\azizg\Desktop\pfe-d\data\clarity_datasets\speechocean762\WAVE\SPEAKER2402\024020069.WAV,THERE WAS NO REQUEST MADE FOR THE GUARD TODAY,8,10.0,8,8,8
train,024020084,2402,f,21,C:\Users\azizg\Desktop\pfe-d\data\clarity_datasets\speechocean762\WAVE\SPEAKER2402\024020084.WAV,HE'S HONEST TO BE THE BONE,8,10.0,9,9,8
train,024020142,2402,f,21,C:\Users\azizg\Desktop\pfe-d\data\clarity_datasets\speechocean762\WAVE\SPEAKER2402\024020142.WAV,INTERESTED IN LEARNING MORE ABOUT THE EVENTS I PRODUCE,8,10.0,9,9,8
train,024020158,2402,f,21,C:\Users\azizg\Desktop\pfe-d\data\clarity_datasets\speechocean762\WAVE\SPEAKER2402\024020158.WAV,WELL TIME FOR ME TO GO TO SLEEP,9,10.0,9,9,9
train,024020175,2402,f,21,C:\Users\azizg\Desktop\pfe-d\data\clarity_datasets\speechocean762\WAVE\SPEAKER2402\024020175.WAV,ALCOHOL IS ALWAYS THE ANSWER,9,10.0,9,9,8
train,024020176,2402,f,21,C:\Users\azizg\Desktop\pfe-d\data\clarity_datasets\speechocean762\WAVE\SPEAKER2402\024020176.WAV,PUMPED FOR THE RETURN OF THE KING TODAY,9,10.0,9,9,9
train,024020205,2402,f,21,C:\Users\azizg\Desktop\pfe-d\data\clarity_datasets\speechocean762\WAVE\SPEAKER2402\024020205.WAV,IT SHOULD BE A GOOD NIGHT,9,10.0,9,9,9
train,024020233,2402,f,21,C:\Users\azizg\Desktop\pfe-d\data\clarity_datasets\speechocean762\WAVE\SPEAKER2402\024020233.WAV,SO THIS SEEMS LIKE A PRETTY BIG DEAL,9,10.0,9,9,9
train,024020238,2402,f,21,C:\Users\azizg\Desktop\pfe-d\data\clarity_datasets\speechocean762\WAVE\SPEAKER2402\024020238.WAV,SEE ALL I HAD TO DO WAS COMPLAIN,10,10.0,8,9,9
train,024020253,2402,f,21,C:\Users\azizg\Desktop\pfe-d\data\clarity_datasets\speechocean762\WAVE\SPEAKER2402\024020253.WAV,SPIRITUAL FORMATION IS NOT SOMETHING WE MASTER,7,10.0,8,8,7
train,024020256,2402,f,21,C:\Users\azizg\Desktop\pfe-d\data\clarity_datasets\speechocean762\WAVE\SPEAKER2402\024020256.WAV,WINNING IS SO MUCH FUN,10,10.0,9,10,9
train,024020260,2402,f,21,C:\Users\azizg\Desktop\pfe-d\data\clarity_datasets\speechocean762\WAVE\SPEAKER2402\024020260.WAV,BLESS SUGAR RAY AND HIS FAMILY,9,10.0,9,9,9
train,024020265,2402,f,21,C:\Users\azizg\Desktop\pfe-d\data\clarity_datasets\speechocean762\WAVE\SPEAKER2402\024020265.WAV,HANGING OUT AT THE BEACH,9,10.0,10,9,9
train,024020291,2402,f,21,C:\Users\azizg\Desktop\pfe-d\data\clarity_datasets\speechocean762\WAVE\SPEAKER2402\024020291.WAV,THE MOST BEAUTIFUL WOMAN IN THE UNIVERSE,9,10.0,9,8,8
train,024020321,2402,f,21,C:\Users\azizg\Desktop\pfe-d\data\clarity_datasets\speechocean762\WAVE\SPEAKER2402\024020321.WAV,IT IS NOW TWO O'CLOCK,9,10.0,10,10,9
train,024020328,2402,f,21,C:\Users\azizg\Desktop\pfe-d\data\clarity_datasets\speechocean762\WAVE\SPEAKER2402\024020328.WAV,HE WAS TWENTY WHEN HE LEARNED THE TRUTH ABOUT HIMSELF,9,10.0,9,9,9
train,024020337,2402,f,21,C:\Users\azizg\Desktop\pfe-d\data\clarity_datasets\speechocean762\WAVE\SPEAKER2402\024020337.WAV,I WISH YOU TO TAKE CARE OF THESE TWO LETTERS,9,10.0,9,9,9
train,024270011,2427,f,22,C:\Users\azizg\Desktop\pfe-d\data\clarity_datasets\speechocean762\WAVE\SPEAKER2427\024270011.WAV,MORE SNOW WAS IN THE FORECAST FOR MONDAY NIGHT,9,10.0,8,8,8
train,024270019,2427,f,22,C:\Users\azizg\Desktop\pfe-d\data\clarity_datasets\speechocean762\WAVE\SPEAKER2427\024270019.WAV,IN THIS CASE IT'S NOT NECESSARY,9,10.0,9,8,8
train,024270028,2427,f,22,C:\Users\azizg\Desktop\pfe-d\data\clarity_datasets\speechocean762\WAVE\SPEAKER2427\024270028.WAV,TODAY THEY ARE MORE DYNAMIC AND MORE HUMANE,9,10.0,7,7,8
train,024270051,2427,f,22,C:\Users\azizg\Desktop\pfe-d\data\clarity_datasets\speechocean762\WAVE\SPEAKER2427\024270051.WAV,OTHERS ARE NOT QUITE SO SURE HOWEVER,8,10.0,8,8,8
train,024270053,2427,f,22,C:\Users\azizg\Desktop\pfe-d\data\clarity_datasets\speechocean762\WAVE\SPEAKER2427\024270053.WAV,THEY ARE SO DEEP IN TALENT,10,10.0,9,8,9
train,024270057,2427,f,22,C:\Users\azizg\Desktop\pfe-d\data\clarity_datasets\speechocean762\WAVE\SPEAKER2427\024270057.WAV,EACH TEAM STARTS AT THE SAME TIME,8,10.0,8,8,8
train,024270077,2427,f,22,C:\Users\azizg\Desktop\pfe-d\data\clarity_datasets\speechocean762\WAVE\SPEAKER2427\024270077.WAV,BUT I SAW IT AGAIN,8,10.0,9,9,8
train,024270127,2427,f,22,C:\Users\azizg\Desktop\pfe-d\data\clarity_datasets\speechocean762\WAVE\SPEAKER2427\024270127.WAV,WE WERE TALKING ABOUT SOCCER,9,10.0,9,9,9
train,024270155,2427,f,22,C:\Users\azizg\Desktop\pfe-d\data\clarity_datasets\speechocean762\WAVE\SPEAKER2427\024270155.WAV,BACK AND AT JUST THE RIGHT TIME,8,10.0,9,8,7
train,024270168,2427,f,22,C:\Users\azizg\Desktop\pfe-d\data\clarity_datasets\speechocean762\WAVE\SPEAKER2427\024270168.WAV,WHAT DO YOU THINK THOSE ARE,8,10.0,10,9,8
train,024270176,2427,f,22,C:\Users\azizg\Desktop\pfe-d\data\clarity_datasets\speechocean762\WAVE\SPEAKER2427\024270176.WAV,STILL WAITING FOR IT TO HAPPEN,8,10.0,9,9,8
train,024270178,2427,f,22,C:\Users\azizg\Desktop\pfe-d\data\clarity_datasets\speechocean762\WAVE\SPEAKER2427\024270178.WAV,LOOKS TO BE WORTH THE WAIT,8,10.0,8,8,7
train,024270183,2427,f,22,C:\Users\azizg\Desktop\pfe-d\data\clarity_datasets\speechocean762\WAVE\SPEAKER2427\024270183.WAV,FEELS SO GOOD TO BE BACK TOGETHER,9,10.0,9,8,8
train,024270197,2427,f,22,C:\Users\azizg\Desktop\pfe-d\data\clarity_datasets\speechocean762\WAVE\SPEAKER2427\024270197.WAV,LISTEN TO IT IN ALL ITS GLORY,8,10.0,8,8,8
train,024270206,2427,f,22,C:\Users\azizg\Desktop\pfe-d\data\clarity_datasets\speechocean762\WAVE\SPEAKER2427\024270206.WAV,MASKS ARE PART OF UNIFORM,8,10.0,9,8,8
train,024270245,2427,f,22,C:\Users\azizg\Desktop\pfe-d\data\clarity_datasets\speechocean762\WAVE\SPEAKER2427\024270245.WAV,WHEN IS IT TIME TO TALK ABOUT GUNS,8,10.0,8,8,8
train,024270270,2427,f,22,C:\Users\azizg\Desktop\pfe-d\data\clarity_datasets\speechocean762\WAVE\SPEAKER2427\024270270.WAV,THIS IS NOT A NICE STORY IT'S TRUE,9,10.0,9,9,9
train,024270292,2427,f,22,C:\Users\azizg\Desktop\pfe-d\data\clarity_datasets\speechocean762\WAVE\SPEAKER2427\024270292.WAV,WE SHOULD TOTALLY GO FOR A WALK,8,10.0,9,9,8
train,024270313,2427,f,22,C:\Users\azizg\Desktop\pfe-d\data\clarity_datasets\speechocean762\WAVE\SPEAKER2427\024270313.WAV,BUT THEY MUST DO IT,8,10.0,9,9,8
train,024270336,2427,f,22,C:\Users\azizg\Desktop\pfe-d\data\clarity_datasets\speechocean762\WAVE\SPEAKER2427\024270336.WAV,AND NOW IT'S MY TURN,9,10.0,9,9,9
train,024300001,2430,f,22,C:\Users\azizg\Desktop\pfe-d\data\clarity_datasets\speechocean762\WAVE\SPEAKER2430\024300001.WAV,THERE MAY BE A WAY TO CHANGE ALL THAT,9,10.0,9,9,9
train,024300052,2430,f,22,C:\Users\azizg\Desktop\pfe-d\data\clarity_datasets\speechocean762\WAVE\SPEAKER2430\024300052.WAV,NOW HE'S OPEN HE CAN SELL IT TO YOU,8,10.0,8,8,8
train,024300061,2430,f,22,C:\Users\azizg\Desktop\pfe-d\data\clarity_datasets\speechocean762\WAVE\SPEAKER2430\024300061.WAV,IT WAS A NEW MARKET,9,10.0,9,9,9
train,024300063,2430,f,22,C:\Users\azizg\Desktop\pfe-d\data\clarity_datasets\speechocean762\WAVE\SPEAKER2430\024300063.WAV,COULD YOU PUT HIM ON THE BOARD,9,10.0,9,9,9
train,024300065,2430,f,22,C:\Users\azizg\Desktop\pfe-d\data\clarity_datasets\speechocean762\WAVE\SPEAKER2430\024300065.WAV,HE WAS NOT SUPPORTED BY THE PARTY THERE,8,10.0,9,8,8
train,024300068,2430,f,22,C:\Users\azizg\Desktop\pfe-d\data\clarity_datasets\speechocean762\WAVE\SPEAKER2430\024300068.WAV,SO THEY HAVE TO GO WITH MORE SOPHISTICATE POSITIONING,8,10.0,7,7,7
train,024300080,2430,f,22,C:\Users\azizg\Desktop\pfe-d\data\clarity_datasets\speechocean762\WAVE\SPEAKER2430\024300080.WAV,BUT IS NOT NOW,8,10.0,9,8,8
train,024300082,2430,f,22,C:\Users\azizg\Desktop\pfe-d\data\clarity_datasets\speechocean762\WAVE\SPEAKER2430\024300082.WAV,NOW BECAUSE OF DRAGONS LOOK WHERE HE IS TODAY,8,10.0,8,8,8
train,024300093,2430,f,22,C:\Users\azizg\Desktop\pfe-d\data\clarity_datasets\speechocean762\WAVE\SPEAKER2430\024300093.WAV,THERE IS ALWAYS THE QUESTION OF WHAT WILL FOLLOW,9,10.0,9,8,8
train,024300099,2430,f,22,C:\Users\azizg\Desktop\pfe-d\data\clarity_datasets\speechocean762\WAVE\SPEAKER2430\024300099.WAV,THE ECONOMY IS FAR FROM SOUND,8,10.0,8,7,7
train,024300118,2430,f,22,C:\Users\azizg\Desktop\pfe-d\data\clarity_datasets\speechocean762\WAVE\SPEAKER2430\024300118.WAV,KEEP IN TOUCH HAVE A GREAT WEEKEND,9,10.0,9,9,8
train,024300131,2430,f,22,C:\Users\azizg\Desktop\pfe-d\data\clarity_datasets\speechocean762\WAVE\SPEAKER2430\024300131.WAV,I MEAN IT WAS THE LAST SUPPER,8,10.0,8,8,8
train,024300132,2430,f,22,C:\Users\azizg\Desktop\pfe-d\data\clarity_datasets\speechocean762\WAVE\SPEAKER2430\024300132.WAV,WELL THANKS FOR THE CONSIDERATION,8,10.0,8,9,8
train,024300135,2430,f,22,C:\Users\azizg\Desktop\pfe-d\data\clarity_datasets\speechocean762\WAVE\SPEAKER2430\024300135.WAV,HE ALWAYS KNOWS HOW TO MAKE ME FEEL BETTER,9,10.0,8,8,8
train,024300189,2430,f,22,C:\Users\azizg\Desktop\pfe-d\data\clarity_datasets\speechocean762\WAVE\SPEAKER2430\024300189.WAV,IT'S WEDNESDAY YOU KNOW THE DRILL,8,10.0,8,8,7
train,024300221,2430,f,22,C:\Users\azizg\Desktop\pfe-d\data\clarity_datasets\speechocean762\WAVE\SPEAKER2430\024300221.WAV,ENOUGH OF THE TIME LOOP,8,10.0,9,9,8
train,024300270,2430,f,22,C:\Users\azizg\Desktop\pfe-d\data\clarity_datasets\speechocean762\WAVE\SPEAKER2430\024300270.WAV,IT IS SUCH A GOOD FIRM,8,10.0,9,8,8
train,024300330,2430,f,22,C:\Users\azizg\Desktop\pfe-d\data\clarity_datasets\speechocean762\WAVE\SPEAKER2430\024300330.WAV,AT FIRST HE COULD NOT SPEAK,9,10.0,8,8,8
train,024300345,2430,f,22,C:\Users\azizg\Desktop\pfe-d\data\clarity_datasets\speechocean762\WAVE\SPEAKER2430\024300345.WAV,AND NOW I GO DOWN TO LOOK AT IT,9,10.0,9,9,9
train,024300360,2430,f,22,C:\Users\azizg\Desktop\pfe-d\data\clarity_datasets\speechocean762\WAVE\SPEAKER2430\024300360.WAV,SHE WAS BROAD AT THIS SHOULDERS,8,10.0,7,7,7
train,024500006,2450,f,19,C:\Users\azizg\Desktop\pfe-d\data\clarity_datasets\speechocean762\WAVE\SPEAKER2450\024500006.WAV,THREE AND FOUR ARE THE BEST,9,10.0,10,9,9
train,024500021,2450,f,19,C:\Users\azizg\Desktop\pfe-d\data\clarity_datasets\speechocean762\WAVE\SPEAKER2450\024500021.WAV,HE AND HIS PARENTS SAY THEY ARE NO LONGER SPEAKING,8,10.0,9,8,8
train,024500033,2450,f,19,C:\Users\azizg\Desktop\pfe-d\data\clarity_datasets\speechocean762\WAVE\SPEAKER2450\024500033.WAV,ENOUGH OF THE TECHNICAL STUFF,9,10.0,8,8,8
train,024500095,2450,f,19,C:\Users\azizg\Desktop\pfe-d\data\clarity_datasets\speechocean762\WAVE\SPEAKER2450\024500095.WAV,WE ALL KNOW THIS IS A TOUGH RACE TRACK,8,10.0,8,9,8
train,024500126,2450,f,19,C:\Users\azizg\Desktop\pfe-d\data\clarity_datasets\speechocean762\WAVE\SPEAKER2450\024500126.WAV,YOU MUST HAVE A LOT,10,10.0,9,9,9
train,024500139,2450,f,19,C:\Users\azizg\Desktop\pfe-d\data\clarity_datasets\speechocean762\WAVE\SPEAKER2450\024500139.WAV,BUT I KNOW WHAT YOU ARE,9,10.0,9,9,9
train,024500141,2450,f,19,C:\Users\azizg\Desktop\pfe-d\data\clarity_datasets\speechocean762\WAVE\SPEAKER2450\024500141.WAV,THIS WOULD BE A VERY BUSY DAY,9,10.0,9,9,9
train,024500147,2450,f,19,C:\Users\azizg\Desktop\pfe-d\data\clarity_datasets\speechocean762\WAVE\SPEAKER2450\024500147.WAV,I COME FROM A FAMILY OF TEACHERS,9,10.0,10,9,9
train,024500151,2450,f,19,C:\Users\azizg\Desktop\pfe-d\data\clarity_datasets\speechocean762\WAVE\SPEAKER2450\024500151.WAV,SORRY FOR BEING A PLASTIC,10,10.0,9,9,9
train,024500156,2450,f,19,C:\Users\azizg\Desktop\pfe-d\data\clarity_datasets\speechocean762\WAVE\SPEAKER2450\024500156.WAV,WHAT DO YOU SAY THE MOST,9,10.0,9,9,9
train,024500164,2450,f,19,C:\Users\azizg\Desktop\pfe-d\data\clarity_datasets\speechocean762\WAVE\SPEAKER2450\024500164.WAV,WHAT AND HOW DO YOU SING,9,10.0,9,9,9
train,024500228,2450,f,19,C:\Users\azizg\Desktop\pfe-d\data\clarity_datasets\speechocean762\WAVE\SPEAKER2450\024500228.WAV,WHERE ARE YOU GOING TO BE READY TO PLAY,10,10.0,9,9,9
train,024500250,2450,f,19,C:\Users\azizg\Desktop\pfe-d\data\clarity_datasets\speechocean762\WAVE\SPEAKER2450\024500250.WAV,DO YOU LIKE THE COLOR OF THE SKY,9,10.0,9,9,9
train,024500268,2450,f,19,C:\Users\azizg\Desktop\pfe-d\data\clarity_datasets\speechocean762\WAVE\SPEAKER2450\024500268.WAV,WHY IN THE WORLD AM I NOT IN THE BED,10,10.0,9,8,9
train,024500284,2450,f,19,C:\Users\azizg\Desktop\pfe-d\data\clarity_datasets\speechocean762\WAVE\SPEAKER2450\024500284.WAV,IT'S SUNDAY NIGHT NOT THE END OF THE WORLD,8,10.0,9,8,8
train,024500317,2450,f,19,C:\Users\azizg\Desktop\pfe-d\data\clarity_datasets\speechocean762\WAVE\SPEAKER2450\024500317.WAV,AND IN A SENSE YOU WERE RIGHT,9,10.0,8,8,8
train,024500327,2450,f,19,C:\Users\azizg\Desktop\pfe-d\data\clarity_datasets\speechocean762\WAVE\SPEAKER2450\024500327.WAV,AND IT IS MY OWN HAND,8,10.0,9,8,8
train,024500333,2450,f,19,C:\Users\azizg\Desktop\pfe-d\data\clarity_datasets\speechocean762\WAVE\SPEAKER2450\024500333.WAV,AS FOR THE FINAL THREE,8,10.0,8,8,8
train,024500350,2450,f,19,C:\Users\azizg\Desktop\pfe-d\data\clarity_datasets\speechocean762\WAVE\SPEAKER2450\024500350.WAV,HE STARED AT THE STUDENTS,8,10.0,8,8,8
train,024500363,2450,f,19,C:\Users\azizg\Desktop\pfe-d\data\clarity_datasets\speechocean762\WAVE\SPEAKER2450\024500363.WAV,THERE'S NOTHING TO DO BUT GET DRUNK,8,10.0,8,8,8
train,026210005,2621,m,19,C:\Users\azizg\Desktop\pfe-d\data\clarity_datasets\speechocean762\WAVE\SPEAKER2621\026210005.WAV,THANK YOU AND GOD BLESS YOU ALL,8,10.0,8,8,8
train,026210047,2621,m,19,C:\Users\azizg\Desktop\pfe-d\data\clarity_datasets\speechocean762\WAVE\SPEAKER2621\026210047.WAV,YOU TRY NOT TO THINK ABOUT THOSE KIND OF THINGS,8,10.0,8,8,8
train,026210096,2621,m,19,C:\Users\azizg\Desktop\pfe-d\data\clarity_datasets\speechocean762\WAVE\SPEAKER2621\026210096.WAV,IT'S A VICTORY LAP FOR ME,9,10.0,8,8,8
train,026210123,2621,m,19,C:\Users\azizg\Desktop\pfe-d\data\clarity_datasets\speechocean762\WAVE\SPEAKER2621\026210123.WAV,JUST WONDERING WHAT TO DO WITH THE CAT,8,10.0,8,8,8
train,026210132,2621,m,19,C:\Users\azizg\Desktop\pfe-d\data\clarity_datasets\speechocean762\WAVE\SPEAKER2621\026210132.WAV,AND WHAT HAVE YOU LEARNED SO FAR,9,10.0,8,8,8
train,026210135,2621,m,19,C:\Users\azizg\Desktop\pfe-d\data\clarity_datasets\speechocean762\WAVE\SPEAKER2621\026210135.WAV,COULD NOT BE SO PROUD,8,10.0,8,8,8
train,026210136,2621,m,19,C:\Users\azizg\Desktop\pfe-d\data\clarity_datasets\speechocean762\WAVE\SPEAKER2621\026210136.WAV,LET'S TAKE A LOOK AT THAT,8,10.0,8,8,8
train,026210141,2621,m,19,C:\Users\azizg\Desktop\pfe-d\data\clarity_datasets\speechocean762\WAVE\SPEAKER2621\026210141.WAV,LOT MORE TO LIFE THAN FOOTBALL,8,10.0,8,8,8
train,026210157,2621,m,19,C:\Users\azizg\Desktop\pfe-d\data\clarity_datasets\speechocean762\WAVE\SPEAKER2621\026210157.WAV,HI ANGEL YOU NEVER KNOW WHAT WILL HAPPEN,7,10.0,8,8,7
train,026210177,2621,m,19,C:\Users\azizg\Desktop\pfe-d\data\clarity_datasets\speechocean762\WAVE\SPEAKER2621\026210177.WAV,WAIT YOU CAN SEE THAT CAN YOU,8,10.0,8,7,8
train,026210185,2621,m,19,C:\Users\azizg\Desktop\pfe-d\data\clarity_datasets\speechocean762\WAVE\SPEAKER2621\026210185.WAV,HOPELESSNESS IS A GREAT SIGH,7,10.0,8,8,7
train,026210203,2621,m,19,C:\Users\azizg\Desktop\pfe-d\data\clarity_datasets\speechocean762\WAVE\SPEAKER2621\026210203.WAV,IT WAS SO GREAT TO SEE EVERYONE,8,10.0,8,8,8
train,026210213,2621,m,19,C:\Users\azizg\Desktop\pfe-d\data\clarity_datasets\speechocean762\WAVE\SPEAKER2621\026210213.WAV,THEY TALK A LOT OF SENSE,8,10.0,9,9,8
train,026210220,2621,m,19,C:\Users\azizg\Desktop\pfe-d\data\clarity_datasets\speechocean762\WAVE\SPEAKER2621\026210220.WAV,IT'S NOT AS SWEET WHEN YOU HAVE TO SHARE,8,10.0,8,8,7
train,026210231,2621,m,19,C:\Users\azizg\Desktop\pfe-d\data\clarity_datasets\speechocean762\WAVE\SPEAKER2621\026210231.WAV,A LIGHT IN THE SHADOW,9,10.0,9,9,9
train,026210242,2621,m,19,C:\Users\azizg\Desktop\pfe-d\data\clarity_datasets\speechocean762\WAVE\SPEAKER2621\026210242.WAV,HOPE TO SEE MUCH MORE OF YOU,9,10.0,8,8,9
train,026210262,2621,m,19,C:\Users\azizg\Desktop\pfe-d\data\clarity_datasets\speechocean762\WAVE\SPEAKER2621\026210262.WAV,GREAT FIRST GAME OF THE SEASON,8,10.0,9,8,8
train,026210287,2621,m,19,C:\Users\azizg\Desktop\pfe-d\data\clarity_datasets\speechocean762\WAVE\SPEAKER2621\026210287.WAV,IT USED TO BE CALLED A HAPPY ENDING,8,10.0,9,9,8
train,026210299,2621,m,19,C:\Users\azizg\Desktop\pfe-d\data\clarity_datasets\speechocean762\WAVE\SPEAKER2621\026210299.WAV,AND I GET TO HEAR A LOT OF IT,9,10.0,9,9,9
train,026210302,2621,m,19,C:\Users\azizg\Desktop\pfe-d\data\clarity_datasets\speechocean762\WAVE\SPEAKER2621\026210302.WAV,IT WAS A GREAT FUN,8,10.0,8,8,8
train,027990028,2799,f,20,C:\Users\azizg\Desktop\pfe-d\data\clarity_datasets\speechocean762\WAVE\SPEAKER2799\027990028.WAV,HE RUNS HE BLOCKS HE CATCHES THE BALL,8,10.0,8,8,8
train,027990046,2799,f,20,C:\Users\azizg\Desktop\pfe-d\data\clarity_datasets\speechocean762\WAVE\SPEAKER2799\027990046.WAV,WE HAVE THE EARLY SIGNS,8,10.0,8,8,8
train,027990056,2799,f,20,C:\Users\azizg\Desktop\pfe-d\data\clarity_datasets\speechocean762\WAVE\SPEAKER2799\027990056.WAV,ON SUNDAY NONE OF THAT COUNTED FOR ANYTHING,8,10.0,9,8,8
train,027990059,2799,f,20,C:\Users\azizg\Desktop\pfe-d\data\clarity_datasets\speechocean762\WAVE\SPEAKER2799\027990059.WAV,PEOPLE ARE GETTING BACK TO WORK,8,10.0,10,9,8
train,027990066,2799,f,20,C:\Users\azizg\Desktop\pfe-d\data\clarity_datasets\speechocean762\WAVE\SPEAKER2799\027990066.WAV,IT SHOW THE WEAKNESS OF THE MOVEMENTS,8,10.0,9,8,8
train,027990153,2799,f,20,C:\Users\azizg\Desktop\pfe-d\data\clarity_datasets\speechocean762\WAVE\SPEAKER2799\027990153.WAV,IN A WORLD CUP GAIN,9,10.0,9,8,8
train,027990156,2799,f,20,C:\Users\azizg\Desktop\pfe-d\data\clarity_datasets\speechocean762\WAVE\SPEAKER2799\027990156.WAV,LOOKING FORWARD TO SEEING WHAT YOU HAVE TO OFFER,8,10.0,8,8,8
train,027990160,2799,f,20,C:\Users\azizg\Desktop\pfe-d\data\clarity_datasets\speechocean762\WAVE\SPEAKER2799\027990160.WAV,I HAVE A NEW THING ON THE FRIDGE,9,10.0,9,9,9
train,027990162,2799,f,20,C:\Users\azizg\Desktop\pfe-d\data\clarity_datasets\speechocean762\WAVE\SPEAKER2799\027990162.WAV,TIME TO THINK ABOUT SOMETHING ELSE FOR A WHILE,8,10.0,8,8,8
train,027990167,2799,f,20,C:\Users\azizg\Desktop\pfe-d\data\clarity_datasets\speechocean762\WAVE\SPEAKER2799\027990167.WAV,YOU TALKED YOU CAUGHT YOU SCORED,10,10.0,10,8,9
train,027990201,2799,f,20,C:\Users\azizg\Desktop\pfe-d\data\clarity_datasets\speechocean762\WAVE\SPEAKER2799\027990201.WAV,WHAT TO EAT IF YOU HAVE NO MONEY,9,10.0,9,9,9
train,027990232,2799,f,20,C:\Users\azizg\Desktop\pfe-d\data\clarity_datasets\speechocean762\WAVE\SPEAKER2799\027990232.WAV,YOU SHOULD KEEP AN EYE OUT FOR THEM,10,10.0,9,8,9
train,027990242,2799,f,20,C:\Users\azizg\Desktop\pfe-d\data\clarity_datasets\speechocean762\WAVE\SPEAKER2799\027990242.WAV,LOOKING FOR A GOOD GIFTS,10,10.0,8,8,9
train,027990247,2799,f,20,C:\Users\azizg\Desktop\pfe-d\data\clarity_datasets\speechocean762\WAVE\SPEAKER2799\027990247.WAV,JOY CAN BE HARD TO FIND SOMETIMES,8,10.0,9,9,8
train,027990264,2799,f,20,C:\Users\azizg\Desktop\pfe-d\data\clarity_datasets\speechocean762\WAVE\SPEAKER2799\027990264.WAV,I WILL NOT HESITATE TO CALL THE POLICE,9,10.0,9,9,8
train,027990309,2799,f,20,C:\Users\azizg\Desktop\pfe-d\data\clarity_datasets\speechocean762\WAVE\SPEAKER2799\027990309.WAV,THE HOUSE WAS TOO BIG,9,10.0,9,9,9
train,027990328,2799,f,20,C:\Users\azizg\Desktop\pfe-d\data\clarity_datasets\speechocean762\WAVE\SPEAKER2799\027990328.WAV,THE TOP OF ITS HEAD WAS STILL OPEN,8,10.0,9,9,8
train,027990330,2799,f,20,C:\Users\azizg\Desktop\pfe-d\data\clarity_datasets\speechocean762\WAVE\SPEAKER2799\027990330.WAV,THE DOOR WAS OPENED WITH DIFFICULTY,8,10.0,8,9,8
train,027990341,2799,f,20,C:\Users\azizg\Desktop\pfe-d\data\clarity_datasets\speechocean762\WAVE\SPEAKER2799\027990341.WAV,HE MARKED THEIR PROGRESS ON THE CHART,9,10.0,9,8,8
train,027990358,2799,f,20,C:\Users\azizg\Desktop\pfe-d\data\clarity_datasets\speechocean762\WAVE\SPEAKER2799\027990358.WAV,BUT PERHAPS FOR HIM IT WAS NOT TOO LATE,8,10.0,9,9,8
train,029810020,2981,f,21,C:\Users\azizg\Desktop\pfe-d\data\clarity_datasets\speechocean762\WAVE\SPEAKER2981\029810020.WAV,IT WOULD BE QUITE A CHALLENGE,9,10.0,9,8,8
train,029810027,2981,f,21,C:\Users\azizg\Desktop\pfe-d\data\clarity_datasets\speechocean762\WAVE\SPEAKER2981\029810027.WAV,IT'S SORT A BIT A LITTLE BIT FORWARD AND BACK,8,10.0,8,8,8
train,029810135,2981,f,21,C:\Users\azizg\Desktop\pfe-d\data\clarity_datasets\speechocean762\WAVE\SPEAKER2981\029810135.WAV,AND THANK YOU FOR BEING SO STRONG,9,10.0,9,9,9
train,029810139,2981,f,21,C:\Users\azizg\Desktop\pfe-d\data\clarity_datasets\speechocean762\WAVE\SPEAKER2981\029810139.WAV,FOUND THIS IN THE COLLECTION,8,10.0,7,8,7
train,029810147,2981,f,21,C:\Users\azizg\Desktop\pfe-d\data\clarity_datasets\speechocean762\WAVE\SPEAKER2981\029810147.WAV,HE IS IN THE HOSPITAL,8,10.0,9,9,8
train,029810158,2981,f,21,C:\Users\azizg\Desktop\pfe-d\data\clarity_datasets\speechocean762\WAVE\SPEAKER2981\029810158.WAV,PROOF WE HAVE A GOOD TIME,10,10.0,10,10,10
train,029810200,2981,f,21,C:\Users\azizg\Desktop\pfe-d\data\clarity_datasets\speechocean762\WAVE\SPEAKER2981\029810200.WAV,VIA WHAT DO YOU THINK,8,10.0,9,8,7
train,029810204,2981,f,21,C:\Users\azizg\Desktop\pfe-d\data\clarity_datasets\speechocean762\WAVE\SPEAKER2981\029810204.WAV,IT'S ALL ABOUT THE CHOCOLATE,8,10.0,7,8,6
train,029810216,2981,f,21,C:\Users\azizg\Desktop\pfe-d\data\clarity_datasets\speechocean762\WAVE\SPEAKER2981\029810216.WAV,I WOULD LIKE TO KNOW YOU,9,10.0,9,9,9
train,029810221,2981,f,21,C:\Users\azizg\Desktop\pfe-d\data\clarity_datasets\speechocean762\WAVE\SPEAKER2981\029810221.WAV,WEIGHT IS THE ENEMY OF PERFORMANCE,8,10.0,8,8,8
train,029810234,2981,f,21,C:\Users\azizg\Desktop\pfe-d\data\clarity_datasets\speechocean762\WAVE\SPEAKER2981\029810234.WAV,WHATEVER THE DIFFICULTY THERE'S A SOLUTION,8,10.0,8,8,8
train,029810235,2981,f,21,C:\Users\azizg\Desktop\pfe-d\data\clarity_datasets\speechocean762\WAVE\SPEAKER2981\029810235.WAV,PRAYER IS A SOURCE OF STRENGTH AND SPIRIT,8,10.0,8,8,7
train,029810243,2981,f,21,C:\Users\azizg\Desktop\pfe-d\data\clarity_datasets\speechocean762\WAVE\SPEAKER2981\029810243.WAV,I KNOW HOW TO DO ALL OF THEM,8,10.0,8,8,8
train,029810283,2981,f,21,C:\Users\azizg\Desktop\pfe-d\data\clarity_datasets\speechocean762\WAVE\SPEAKER2981\029810283.WAV,BUT LOOK AT MY PARENTS,8,10.0,9,8,8
train,029810294,2981,f,21,C:\Users\azizg\Desktop\pfe-d\data\clarity_datasets\speechocean762\WAVE\SPEAKER2981\029810294.WAV,TEXT ME IF YOU SINGLE SINGE,8,10.0,8,8,8
train,029810301,2981,f,21,C:\Users\azizg\Desktop\pfe-d\data\clarity_datasets\speechocean762\WAVE\SPEAKER2981\029810301.WAV,HOPE WE GET TO SEE MORE,10,10.0,9,9,9
train,029810315,2981,f,21,C:\Users\azizg\Desktop\pfe-d\data\clarity_datasets\speechocean762\WAVE\SPEAKER2981\029810315.WAV,THAT A HAT WAS NOT NECESSARY,8,10.0,8,8,8
train,029810349,2981,f,21,C:\Users\azizg\Desktop\pfe-d\data\clarity_datasets\speechocean762\WAVE\SPEAKER2981\029810349.WAV,IT WAS ALL FOR YOU THAT I THOUGHT,9,10.0,9,9,9
train,029810350,2981,f,21,C:\Users\azizg\Desktop\pfe-d\data\clarity_datasets\speechocean762\WAVE\SPEAKER2981\029810350.WAV,LOOK BOY VIOLENCE IS THE RESORT OF THE VIOLENT,8,10.0,8,8,8
train,029810360,2981,f,21,C:\Users\azizg\Desktop\pfe-d\data\clarity_datasets\speechocean762\WAVE\SPEAKER2981\029810360.WAV,WHY AM I A GHOST,8,10.0,9,9,8
train,030020008,3002,m,9,C:\Users\azizg\Desktop\pfe-d\data\clarity_datasets\speechocean762\WAVE\SPEAKER3002\030020008.WAV,DO I TAKE YOU WITH ME,9,10.0,9,8,9
train,030020012,3002,m,9,C:\Users\azizg\Desktop\pfe-d\data\clarity_datasets\speechocean762\WAVE\SPEAKER3002\030020012.WAV,WHY NOT DO AS SHE WISHED,8,10.0,8,8,7
train,030020022,3002,m,9,C:\Users\azizg\Desktop\pfe-d\data\clarity_datasets\speechocean762\WAVE\SPEAKER3002\030020022.WAV,SHE WAS NOT HERE,10,10.0,9,8,9
train,030020047,3002,m,9,C:\Users\azizg\Desktop\pfe-d\data\clarity_datasets\speechocean762\WAVE\SPEAKER3002\030020047.WAV,HAVE YOU SOMETHING TO SAY,9,10.0,8,8,8
train,030020048,3002,m,9,C:\Users\azizg\Desktop\pfe-d\data\clarity_datasets\speechocean762\WAVE\SPEAKER3002\030020048.WAV,DO YOU NOT NOW YEAH KNOW IT,8,10.0,7,8,7
train,030020065,3002,m,9,C:\Users\azizg\Desktop\pfe-d\data\clarity_datasets\speechocean762\WAVE\SPEAKER3002\030020065.WAV,SHE IS HIS MOTHER,8,10.0,8,8,8
train,030020077,3002,m,9,C:\Users\azizg\Desktop\pfe-d\data\clarity_datasets\speechocean762\WAVE\SPEAKER3002\030020077.WAV,AND THEY WERE RIGHT,9,10.0,9,8,8
train,030020092,3002,m,9,C:\Users\azizg\Desktop\pfe-d\data\clarity_datasets\speechocean762\WAVE\SPEAKER3002\030020092.WAV,DO NOT GO THERE MY LOVE,8,10.0,8,8,8
train,030020100,3002,m,9,C:\Users\azizg\Desktop\pfe-d\data\clarity_datasets\speechocean762\WAVE\SPEAKER3002\030020100.WAV,I KNOW THAT HE IS SURE OF IT,9,10.0,8,7,8
train,030020112,3002,m,9,C:\Users\azizg\Desktop\pfe-d\data\clarity_datasets\speechocean762\WAVE\SPEAKER3002\030020112.WAV,TAKE ME WITH YOU,9,10.0,9,9,9
train,030020117,3002,m,9,C:\Users\azizg\Desktop\pfe-d\data\clarity_datasets\speechocean762\WAVE\SPEAKER3002\030020117.WAV,EVERY ONE LOVES HER,8,10.0,8,8,8
train,030020126,3002,m,9,C:\Users\azizg\Desktop\pfe-d\data\clarity_datasets\speechocean762\WAVE\SPEAKER3002\030020126.WAV,IT'S WAS A WARM MORNING AFTER RAIN,6,10.0,8,7,6
train,030020136,3002,m,9,C:\Users\azizg\Desktop\pfe-d\data\clarity_datasets\speechocean762\WAVE\SPEAKER3002\030020136.WAV,I WANT TO JOINING ON,8,10.0,8,7,7
train,030020138,3002,m,9,C:\Users\azizg\Desktop\pfe-d\data\clarity_datasets\speechocean762\WAVE\SPEAKER3002\030020138.WAV,THIS WAS HER WORK,8,10.0,8,8,8
train,030020144,3002,m,9,C:\Users\azizg\Desktop\pfe-d\data\clarity_datasets\speechocean762\WAVE\SPEAKER3002\030020144.WAV,SHE WOULD HAVE LOVED YOU,8,10.0,8,7,7
train,030020152,3002,m,9,C:\Users\azizg\Desktop\pfe-d\data\clarity_datasets\speechocean762\WAVE\SPEAKER3002\030020152.WAV,I KNOW THE NAME TOO,9,10.0,8,8,8
train,030020159,3002,m,9,C:\Users\azizg\Desktop\pfe-d\data\clarity_datasets\speechocean762\WAVE\SPEAKER3002\030020159.WAV,I DO KNOW OF ONE NOW,8,10.0,8,8,8
train,030020161,3002,m,9,C:\Users\azizg\Desktop\pfe-d\data\clarity_datasets\speechocean762\WAVE\SPEAKER3002\030020161.WAV,CAN YOU GUESS HIS NAME,9,10.0,8,8,8
train,030020162,3002,m,9,C:\Users\azizg\Desktop\pfe-d\data\clarity_datasets\speechocean762\WAVE\SPEAKER3002\030020162.WAV,THEY LOVED HER AND SHE LOVED THEM,8,10.0,8,8,7
train,030020172,3002,m,9,C:\Users\azizg\Desktop\pfe-d\data\clarity_datasets\speechocean762\WAVE\SPEAKER3002\030020172.WAV,TOO MUCH TO BE HAPPY,9,10.0,9,9,9
train,030200005,3020,m,9,C:\Users\azizg\Desktop\pfe-d\data\clarity_datasets\speechocean762\WAVE\SPEAKER3020\030200005.WAV,WELL IN THAT CARS TO BE SURE LET THEM GO,8,10.0,8,7,7
train,030200011,3020,m,9,C:\Users\azizg\Desktop\pfe-d\data\clarity_datasets\speechocean762\WAVE\SPEAKER3020\030200011.WAV,THE BABY WAS HUNGRY,8,10.0,7,8,7
train,030200016,3020,m,9,C:\Users\azizg\Desktop\pfe-d\data\clarity_datasets\speechocean762\WAVE\SPEAKER3020\030200016.WAV,THIS WAS THE ROOM,9,10.0,9,9,9
train,030200018,3020,m,9,C:\Users\azizg\Desktop\pfe-d\data\clarity_datasets\speechocean762\WAVE\SPEAKER3020\030200018.WAV,COME WITH ME TOMORROW,9,10.0,9,8,8
train,030200019,3020,m,9,C:\Users\azizg\Desktop\pfe-d\data\clarity_datasets\speechocean762\WAVE\SPEAKER3020\030200019.WAV,THE WITH YOU TAKE A DRINK,9,10.0,9,8,8
train,030200021,3020,m,9,C:\Users\azizg\Desktop\pfe-d\data\clarity_datasets\speechocean762\WAVE\SPEAKER3020\030200021.WAV,OH I HAD LOVED YOU FAR SO LONG A TIME,8,10.0,7,7,7
train,030200037,3020,m,9,C:\Users\azizg\Desktop\pfe-d\data\clarity_datasets\speechocean762\WAVE\SPEAKER3020\030200037.WAV,THIS WERE YOUR NAME WAS IT,8,10.0,7,7,7
train,030200041,3020,m,9,C:\Users\azizg\Desktop\pfe-d\data\clarity_datasets\speechocean762\WAVE\SPEAKER3020\030200041.WAV,DO YOU WANT A DRINK,9,10.0,9,8,9
train,030200049,3020,m,9,C:\Users\azizg\Desktop\pfe-d\data\clarity_datasets\speechocean762\WAVE\SPEAKER3020\030200049.WAV,TELL US WHO YOU ARE,9,10.0,9,7,8
train,030200057,3020,m,9,C:\Users\azizg\Desktop\pfe-d\data\clarity_datasets\speechocean762\WAVE\SPEAKER3020\030200057.WAV,SHE LOOKED AS THE CLOCK,8,10.0,8,8,8
train,030200076,3020,m,9,C:\Users\azizg\Desktop\pfe-d\data\clarity_datasets\speechocean762\WAVE\SPEAKER3020\030200076.WAV,WILL YOU DO THAT,9,10.0,9,8,9
train,030200078,3020,m,9,C:\Users\azizg\Desktop\pfe-d\data\clarity_datasets\speechocean762\WAVE\SPEAKER3020\030200078.WAV,NOW THEN THERE ALL FOR YOU GO TOGETHER,9,10.0,7,7,8
train,030200087,3020,m,9,C:\Users\azizg\Desktop\pfe-d\data\clarity_datasets\speechocean762\WAVE\SPEAKER3020\030200087.WAV,THERE COMES ONE OF THEM,8,10.0,8,8,8
train,030200101,3020,m,9,C:\Users\azizg\Desktop\pfe-d\data\clarity_datasets\speechocean762\WAVE\SPEAKER3020\030200101.WAV,THIS IS WHY IT DOES SO,9,10.0,7,7,8
train,030200105,3020,m,9,C:\Users\azizg\Desktop\pfe-d\data\clarity_datasets\speechocean762\WAVE\SPEAKER3020\030200105.WAV,I AM NOT A POLICEMAN,8,10.0,8,8,8
train,030200108,3020,m,9,C:\Users\azizg\Desktop\pfe-d\data\clarity_datasets\speechocean762\WAVE\SPEAKER3020\030200108.WAV,BUT HERE HE COMES AGAIN,9,10.0,8,7,8
train,030200137,3020,m,9,C:\Users\azizg\Desktop\pfe-d\data\clarity_datasets\speechocean762\WAVE\SPEAKER3020\030200137.WAV,TELL HER SO WITH MY LOVE,9,10.0,7,6,8
train,030200151,3020,m,9,C:\Users\azizg\Desktop\pfe-d\data\clarity_datasets\speechocean762\WAVE\SPEAKER3020\030200151.WAV,WOULD YOU HAVE DONE IT,9,10.0,9,8,8
train,030200153,3020,m,9,C:\Users\azizg\Desktop\pfe-d\data\clarity_datasets\speechocean762\WAVE\SPEAKER3020\030200153.WAV,I TAKE PEOPLE YOU KNOW AS I FIND THEM,8,10.0,8,8,8
train,030200164,3020,m,9,C:\Users\azizg\Desktop\pfe-d\data\clarity_datasets\speechocean762\WAVE\SPEAKER3020\030200164.WAV,IT WOULD DO YOU A LOT OF GOOD,8,10.0,8,8,8
train,030210005,3021,f,9,C:\Users\azizg\Desktop\pfe-d\data\clarity_datasets\speechocean762\WAVE\SPEAKER3021\030210005.WAV,I HEAR THE DOCTOR'S HORSE,8,10.0,8,7,8
train,030210032,3021,f,9,C:\Users\azizg\Desktop\pfe-d\data\clarity_datasets\speechocean762\WAVE\SPEAKER3021\030210032.WAV,I AM LISTENING TO YOU,8,10.0,8,8,7
train,030210041,3021,f,9,C:\Users\azizg\Desktop\pfe-d\data\clarity_datasets\speechocean762\WAVE\SPEAKER3021\030210041.WAV,I PLAY WITH IT AFTER SCHOOL,9,10.0,9,8,8
train,030210042,3021,f,9,C:\Users\azizg\Desktop\pfe-d\data\clarity_datasets\speechocean762\WAVE\SPEAKER3021\030210042.WAV,AND SO IT IS WITH ALL OF US,8,10.0,8,8,8
train,030210044,3021,f,9,C:\Users\azizg\Desktop\pfe-d\data\clarity_datasets\speechocean762\WAVE\SPEAKER3021\030210044.WAV,THEN HEAR THEM FATHER,8,10.0,8,7,7
train,030210045,3021,f,9,C:\Users\azizg\Desktop\pfe-d\data\clarity_datasets\speechocean762\WAVE\SPEAKER3021\030210045.WAV,THERE YOU ARE THEN,8,10.0,8,8,8
train,030210047,3021,f,9,C:\Users\azizg\Desktop\pfe-d\data\clarity_datasets\speechocean762\WAVE\SPEAKER3021\030210047.WAV,HE TURN BACK TO HIS WATCH,9,10.0,8,8,8
train,030210050,3021,f,9,C:\Users\azizg\Desktop\pfe-d\data\clarity_datasets\speechocean762\WAVE\SPEAKER3021\030210050.WAV,WAS THERE ANY US,8,10.0,8,8,7
train,030210060,3021,f,9,C:\Users\azizg\Desktop\pfe-d\data\clarity_datasets\speechocean762\WAVE\SPEAKER3021\030210060.WAV,HE WILL HELP ME FIND A ROOM,8,10.0,8,7,7
train,030210074,3021,f,9,C:\Users\azizg\Desktop\pfe-d\data\clarity_datasets\speechocean762\WAVE\SPEAKER3021\030210074.WAV,WILL YOU TEA TELL HIM,8,10.0,8,8,8
train,030210079,3021,f,9,C:\Users\azizg\Desktop\pfe-d\data\clarity_datasets\speechocean762\WAVE\SPEAKER3021\030210079.WAV,I DO NOT WISH TO SEE YOU AGAIN,8,10.0,8,8,8
train,030210082,3021,f,9,C:\Users\azizg\Desktop\pfe-d\data\clarity_datasets\speechocean762\WAVE\SPEAKER3021\030210082.WAV,IT IS OVER ALREADY,8,10.0,8,8,8
train,030210118,3021,f,9,C:\Users\azizg\Desktop\pfe-d\data\clarity_datasets\speechocean762\WAVE\SPEAKER3021\030210118.WAV,WE WERE ALL SURE OF THAT,6,10.0,8,8,5
train,030210123,3021,f,9,C:\Users\azizg\Desktop\pfe-d\data\clarity_datasets\speechocean762\WAVE\SPEAKER3021\030210123.WAV,IS THIS WELL DONE,8,10.0,8,8,8
train,030210137,3021,f,9,C:\Users\azizg\Desktop\pfe-d\data\clarity_datasets\speechocean762\WAVE\SPEAKER3021\030210137.WAV,BUT CARE CARE CARE,9,10.0,9,8,8
train,030210143,3021,f,9,C:\Users\azizg\Desktop\pfe-d\data\clarity_datasets\speechocean762\WAVE\SPEAKER3021\030210143.WAV,IT IS ONLY FOUR FEET HIGH,8,10.0,8,8,8
train,030210152,3021,f,9,C:\Users\azizg\Desktop\pfe-d\data\clarity_datasets\speechocean762\WAVE\SPEAKER3021\030210152.WAV,HE ONLY WRITES TO TELL ME A PLACE OF NEWS,8,10.0,7,7,7
train,030210164,3021,f,9,C:\Users\azizg\Desktop\pfe-d\data\clarity_datasets\speechocean762\WAVE\SPEAKER3021\030210164.WAV,WHAT WOMAN WHO REALLY LOVED WOULD,8,10.0,7,7,7
train,030210165,3021,f,9,C:\Users\azizg\Desktop\pfe-d\data\clarity_datasets\speechocean762\WAVE\SPEAKER3021\030210165.WAV,TELL ME WHAT YOU WOULD DO,8,10.0,7,6,7
train,030210175,3021,f,9,C:\Users\azizg\Desktop\pfe-d\data\clarity_datasets\speechocean762\WAVE\SPEAKER3021\030210175.WAV,WHY WOULD YOU WRITE TO ME,9,10.0,9,9,9
train,030230003,3023,m,19,C:\Users\azizg\Desktop\pfe-d\data\clarity_datasets\speechocean762\WAVE\SPEAKER3023\030230003.WAV,BUT IT'S A REALLY NICE PRISON SO,8,10.0,8,8,8
train,030230018,3023,m,19,C:\Users\azizg\Desktop\pfe-d\data\clarity_datasets\speechocean762\WAVE\SPEAKER3023\030230018.WAV,AND HE'S NOT IN LOVE WITH ME,9,10.0,9,9,8
train,030230056,3023,m,19,C:\Users\azizg\Desktop\pfe-d\data\clarity_datasets\speechocean762\WAVE\SPEAKER3023\030230056.WAV,ONE OF THEM TURNED ON HIM,8,10.0,9,8,8
train,030230060,3023,m,19,C:\Users\azizg\Desktop\pfe-d\data\clarity_datasets\speechocean762\WAVE\SPEAKER3023\030230060.WAV,AUTHORITIES CLAIMS THAT THE KILLINGS WERE THE CRIME OF ANGER,9,10.0,8,8,8
train,030230086,3023,m,19,C:\Users\azizg\Desktop\pfe-d\data\clarity_datasets\speechocean762\WAVE\SPEAKER3023\030230086.WAV,THE CASE IS STILL ON APPEAL,8,10.0,8,8,8
train,030230092,3023,m,19,C:\Users\azizg\Desktop\pfe-d\data\clarity_datasets\speechocean762\WAVE\SPEAKER3023\030230092.WAV,I CALL UPON CONGRESS TO DO THIS IMMEDIATELY,8,10.0,9,8,8
train,030230119,3023,m,19,C:\Users\azizg\Desktop\pfe-d\data\clarity_datasets\speechocean762\WAVE\SPEAKER3023\030230119.WAV,HURT A CANCER THINGS WILL NEVER BE THE SAME,8,10.0,9,9,8
train,030230170,3023,m,19,C:\Users\azizg\Desktop\pfe-d\data\clarity_datasets\speechocean762\WAVE\SPEAKER3023\030230170.WAV,WHAT A DREAM COME TRUE THAT WOULD BE,9,10.0,9,9,9
train,030230182,3023,m,19,C:\Users\azizg\Desktop\pfe-d\data\clarity_datasets\speechocean762\WAVE\SPEAKER3023\030230182.WAV,BASKET IT A LITTLE SMALL,10,10.0,9,9,9
train,030230194,3023,m,19,C:\Users\azizg\Desktop\pfe-d\data\clarity_datasets\speechocean762\WAVE\SPEAKER3023\030230194.WAV,THE IDEA THAT THERE IS A LARGE NO,10,10.0,9,9,9
train,030230209,3023,m,19,C:\Users\azizg\Desktop\pfe-d\data\clarity_datasets\speechocean762\WAVE\SPEAKER3023\030230209.WAV,THIS IS ALL SORTS OF DUMB,8,10.0,8,8,8
train,030230253,3023,m,19,C:\Users\azizg\Desktop\pfe-d\data\clarity_datasets\speechocean762\WAVE\SPEAKER3023\030230253.WAV,I WAS ALL THE WAY IN FRONT,9,10.0,9,9,9
train,030230260,3023,m,19,C:\Users\azizg\Desktop\pfe-d\data\clarity_datasets\speechocean762\WAVE\SPEAKER3023\030230260.WAV,WE HAVE TO UNDERSTAND HOW IT AFFECTS US,8,10.0,9,9,8
train,030230276,3023,m,19,C:\Users\azizg\Desktop\pfe-d\data\clarity_datasets\speechocean762\WAVE\SPEAKER3023\030230276.WAV,I DO MY BEST WORK ON THE FLOOR,8,10.0,9,9,8
train,030230280,3023,m,19,C:\Users\azizg\Desktop\pfe-d\data\clarity_datasets\speechocean762\WAVE\SPEAKER3023\030230280.WAV,YOU WERE SUPPOSED TO BE HERE FOR ME,8,10.0,8,8,8
train,030230311,3023,m,19,C:\Users\azizg\Desktop\pfe-d\data\clarity_datasets\speechocean762\WAVE\SPEAKER3023\030230311.WAV,WHAT DO I KNOW ABOUT TEA,8,10.0,8,8,8
train,030230330,3023,m,19,C:\Users\azizg\Desktop\pfe-d\data\clarity_datasets\speechocean762\WAVE\SPEAKER3023\030230330.WAV,YET SHE LOVED HIM IN SPITE OF IT ALL,8,10.0,9,9,8
train,030230336,3023,m,19,C:\Users\azizg\Desktop\pfe-d\data\clarity_datasets\speechocean762\WAVE\SPEAKER3023\030230336.WAV,YET HE WAS AFRAID TO ACT,8,10.0,8,8,8
train,030230340,3023,m,19,C:\Users\azizg\Desktop\pfe-d\data\clarity_datasets\speechocean762\WAVE\SPEAKER3023\030230340.WAV,HE COULD NOT UNDERTAKE TO LIVE ON THAT,8,10.0,8,8,7
train,030230374,3023,m,19,C:\Users\azizg\Desktop\pfe-d\data\clarity_datasets\speechocean762\WAVE\SPEAKER3023\030230374.WAV,BUT THE LETTER WAS NEVER FOR HIM,8,10.0,9,8,8
train,030460032,3046,m,9,C:\Users\azizg\Desktop\pfe-d\data\clarity_datasets\speechocean762\WAVE\SPEAKER3046\030460032.WAV,AND THIS FROM ME,8,10.0,8,8,8
train,030460038,3046,m,9,C:\Users\azizg\Desktop\pfe-d\data\clarity_datasets\speechocean762\WAVE\SPEAKER3046\030460038.WAV,WHAT WHAT DO YOU LOCK AT ME SO HAD FOR,8,10.0,7,7,8
train,030460048,3046,m,9,C:\Users\azizg\Desktop\pfe-d\data\clarity_datasets\speechocean762\WAVE\SPEAKER3046\030460048.WAV,THEY WANTING SOMETHING OF HIM,8,10.0,7,8,8
train,030460051,3046,m,9,C:\Users\azizg\Desktop\pfe-d\data\clarity_datasets\speechocean762\WAVE\SPEAKER3046\030460051.WAV,WOULD YOU PLEASE TO WAIT,8,10.0,7,6,7
train,030460052,3046,m,9,C:\Users\azizg\Desktop\pfe-d\data\clarity_datasets\speechocean762\WAVE\SPEAKER3046\030460052.WAV,WHAT WAS I TO MAKE OF IT,8,10.0,7,6,7
train,030460071,3046,m,9,C:\Users\azizg\Desktop\pfe-d\data\clarity_datasets\speechocean762\WAVE\SPEAKER3046\030460071.WAV,WHAT WAS SHE HAS ABOUT,8,10.0,8,7,7
train,030460085,3046,m,9,C:\Users\azizg\Desktop\pfe-d\data\clarity_datasets\speechocean762\WAVE\SPEAKER3046\030460085.WAV,WAS IT A BED,8,10.0,8,7,7
train,030460097,3046,m,9,C:\Users\azizg\Desktop\pfe-d\data\clarity_datasets\speechocean762\WAVE\SPEAKER3046\030460097.WAV,I I WILL SEEN THAT YOU HAVE WAS YOU WANT,8,10.0,6,6,7
train,030460106,3046,m,9,C:\Users\azizg\Desktop\pfe-d\data\clarity_datasets\speechocean762\WAVE\SPEAKER3046\030460106.WAV,WHY DO I KNOW YOU,8,10.0,7,7,7
train,030460110,3046,m,9,C:\Users\azizg\Desktop\pfe-d\data\clarity_datasets\speechocean762\WAVE\SPEAKER3046\030460110.WAV,ALL ALL THAT WAS PAST,8,10.0,7,6,8
train,030460114,3046,m,9,C:\Users\azizg\Desktop\pfe-d\data\clarity_datasets\speechocean762\WAVE\SPEAKER3046\030460114.WAV,BUT I WOULD LIKE TO TRY,8,10.0,8,6,7
train,030460126,3046,m,9,C:\Users\azizg\Desktop\pfe-d\data\clarity_datasets\speechocean762\WAVE\SPEAKER3046\030460126.WAV,HAD A BIG PLACE,8,10.0,8,8,7
train,030460133,3046,m,9,C:\Users\azizg\Desktop\pfe-d\data\clarity_datasets\speechocean762\WAVE\SPEAKER3046\030460133.WAV,NOT NOT THAT I LIKED HIM,8,10.0,7,6,7
train,030460142,3046,m,9,C:\Users\azizg\Desktop\pfe-d\data\clarity_datasets\speechocean762\WAVE\SPEAKER3046\030460142.WAV,WE HAVE TO TAKE WHAT WE CAN GET,8,10.0,7,6,7
train,030460146,3046,m,9,C:\Users\azizg\Desktop\pfe-d\data\clarity_datasets\speechocean762\WAVE\SPEAKER3046\030460146.WAV,HOW WOULD THE THINGS GET DONE HERE,8,10.0,7,7,7
train,030460147,3046,m,9,C:\Users\azizg\Desktop\pfe-d\data\clarity_datasets\speechocean762\WAVE\SPEAKER3046\030460147.WAV,THE BIG BOY WERE COMING OVER ALL THE TIME,7,10.0,6,6,7
train,030460157,3046,m,9,C:\Users\azizg\Desktop\pfe-d\data\clarity_datasets\speechocean762\WAVE\SPEAKER3046\030460157.WAV,NOR GET BACK TO THE BEGINNING,8,10.0,7,7,8
train,030460158,3046,m,9,C:\Users\azizg\Desktop\pfe-d\data\clarity_datasets\speechocean762\WAVE\SPEAKER3046\030460158.WAV,AND THERE WAS THE PLANE,8,10.0,8,8,8
train,030460160,3046,m,9,C:\Users\azizg\Desktop\pfe-d\data\clarity_datasets\speechocean762\WAVE\SPEAKER3046\030460160.WAV,DOES HE KNOW YOUR PHONE NUMBER,8,10.0,7,7,7
train,030460163,3046,m,9,C:\Users\azizg\Desktop\pfe-d\data\clarity_datasets\speechocean762\WAVE\SPEAKER3046\030460163.WAV,IT WAS A NEW DAY,8,10.0,8,8,8
train,030490010,3049,m,9,C:\Users\azizg\Desktop\pfe-d\data\clarity_datasets\speechocean762\WAVE\SPEAKER3049\030490010.WAV,SWEET YOU LOOK SO BEAUTIFUL TODAY,8,10.0,7,6,7
train,030490013,3049,m,9,C:\Users\azizg\Desktop\pfe-d\data\clarity_datasets\speechocean762\WAVE\SPEAKER3049\030490013.WAV,ITS WAS REALLY TOO MUCH,8,10.0,7,7,7
train,030490029,3049,m,9,C:\Users\azizg\Desktop\pfe-d\data\clarity_datasets\speechocean762\WAVE\SPEAKER3049\030490029.WAV,I LOVE ALL OF THEM,8,10.0,8,7,7
train,030490040,3049,m,9,C:\Users\azizg\Desktop\pfe-d\data\clarity_datasets\speechocean762\WAVE\SPEAKER3049\030490040.WAV,WHAT IS ONE REALLY TO CARE FOR,8,10.0,6,7,8
train,030490055,3049,m,9,C:\Users\azizg\Desktop\pfe-d\data\clarity_datasets\speechocean762\WAVE\SPEAKER3049\030490055.WAV,AND YOUR WILL SING TO US WILL YOUR NOT,8,10.0,6,6,7
train,030490062,3049,m,9,C:\Users\azizg\Desktop\pfe-d\data\clarity_datasets\speechocean762\WAVE\SPEAKER3049\030490062.WAV,WHERE YOU HAVE IT NOW,8,10.0,7,7,7
train,030490063,3049,m,9,C:\Users\azizg\Desktop\pfe-d\data\clarity_datasets\speechocean762\WAVE\SPEAKER3049\030490063.WAV,WHAT OF WHERE TO SEE THEM,8,10.0,7,6,7
train,030490071,3049,m,9,C:\Users\azizg\Desktop\pfe-d\data\clarity_datasets\speechocean762\WAVE\SPEAKER3049\030490071.WAV,DOES HE GO ABOUT WITH THEM,8,10.0,7,6,7
train,030490076,3049,m,9,C:\Users\azizg\Desktop\pfe-d\data\clarity_datasets\speechocean762\WAVE\SPEAKER3049\030490076.WAV,THE STORY WAS NOT NEW,8,10.0,7,7,7
train,030490078,3049,m,9,C:\Users\azizg\Desktop\pfe-d\data\clarity_datasets\speechocean762\WAVE\SPEAKER3049\030490078.WAV,WITH THAT THEY HAD TO GO,8,10.0,7,6,8
train,030490095,3049,m,9,C:\Users\azizg\Desktop\pfe-d\data\clarity_datasets\speechocean762\WAVE\SPEAKER3049\030490095.WAV,WILL SHE BE AT HOME THIS AFTERNOON,7,10.0,7,6,6
train,030490126,3049,m,9,C:\Users\azizg\Desktop\pfe-d\data\clarity_datasets\speechocean762\WAVE\SPEAKER3049\030490126.WAV,THEN THEY LET HER BE,9,10.0,8,6,8
train,030490127,3049,m,9,C:\Users\azizg\Desktop\pfe-d\data\clarity_datasets\speechocean762\WAVE\SPEAKER3049\030490127.WAV,MANY HAD COME ONLY FOR THAT DAY,8,10.0,7,7,8
train,030490130,3049,m,9,C:\Users\azizg\Desktop\pfe-d\data\clarity_datasets\speechocean762\WAVE\SPEAKER3049\030490130.WAV,BUT WAS THAT ALL,8,10.0,7,6,7
train,030490138,3049,m,9,C:\Users\azizg\Desktop\pfe-d\data\clarity_datasets\speechocean762\WAVE\SPEAKER3049\030490138.WAV,BUT WE WHERE TEAR THE READY,8,10.0,7,6,7
train,030490140,3049,m,9,C:\Users\azizg\Desktop\pfe-d\data\clarity_datasets\speechocean762\WAVE\SPEAKER3049\030490140.WAV,WHAT ARE YOU DOING WITH HIM,8,10.0,7,6,7
train,030490142,3049,m,9,C:\Users\azizg\Desktop\pfe-d\data\clarity_datasets\speechocean762\WAVE\SPEAKER3049\030490142.WAV,IT IS A LONG STORY,8,10.0,7,7,7
train,030490166,3049,m,9,C:\Users\azizg\Desktop\pfe-d\data\clarity_datasets\speechocean762\WAVE\SPEAKER3049\030490166.WAV,WHAT WORLD SHE HAVE HAD OF HIM,3,10.0,6,6,3
train,030490168,3049,m,9,C:\Users\azizg\Desktop\pfe-d\data\clarity_datasets\speechocean762\WAVE\SPEAKER3049\030490168.WAV,BUT I SEE HIM,8,10.0,8,8,8
train,030490170,3049,m,9,C:\Users\azizg\Desktop\pfe-d\data\clarity_datasets\speechocean762\WAVE\SPEAKER3049\030490170.WAV,IT WAS A DRINKING GLASS,8,10.0,8,7,7
train,030680003,3068,m,9,C:\Users\azizg\Desktop\pfe-d\data\clarity_datasets\speechocean762\WAVE\SPEAKER3068\030680003.WAV,WE HAVE TO BEGIN ARE OVER AGAIN,7,10.0,7,7,7
train,030680005,3068,m,9,C:\Users\azizg\Desktop\pfe-d\data\clarity_datasets\speechocean762\WAVE\SPEAKER3068\030680005.WAV,I KNOW HOW GOOD YOUR ARE TO ME,8,10.0,7,6,7
train,030680009,3068,m,9,C:\Users\azizg\Desktop\pfe-d\data\clarity_datasets\speechocean762\WAVE\SPEAKER3068\030680009.WAV,DO YOU CARE FOR BOOKS,7,10.0,8,7,7
train,030680016,3068,m,9,C:\Users\azizg\Desktop\pfe-d\data\clarity_datasets\speechocean762\WAVE\SPEAKER3068\030680016.WAV,WHAT WAS MY GOOD NAME TO ME,8,10.0,8,7,8
train,030680027,3068,m,9,C:\Users\azizg\Desktop\pfe-d\data\clarity_datasets\speechocean762\WAVE\SPEAKER3068\030680027.WAV,IT WAS NOT TO BE DONE,8,10.0,8,8,7
train,030680034,3068,m,9,C:\Users\azizg\Desktop\pfe-d\data\clarity_datasets\speechocean762\WAVE\SPEAKER3068\030680034.WAV,WHO WAS THE BOY,9,10.0,8,7,8
train,030680037,3068,m,9,C:\Users\azizg\Desktop\pfe-d\data\clarity_datasets\speechocean762\WAVE\SPEAKER3068\030680037.WAV,LET HIM COME HERE,8,10.0,8,7,8
train,030680045,3068,m,9,C:\Users\azizg\Desktop\pfe-d\data\clarity_datasets\speechocean762\WAVE\SPEAKER3068\030680045.WAV,AND THESE WASH NO ONE THERE,7,10.0,8,7,7
train,030680054,3068,m,9,C:\Users\azizg\Desktop\pfe-d\data\clarity_datasets\speechocean762\WAVE\SPEAKER3068\030680054.WAV,BUT WHAT DOES SHE WANT HERE,8,10.0,8,8,8
train,030680056,3068,m,9,C:\Users\azizg\Desktop\pfe-d\data\clarity_datasets\speechocean762\WAVE\SPEAKER3068\030680056.WAV,HOW WOULD IT BE THEN,8,10.0,7,7,8
train,030680072,3068,m,9,C:\Users\azizg\Desktop\pfe-d\data\clarity_datasets\speechocean762\WAVE\SPEAKER3068\030680072.WAV,AFTER THAT YOU MAY GO,8,10.0,7,6,7
train,030680075,3068,m,9,C:\Users\azizg\Desktop\pfe-d\data\clarity_datasets\speechocean762\WAVE\SPEAKER3068\030680075.WAV,IT WAS AFTER BREAKFAST,8,10.0,8,8,7
train,030680090,3068,m,9,C:\Users\azizg\Desktop\pfe-d\data\clarity_datasets\speechocean762\WAVE\SPEAKER3068\030680090.WAV,THERE IS SO MUCH IN A NAME,8,10.0,8,8,8
train,030680092,3068,m,9,C:\Users\azizg\Desktop\pfe-d\data\clarity_datasets\speechocean762\WAVE\SPEAKER3068\030680092.WAV,IT WAS TOO BEAUTIFUL,8,10.0,8,7,8
train,030680097,3068,m,9,C:\Users\azizg\Desktop\pfe-d\data\clarity_datasets\speechocean762\WAVE\SPEAKER3068\030680097.WAV,SHE TURNED IT OVER,8,10.0,8,6,8
train,030680105,3068,m,9,C:\Users\azizg\Desktop\pfe-d\data\clarity_datasets\speechocean762\WAVE\SPEAKER3068\030680105.WAV,NO TEETH WERE THERE,8,10.0,8,7,7
train,030680114,3068,m,9,C:\Users\azizg\Desktop\pfe-d\data\clarity_datasets\speechocean762\WAVE\SPEAKER3068\030680114.WAV,SHE LIKED WAKING ON HIM,8,10.0,8,8,8
train,030680119,3068,m,9,C:\Users\azizg\Desktop\pfe-d\data\clarity_datasets\speechocean762\WAVE\SPEAKER3068\030680119.WAV,THEY MAKE ME SO HAPPY,8,10.0,7,7,7
train,030680140,3068,m,9,C:\Users\azizg\Desktop\pfe-d\data\clarity_datasets\speechocean762\WAVE\SPEAKER3068\030680140.WAV,I KNOW IT ALL,8,10.0,7,7,7
train,030680162,3068,m,9,C:\Users\azizg\Desktop\pfe-d\data\clarity_datasets\speechocean762\WAVE\SPEAKER3068\030680162.WAV,GET ON WITH YOUR BREAKFAST,8,10.0,7,6,7
train,030830001,3083,f,10,C:\Users\azizg\Desktop\pfe-d\data\clarity_datasets\speechocean762\WAVE\SPEAKER3083\030830001.WAV,TELL ME WHAT YOU WANT ME TO DO,8,10.0,8,7,8
train,030830004,3083,f,10,C:\Users\azizg\Desktop\pfe-d\data\clarity_datasets\speechocean762\WAVE\SPEAKER3083\030830004.WAV,SHE KNOWS I WOULD,9,10.0,9,8,8
train,030830013,3083,f,10,C:\Users\azizg\Desktop\pfe-d\data\clarity_datasets\speechocean762\WAVE\SPEAKER3083\030830013.WAV,AND PEOPLE WERE BEGINNING TO SAY ITS OF YOU,8,10.0,8,7,7
train,030830021,3083,f,10,C:\Users\azizg\Desktop\pfe-d\data\clarity_datasets\speechocean762\WAVE\SPEAKER3083\030830021.WAV,AND HOW ARE THINGS GOING ON HAIR NOW,8,10.0,6,7,7
train,030830030,3083,f,10,C:\Users\azizg\Desktop\pfe-d\data\clarity_datasets\speechocean762\WAVE\SPEAKER3083\030830030.WAV,WE KNOW THAT WELL,8,10.0,7,7,7
train,030830033,3083,f,10,C:\Users\azizg\Desktop\pfe-d\data\clarity_datasets\speechocean762\WAVE\SPEAKER3083\030830033.WAV,I WANTS WORK AND ITS IS MY RIGHT,8,10.0,7,7,7
train,030830043,3083,f,10,C:\Users\azizg\Desktop\pfe-d\data\clarity_datasets\speechocean762\WAVE\SPEAKER3083\030830043.WAV,I DO NOT KNOW HIM,8,10.0,8,8,8
train,030830069,3083,f,10,C:\Users\azizg\Desktop\pfe-d\data\clarity_datasets\speechocean762\WAVE\SPEAKER3083\030830069.WAV,YES I KNOW YOU LOVE ME,9,10.0,7,8,8
train,030830074,3083,f,10,C:\Users\azizg\Desktop\pfe-d\data\clarity_datasets\speechocean762\WAVE\SPEAKER3083\030830074.WAV,HOW HAPPY YOU BOTH LOOK,9,10.0,8,8,8
train,030830093,3083,f,10,C:\Users\azizg\Desktop\pfe-d\data\clarity_datasets\speechocean762\WAVE\SPEAKER3083\030830093.WAV,SHE WORD NOT SAY WHAT,8,10.0,7,7,7
train,030830094,3083,f,10,C:\Users\azizg\Desktop\pfe-d\data\clarity_datasets\speechocean762\WAVE\SPEAKER3083\030830094.WAV,IT ME ALL BE OVER,9,10.0,8,8,8
train,030830102,3083,f,10,C:\Users\azizg\Desktop\pfe-d\data\clarity_datasets\speechocean762\WAVE\SPEAKER3083\030830102.WAV,SHE WILL KNOW WHAT'S I WANT,9,10.0,8,7,8
train,030830116,3083,f,10,C:\Users\azizg\Desktop\pfe-d\data\clarity_datasets\speechocean762\WAVE\SPEAKER3083\030830116.WAV,LET US GO IN TO IT,8,10.0,7,7,8
train,030830118,3083,f,10,C:\Users\azizg\Desktop\pfe-d\data\clarity_datasets\speechocean762\WAVE\SPEAKER3083\030830118.WAV,THEN HE TURNED BACK AND LOOKED AT HER,8,10.0,7,7,7
train,030830124,3083,f,10,C:\Users\azizg\Desktop\pfe-d\data\clarity_datasets\speechocean762\WAVE\SPEAKER3083\030830124.WAV,IN ANY CASE HE IS SURE TO LOVE HAIR BEST,7,10.0,7,7,7
train,030830129,3083,f,10,C:\Users\azizg\Desktop\pfe-d\data\clarity_datasets\speechocean762\WAVE\SPEAKER3083\030830129.WAV,WHICH DO YOU CARE TO USE,8,10.0,8,8,8
train,030830135,3083,f,10,C:\Users\azizg\Desktop\pfe-d\data\clarity_datasets\speechocean762\WAVE\SPEAKER3083\030830135.WAV,AND THERE WE WERE,8,10.0,7,7,7
train,030830147,3083,f,10,C:\Users\azizg\Desktop\pfe-d\data\clarity_datasets\speechocean762\WAVE\SPEAKER3083\030830147.WAV,WHAT WERE YOU PARENTS,7,10.0,7,8,7
train,030830154,3083,f,10,C:\Users\azizg\Desktop\pfe-d\data\clarity_datasets\speechocean762\WAVE\SPEAKER3083\030830154.WAV,STAY WITH MY MOTHER,8,10.0,9,8,8
train,030830169,3083,f,10,C:\Users\azizg\Desktop\pfe-d\data\clarity_datasets\speechocean762\WAVE\SPEAKER3083\030830169.WAV,HE WILL HELP YOU,8,10.0,8,8,8
train,032080019,3208,f,9,C:\Users\azizg\Desktop\pfe-d\data\clarity_datasets\speechocean762\WAVE\SPEAKER3208\032080019.WAV,I SEE HIM THERE,10,10.0,10,10,10
train,032080038,3208,f,9,C:\Users\azizg\Desktop\pfe-d\data\clarity_datasets\speechocean762\WAVE\SPEAKER3208\032080038.WAV,DOES SHE WANT TO SEE ME,10,10.0,10,9,9
train,032080043,3208,f,9,C:\Users\azizg\Desktop\pfe-d\data\clarity_datasets\speechocean762\WAVE\SPEAKER3208\032080043.WAV,HERE I MAY DO SOMETHING,9,10.0,10,10,9
train,032080056,3208,f,9,C:\Users\azizg\Desktop\pfe-d\data\clarity_datasets\speechocean762\WAVE\SPEAKER3208\032080056.WAV,GET UP I SAY,10,10.0,10,9,9
train,032080058,3208,f,9,C:\Users\azizg\Desktop\pfe-d\data\clarity_datasets\speechocean762\WAVE\SPEAKER3208\032080058.WAV,WELL WHERE IS HE,8,10.0,8,8,8
train,032080071,3208,f,9,C:\Users\azizg\Desktop\pfe-d\data\clarity_datasets\speechocean762\WAVE\SPEAKER3208\032080071.WAV,I HAVE HAD NO HOLIDAY,10,10.0,9,9,9
train,032080078,3208,f,9,C:\Users\azizg\Desktop\pfe-d\data\clarity_datasets\speechocean762\WAVE\SPEAKER3208\032080078.WAV,AND SO THERE WERE TEN OF THEM,10,10.0,9,9,9
train,032080079,3208,f,9,C:\Users\azizg\Desktop\pfe-d\data\clarity_datasets\speechocean762\WAVE\SPEAKER3208\032080079.WAV,IT IS GOOD TO BE LOVED AND TO LOVE,8,10.0,9,9,8
train,032080083,3208,f,9,C:\Users\azizg\Desktop\pfe-d\data\clarity_datasets\speechocean762\WAVE\SPEAKER3208\032080083.WAV,BUT THIS IDEA WAS NOT OF TODAY,8,10.0,9,9,8
train,032080088,3208,f,9,C:\Users\azizg\Desktop\pfe-d\data\clarity_datasets\speechocean762\WAVE\SPEAKER3208\032080088.WAV,OH THIS IS WONDERFUL,9,10.0,9,9,9
train,032080092,3208,f,9,C:\Users\azizg\Desktop\pfe-d\data\clarity_datasets\speechocean762\WAVE\SPEAKER3208\032080092.WAV,THEY WILL SEE THAT YOU ARE NOT THERE,8,10.0,8,8,8
train,032080093,3208,f,9,C:\Users\azizg\Desktop\pfe-d\data\clarity_datasets\speechocean762\WAVE\SPEAKER3208\032080093.WAV,WE ARE BOTH TWELVE YEARS OLD,9,10.0,9,8,8
train,032080099,3208,f,9,C:\Users\azizg\Desktop\pfe-d\data\clarity_datasets\speechocean762\WAVE\SPEAKER3208\032080099.WAV,TRY YOUR NEW SHOES,8,10.0,9,9,8
train,032080103,3208,f,9,C:\Users\azizg\Desktop\pfe-d\data\clarity_datasets\speechocean762\WAVE\SPEAKER3208\032080103.WAV,BUT IT WAS TOO MUCH,9,10.0,9,9,9
train,032080110,3208,f,9,C:\Users\azizg\Desktop\pfe-d\data\clarity_datasets\speechocean762\WAVE\SPEAKER3208\032080110.WAV,DO YOU WANT TO KNOW MY WISH,9,10.0,9,9,9
train,032080119,3208,f,9,C:\Users\azizg\Desktop\pfe-d\data\clarity_datasets\speechocean762\WAVE\SPEAKER3208\032080119.WAV,SURELY THAT IS NOT TOO LONG TO WAIT,8,10.0,10,9,8
train,032080132,3208,f,9,C:\Users\azizg\Desktop\pfe-d\data\clarity_datasets\speechocean762\WAVE\SPEAKER3208\032080132.WAV,SHE HAS THAT FROM ME,9,10.0,9,9,9
train,032080145,3208,f,9,C:\Users\azizg\Desktop\pfe-d\data\clarity_datasets\speechocean762\WAVE\SPEAKER3208\032080145.WAV,HE HAD TO DRINK ON ALL FOURS,9,10.0,8,8,8
train,032080150,3208,f,9,C:\Users\azizg\Desktop\pfe-d\data\clarity_datasets\speechocean762\WAVE\SPEAKER3208\032080150.WAV,MY SISTER WILL MISS YOU,9,10.0,9,9,9
train,032080161,3208,f,9,C:\Users\azizg\Desktop\pfe-d\data\clarity_datasets\speechocean762\WAVE\SPEAKER3208\032080161.WAV,THAT I CAN GIVE HIM,9,10.0,10,9,9
train,034230011,3423,f,9,C:\Users\azizg\Desktop\pfe-d\data\clarity_datasets\speechocean762\WAVE\SPEAKER3423\034230011.WAV,WHY HAD HE TURNED,9,10.0,9,7,8
train,034230034,3423,f,9,C:\Users\azizg\Desktop\pfe-d\data\clarity_datasets\speechocean762\WAVE\SPEAKER3423\034230034.WAV,YES THAT IS SOMETHING,9,10.0,9,9,9
train,034230035,3423,f,9,C:\Users\azizg\Desktop\pfe-d\data\clarity_datasets\speechocean762\WAVE\SPEAKER3423\034230035.WAV,THIS IS THE FIRST,9,10.0,9,9,9
train,034230043,3423,f,9,C:\Users\azizg\Desktop\pfe-d\data\clarity_datasets\speechocean762\WAVE\SPEAKER3423\034230043.WAV,YOU CAN PUT BUY TRIES,9,10.0,9,8,8
train,034230051,3423,f,9,C:\Users\azizg\Desktop\pfe-d\data\clarity_datasets\speechocean762\WAVE\SPEAKER3423\034230051.WAV,HE WAS HAPPY THIS MORNING LIKE A BOY,9,10.0,8,8,8
train,034230058,3423,f,9,C:\Users\azizg\Desktop\pfe-d\data\clarity_datasets\speechocean762\WAVE\SPEAKER3423\034230058.WAV,I HAND A SAY WHICH THEN,8,10.0,8,8,7
train,034230063,3423,f,9,C:\Users\azizg\Desktop\pfe-d\data\clarity_datasets\speechocean762\WAVE\SPEAKER3423\034230063.WAV,AND THERE WERE THREE DAYS LIKE THIS,9,10.0,9,9,9
train,034230072,3423,f,9,C:\Users\azizg\Desktop\pfe-d\data\clarity_datasets\speechocean762\WAVE\SPEAKER3423\034230072.WAV,THEY WERE LIKE YEARS,8,10.0,8,8,8
train,034230079,3423,f,9,C:\Users\azizg\Desktop\pfe-d\data\clarity_datasets\speechocean762\WAVE\SPEAKER3423\034230079.WAV,BUT HE WAS GREAT,8,10.0,8,9,8
train,034230081,3423,f,9,C:\Users\azizg\Desktop\pfe-d\data\clarity_datasets\speechocean762\WAVE\SPEAKER3423\034230081.WAV,I GUESSES YOU HAVE,8,10.0,8,8,8
train,034230083,3423,f,9,C:\Users\azizg\Desktop\pfe-d\data\clarity_datasets\speechocean762\WAVE\SPEAKER3423\034230083.WAV,THERE USE TO BE,8,10.0,9,8,8
train,034230085,3423,f,9,C:\Users\azizg\Desktop\pfe-d\data\clarity_datasets\speechocean762\WAVE\SPEAKER3423\034230085.WAV,NO ONE LOVE ME NOW,10,10.0,9,8,9
train,034230108,3423,f,9,C:\Users\azizg\Desktop\pfe-d\data\clarity_datasets\speechocean762\WAVE\SPEAKER3423\034230108.WAV,TO GO ON WITH THE SORRY,8,10.0,8,8,8
train,034230112,3423,f,9,C:\Users\azizg\Desktop\pfe-d\data\clarity_datasets\speechocean762\WAVE\SPEAKER3423\034230112.WAV,GIVE IT HERE I TELL YOU,8,10.0,8,8,8
train,034230115,3423,f,9,C:\Users\azizg\Desktop\pfe-d\data\clarity_datasets\speechocean762\WAVE\SPEAKER3423\034230115.WAV,HE HAD HE ARM ROUND HER,8,10.0,8,8,8
train,034230123,3423,f,9,C:\Users\azizg\Desktop\pfe-d\data\clarity_datasets\speechocean762\WAVE\SPEAKER3423\034230123.WAV,AND HERE AM I WAIT TO FOR,8,10.0,7,8,7
train,034230141,3423,f,9,C:\Users\azizg\Desktop\pfe-d\data\clarity_datasets\speechocean762\WAVE\SPEAKER3423\034230141.WAV,BUT HE SHE LOOK UP AND IS NOT AFRAID,8,10.0,8,8,8
train,034230154,3423,f,9,C:\Users\azizg\Desktop\pfe-d\data\clarity_datasets\speechocean762\WAVE\SPEAKER3423\034230154.WAV,IT WAS A GREAT DAY THIS,9,10.0,9,9,9
train,034230164,3423,f,9,C:\Users\azizg\Desktop\pfe-d\data\clarity_datasets\speechocean762\WAVE\SPEAKER3423\034230164.WAV,THERE WAS NO PLAY FOR HIM NOW,8,10.0,9,8,7
train,034230168,3423,f,9,C:\Users\azizg\Desktop\pfe-d\data\clarity_datasets\speechocean762\WAVE\SPEAKER3423\034230168.WAV,BUT GO UP I WILL,8,10.0,8,8,8
train,036360016,3636,m,9,C:\Users\azizg\Desktop\pfe-d\data\clarity_datasets\speechocean762\WAVE\SPEAKER3636\036360016.WAV,HE LOVED ME YOU SAY,9,10.0,8,8,9
train,036360027,3636,m,9,C:\Users\azizg\Desktop\pfe-d\data\clarity_datasets\speechocean762\WAVE\SPEAKER3636\036360027.WAV,BUT I KNOW I KNOW,9,10.0,8,8,8
train,036360029,3636,m,9,C:\Users\azizg\Desktop\pfe-d\data\clarity_datasets\speechocean762\WAVE\SPEAKER3636\036360029.WAV,WHY MY YOU NOT COME WITH ME,9,10.0,8,8,8
train,036360032,3636,m,9,C:\Users\azizg\Desktop\pfe-d\data\clarity_datasets\speechocean762\WAVE\SPEAKER3636\036360032.WAV,I US ONLY TWENTY THEN,8,10.0,8,8,8
train,036360033,3636,m,9,C:\Users\azizg\Desktop\pfe-d\data\clarity_datasets\speechocean762\WAVE\SPEAKER3636\036360033.WAV,WILL YOU COME WITH ME OR WHAT,8,10.0,8,8,7
train,036360034,3636,m,9,C:\Users\azizg\Desktop\pfe-d\data\clarity_datasets\speechocean762\WAVE\SPEAKER3636\036360034.WAV,SHE US AT HOME,9,10.0,9,9,9
train,036360044,3636,m,9,C:\Users\azizg\Desktop\pfe-d\data\clarity_datasets\speechocean762\WAVE\SPEAKER3636\036360044.WAV,IT US FROM HER THAT IT HARD ITS BEAST TIE,8,10.0,8,8,8
train,036360055,3636,m,9,C:\Users\azizg\Desktop\pfe-d\data\clarity_datasets\speechocean762\WAVE\SPEAKER3636\036360055.WAV,HOW CAN THEY BE RIGHT,9,10.0,9,9,9
train,036360061,3636,m,9,C:\Users\azizg\Desktop\pfe-d\data\clarity_datasets\speechocean762\WAVE\SPEAKER3636\036360061.WAV,DO YOU NOT KNOW MY STORY,8,10.0,8,8,8
train,036360062,3636,m,9,C:\Users\azizg\Desktop\pfe-d\data\clarity_datasets\speechocean762\WAVE\SPEAKER3636\036360062.WAV,WHY DO YOU NOT GO HOME,8,10.0,8,8,8
train,036360071,3636,m,9,C:\Users\azizg\Desktop\pfe-d\data\clarity_datasets\speechocean762\WAVE\SPEAKER3636\036360071.WAV,I WOULD WORK SO HARD TO GET IT DONE,9,10.0,7,6,8
train,036360106,3636,m,9,C:\Users\azizg\Desktop\pfe-d\data\clarity_datasets\speechocean762\WAVE\SPEAKER3636\036360106.WAV,YES IT WAS ALL RIGHT THIS TIME,8,10.0,7,7,7
train,036360111,3636,m,9,C:\Users\azizg\Desktop\pfe-d\data\clarity_datasets\speechocean762\WAVE\SPEAKER3636\036360111.WAV,WHAT A SWEET SINGER YOU US WHEN YOU FIRST COME,9,10.0,7,6,8
train,036360114,3636,m,9,C:\Users\azizg\Desktop\pfe-d\data\clarity_datasets\speechocean762\WAVE\SPEAKER3636\036360114.WAV,WHY THAT'S ALL ONE,9,10.0,9,8,8
train,036360142,3636,m,9,C:\Users\azizg\Desktop\pfe-d\data\clarity_datasets\speechocean762\WAVE\SPEAKER3636\036360142.WAV,BUT DO NOT COME TO ME AGAIN,9,10.0,8,7,8
train,036360151,3636,m,9,C:\Users\azizg\Desktop\pfe-d\data\clarity_datasets\speechocean762\WAVE\SPEAKER3636\036360151.WAV,I WILL TELL YOU THAT THEY DONE,9,10.0,8,8,8
train,036360154,3636,m,9,C:\Users\azizg\Desktop\pfe-d\data\clarity_datasets\speechocean762\WAVE\SPEAKER3636\036360154.WAV,ANY OF IT ON HIM,8,10.0,8,8,8
train,036360160,3636,m,9,C:\Users\azizg\Desktop\pfe-d\data\clarity_datasets\speechocean762\WAVE\SPEAKER3636\036360160.WAV,WHERE WHERE THEY TO GO PLEASE,8,10.0,8,8,8
train,036360167,3636,m,9,C:\Users\azizg\Desktop\pfe-d\data\clarity_datasets\speechocean762\WAVE\SPEAKER3636\036360167.WAV,I ONLY TELL YOU WHAT I HEAR,8,10.0,7,7,7
train,036360174,3636,m,9,C:\Users\azizg\Desktop\pfe-d\data\clarity_datasets\speechocean762\WAVE\SPEAKER3636\036360174.WAV,WILL YOU BE SORRY,8,10.0,9,8,8
train,038370004,3837,f,12,C:\Users\azizg\Desktop\pfe-d\data\clarity_datasets\speechocean762\WAVE\SPEAKER3837\038370004.WAV,I HAVE NO IDEA OF WHAT THIS DONE,8,10.0,8,8,7
train,038370013,3837,f,12,C:\Users\azizg\Desktop\pfe-d\data\clarity_datasets\speechocean762\WAVE\SPEAKER3837\038370013.WAV,YOU MAY DO WHAT YOU LIKE,9,10.0,8,8,8
train,038370019,3837,f,12,C:\Users\azizg\Desktop\pfe-d\data\clarity_datasets\speechocean762\WAVE\SPEAKER3837\038370019.WAV,SHE DOES ALL THAT WOMAN CAN,9,10.0,8,8,8
train,038370045,3837,f,12,C:\Users\azizg\Desktop\pfe-d\data\clarity_datasets\speechocean762\WAVE\SPEAKER3837\038370045.WAV,I AM CUTE WILL IN,7,10.0,7,7,7
train,038370052,3837,f,12,C:\Users\azizg\Desktop\pfe-d\data\clarity_datasets\speechocean762\WAVE\SPEAKER3837\038370052.WAV,YES THAT IS RIGHT,9,10.0,9,9,9
train,038370056,3837,f,12,C:\Users\azizg\Desktop\pfe-d\data\clarity_datasets\speechocean762\WAVE\SPEAKER3837\038370056.WAV,SHE WITCHES TO PLEASE YOU,8,10.0,8,8,8
train,038370060,3837,f,12,C:\Users\azizg\Desktop\pfe-d\data\clarity_datasets\speechocean762\WAVE\SPEAKER3837\038370060.WAV,WHERE TO FIND HIM,8,10.0,9,9,8
train,038370061,3837,f,12,C:\Users\azizg\Desktop\pfe-d\data\clarity_datasets\speechocean762\WAVE\SPEAKER3837\038370061.WAV,HAVE SOME BANANAS PLEASE,8,10.0,8,8,8
train,038370068,3837,f,12,C:\Users\azizg\Desktop\pfe-d\data\clarity_datasets\speechocean762\WAVE\SPEAKER3837\038370068.WAV,WHY HAVE YOU DONE ALL THIS FOR ME,8,10.0,8,8,8
train,038370070,3837,f,12,C:\Users\azizg\Desktop\pfe-d\data\clarity_datasets\speechocean762\WAVE\SPEAKER3837\038370070.WAV,HE WOULD HAVE NO ROW,9,10.0,8,8,9
train,038370081,3837,f,12,C:\Users\azizg\Desktop\pfe-d\data\clarity_datasets\speechocean762\WAVE\SPEAKER3837\038370081.WAV,YOU KNOW WHAT I DO,9,10.0,8,8,8
train,038370097,3837,f,12,C:\Users\azizg\Desktop\pfe-d\data\clarity_datasets\speechocean762\WAVE\SPEAKER3837\038370097.WAV,BUT WAS THIS ALL,8,10.0,8,8,7
train,038370105,3837,f,12,C:\Users\azizg\Desktop\pfe-d\data\clarity_datasets\speechocean762\WAVE\SPEAKER3837\038370105.WAV,TAKE IT AND GO,9,10.0,8,8,8
train,038370107,3837,f,12,C:\Users\azizg\Desktop\pfe-d\data\clarity_datasets\speechocean762\WAVE\SPEAKER3837\038370107.WAV,WILL YOU LUNCH WITH ME,8,10.0,8,8,8
train,038370128,3837,f,12,C:\Users\azizg\Desktop\pfe-d\data\clarity_datasets\speechocean762\WAVE\SPEAKER3837\038370128.WAV,IT IS NOT TO BE DONE,8,10.0,8,8,8
train,038370142,3837,f,12,C:\Users\azizg\Desktop\pfe-d\data\clarity_datasets\speechocean762\WAVE\SPEAKER3837\038370142.WAV,WHAT'S WILL ONLY BE THREE MONTH,8,10.0,8,7,7
train,038370153,3837,f,12,C:\Users\azizg\Desktop\pfe-d\data\clarity_datasets\speechocean762\WAVE\SPEAKER3837\038370153.WAV,HE LOOK UP WITH AN IDEA IN HIS EYES,8,10.0,7,7,7
train,038370160,3837,f,12,C:\Users\azizg\Desktop\pfe-d\data\clarity_datasets\speechocean762\WAVE\SPEAKER3837\038370160.WAV,YES THAT MAY BE,10,10.0,9,9,9
train,038370167,3837,f,12,C:\Users\azizg\Desktop\pfe-d\data\clarity_datasets\speechocean762\WAVE\SPEAKER3837\038370167.WAV,BUT GO ON AND LET ME HEAR YOU,8,10.0,8,8,8
train,038370170,3837,f,12,C:\Users\azizg\Desktop\pfe-d\data\clarity_datasets\speechocean762\WAVE\SPEAKER3837\038370170.WAV,TELL ME AFTER WHAT,8,10.0,8,8,8
train,040050015,4005,f,20,C:\Users\azizg\Desktop\pfe-d\data\clarity_datasets\speechocean762\WAVE\SPEAKER4005\040050015.WAV,I THOUGHT HE WAS A BRILLIANT MAN,10,10.0,8,9,9
train,040050041,4005,f,20,C:\Users\azizg\Desktop\pfe-d\data\clarity_datasets\speechocean762\WAVE\SPEAKER4005\040050041.WAV,A CIVIL SUIT AGAINST THE COUNTY IS ALSO A POSSIBILITY,8,10.0,8,8,8
train,040050060,4005,f,20,C:\Users\azizg\Desktop\pfe-d\data\clarity_datasets\speechocean762\WAVE\SPEAKER4005\040050060.WAV,IN SPIRITUAL TERMS IT WAS A PRIVILEGE,8,10.0,8,8,8
train,040050071,4005,f,20,C:\Users\azizg\Desktop\pfe-d\data\clarity_datasets\speechocean762\WAVE\SPEAKER4005\040050071.WAV,THAT'S VERY IMPORTANT TO ME,9,10.0,9,9,9
train,040050094,4005,f,20,C:\Users\azizg\Desktop\pfe-d\data\clarity_datasets\speechocean762\WAVE\SPEAKER4005\040050094.WAV,NO NEED TO GIVE THE ANSWERS THEN,8,10.0,9,8,8
train,040050107,4005,f,20,C:\Users\azizg\Desktop\pfe-d\data\clarity_datasets\speechocean762\WAVE\SPEAKER4005\040050107.WAV,SECURITY AROUND THE HOTEL IS TIGHT,8,10.0,8,8,7
train,040050110,4005,f,20,C:\Users\azizg\Desktop\pfe-d\data\clarity_datasets\speechocean762\WAVE\SPEAKER4005\040050110.WAV,ALTHOUGH HE HAD ONLY A,8,10.0,8,8,8
train,040050125,4005,f,20,C:\Users\azizg\Desktop\pfe-d\data\clarity_datasets\speechocean762\WAVE\SPEAKER4005\040050125.WAV,FINAL RACE OF THE SEASON TODAY,9,10.0,9,9,9
train,040050142,4005,f,20,C:\Users\azizg\Desktop\pfe-d\data\clarity_datasets\speechocean762\WAVE\SPEAKER4005\040050142.WAV,WE ARE THE BEGINNING OF NEXT YEAR,8,10.0,8,8,8
train,040050180,4005,f,20,C:\Users\azizg\Desktop\pfe-d\data\clarity_datasets\speechocean762\WAVE\SPEAKER4005\040050180.WAV,I LACK THE ABILITY TO GRASP THE CONCEPT OF TIME,8,10.0,8,8,8
train,040050183,4005,f,20,C:\Users\azizg\Desktop\pfe-d\data\clarity_datasets\speechocean762\WAVE\SPEAKER4005\040050183.WAV,I NEED TO BE LOVED,9,10.0,9,9,9
train,040050203,4005,f,20,C:\Users\azizg\Desktop\pfe-d\data\clarity_datasets\speechocean762\WAVE\SPEAKER4005\040050203.WAV,I HAVE TO LIVE WITH ME,8,10.0,9,9,8
train,040050205,4005,f,20,C:\Users\azizg\Desktop\pfe-d\data\clarity_datasets\speechocean762\WAVE\SPEAKER4005\040050205.WAV,BUT THEN YOU COULD BE IN JAIL,9,10.0,8,8,8
train,040050255,4005,f,20,C:\Users\azizg\Desktop\pfe-d\data\clarity_datasets\speechocean762\WAVE\SPEAKER4005\040050255.WAV,I WANT TO SEE YOU MAN,9,10.0,8,8,8
train,040050264,4005,f,20,C:\Users\azizg\Desktop\pfe-d\data\clarity_datasets\speechocean762\WAVE\SPEAKER4005\040050264.WAV,THAT IS THE LAST TIME,8,10.0,8,8,8
train,040050271,4005,f,20,C:\Users\azizg\Desktop\pfe-d\data\clarity_datasets\speechocean762\WAVE\SPEAKER4005\040050271.WAV,TOO LATE TO GO TO THE STORE,9,10.0,9,9,9
train,040050281,4005,f,20,C:\Users\azizg\Desktop\pfe-d\data\clarity_datasets\speechocean762\WAVE\SPEAKER4005\040050281.WAV,I CAN HELP YOU WITH THE WEIGHT LOSS,8,10.0,8,8,8
train,040050295,4005,f,20,C:\Users\azizg\Desktop\pfe-d\data\clarity_datasets\speechocean762\WAVE\SPEAKER4005\040050295.WAV,WHY ARE YOU GOING TO GET ONE,8,10.0,8,8,8
train,040050306,4005,f,20,C:\Users\azizg\Desktop\pfe-d\data\clarity_datasets\speechocean762\WAVE\SPEAKER4005\040050306.WAV,I WAS GRATEFUL TO HER,9,10.0,8,8,8
train,040050358,4005,f,20,C:\Users\azizg\Desktop\pfe-d\data\clarity_datasets\speechocean762\WAVE\SPEAKER4005\040050358.WAV,BECAUSE I CAN KEEP YOU SAFE,8,10.0,7,7,7
train,051950005,5195,f,10,C:\Users\azizg\Desktop\pfe-d\data\clarity_datasets\speechocean762\WAVE\SPEAKER5195\051950005.WAV,SHALL I OPEN IT AND COME IN,9,10.0,9,9,9
train,051950011,5195,f,10,C:\Users\azizg\Desktop\pfe-d\data\clarity_datasets\speechocean762\WAVE\SPEAKER5195\051950011.WAV,ASK HIM TO LOOK IN AND SEE ME,9,10.0,9,9,9
train,051950018,5195,f,10,C:\Users\azizg\Desktop\pfe-d\data\clarity_datasets\speechocean762\WAVE\SPEAKER5195\051950018.WAV,THERE WAS A GREAT SURPRISE IN HER FACE ALSO,9,10.0,9,9,9
train,051950025,5195,f,10,C:\Users\azizg\Desktop\pfe-d\data\clarity_datasets\speechocean762\WAVE\SPEAKER5195\051950025.WAV,GO AWAY AND LEAVE ME,8,10.0,8,8,8
train,051950032,5195,f,10,C:\Users\azizg\Desktop\pfe-d\data\clarity_datasets\speechocean762\WAVE\SPEAKER5195\051950032.WAV,GO AWAY FROM THE TABLE,9,10.0,8,8,8
train,051950033,5195,f,10,C:\Users\azizg\Desktop\pfe-d\data\clarity_datasets\speechocean762\WAVE\SPEAKER5195\051950033.WAV,WAS IT IN SIX HOURS THAT THE FRENCH WERE COMING,8,10.0,8,8,8
train,051950038,5195,f,10,C:\Users\azizg\Desktop\pfe-d\data\clarity_datasets\speechocean762\WAVE\SPEAKER5195\051950038.WAV,NO THEY MUST SEE NO CHANGE,9,10.0,9,9,8
train,051950044,5195,f,10,C:\Users\azizg\Desktop\pfe-d\data\clarity_datasets\speechocean762\WAVE\SPEAKER5195\051950044.WAV,CAN THIS TALE BE TRUE,9,10.0,9,9,9
train,051950050,5195,f,10,C:\Users\azizg\Desktop\pfe-d\data\clarity_datasets\speechocean762\WAVE\SPEAKER5195\051950050.WAV,COME COME THIS WON'T DO,9,10.0,9,9,9
train,051950051,5195,f,10,C:\Users\azizg\Desktop\pfe-d\data\clarity_datasets\speechocean762\WAVE\SPEAKER5195\051950051.WAV,YOUR FATHER WAS MY FRIEND,9,10.0,9,9,9
train,051950067,5195,f,10,C:\Users\azizg\Desktop\pfe-d\data\clarity_datasets\speechocean762\WAVE\SPEAKER5195\051950067.WAV,THE FIRST DAY OF THE WAKE IS NOTHING TO IT,9,10.0,9,9,9
train,051950075,5195,f,10,C:\Users\azizg\Desktop\pfe-d\data\clarity_datasets\speechocean762\WAVE\SPEAKER5195\051950075.WAV,I SHALL GO AND LOOK FOR SOME MONEY,9,10.0,9,9,9
train,051950086,5195,f,10,C:\Users\azizg\Desktop\pfe-d\data\clarity_datasets\speechocean762\WAVE\SPEAKER5195\051950086.WAV,WHAT BILLS WILL THAT PAY,10,10.0,9,9,9
train,051950088,5195,f,10,C:\Users\azizg\Desktop\pfe-d\data\clarity_datasets\speechocean762\WAVE\SPEAKER5195\051950088.WAV,SHE FOLLOWED AND LOOKED,10,10.0,10,10,10
train,051950096,5195,f,10,C:\Users\azizg\Desktop\pfe-d\data\clarity_datasets\speechocean762\WAVE\SPEAKER5195\051950096.WAV,THE MONKEY CAN'T TAKE IT HOME,9,10.0,9,9,9
train,051950138,5195,f,10,C:\Users\azizg\Desktop\pfe-d\data\clarity_datasets\speechocean762\WAVE\SPEAKER5195\051950138.WAV,BUT WHO ELSE WAS TO DO IT,9,10.0,9,9,9
train,051950154,5195,f,10,C:\Users\azizg\Desktop\pfe-d\data\clarity_datasets\speechocean762\WAVE\SPEAKER5195\051950154.WAV,DO THEY BEGIN TO FORGET US,9,10.0,9,9,9
train,051950163,5195,f,10,C:\Users\azizg\Desktop\pfe-d\data\clarity_datasets\speechocean762\WAVE\SPEAKER5195\051950163.WAV,BUT NOW THEY WERE PARTED,9,10.0,9,9,9
train,051950164,5195,f,10,C:\Users\azizg\Desktop\pfe-d\data\clarity_datasets\speechocean762\WAVE\SPEAKER5195\051950164.WAV,IT WAS QUITE A FAMILY PARTY,9,10.0,10,9,9
train,051950170,5195,f,10,C:\Users\azizg\Desktop\pfe-d\data\clarity_datasets\speechocean762\WAVE\SPEAKER5195\051950170.WAV,I ALSO SOON LEARNED THE WAY TO BE HUNGRY,7,10.0,7,7,7
train,052180017,5218,f,12,C:\Users\azizg\Desktop\pfe-d\data\clarity_datasets\speechocean762\WAVE\SPEAKER5218\052180017.WAV,AND SHALL I TELL YOU WHY,9,10.0,8,8,8
train,052180027,5218,f,12,C:\Users\azizg\Desktop\pfe-d\data\clarity_datasets\speechocean762\WAVE\SPEAKER5218\052180027.WAV,AH I COULD SEE IT,9,10.0,9,9,9
train,052180028,5218,f,12,C:\Users\azizg\Desktop\pfe-d\data\clarity_datasets\speechocean762\WAVE\SPEAKER5218\052180028.WAV,I HAD BETTER GO ON WITH THE STORY,8,10.0,8,8,8
train,052180037,5218,f,12,C:\Users\azizg\Desktop\pfe-d\data\clarity_datasets\speechocean762\WAVE\SPEAKER5218\052180037.WAV,I'M GOOD FOR TWENTY YEARS,8,10.0,8,8,8
train,052180041,5218,f,12,C:\Users\azizg\Desktop\pfe-d\data\clarity_datasets\speechocean762\WAVE\SPEAKER5218\052180041.WAV,I HAVE DONE AS WELL AS I COULD,7,10.0,8,7,6
train,052180042,5218,f,12,C:\Users\azizg\Desktop\pfe-d\data\clarity_datasets\speechocean762\WAVE\SPEAKER5218\052180042.WAV,WE SHALL HAVE THE BEST OF EVERYTHING,8,10.0,8,8,8
train,052180046,5218,f,12,C:\Users\azizg\Desktop\pfe-d\data\clarity_datasets\speechocean762\WAVE\SPEAKER5218\052180046.WAV,AND HOW COULD HE,9,10.0,9,7,8
train,052180068,5218,f,12,C:\Users\azizg\Desktop\pfe-d\data\clarity_datasets\speechocean762\WAVE\SPEAKER5218\052180068.WAV,BUT COULD YOU MAKE IT SO,8,10.0,9,9,8
train,052180084,5218,f,12,C:\Users\azizg\Desktop\pfe-d\data\clarity_datasets\speechocean762\WAVE\SPEAKER5218\052180084.WAV,I'M TIRED OF IT,9,10.0,9,8,8
train,052180090,5218,f,12,C:\Users\azizg\Desktop\pfe-d\data\clarity_datasets\speechocean762\WAVE\SPEAKER5218\052180090.WAV,WHAT COULD I DO,9,10.0,9,9,9
train,052180093,5218,f,12,C:\Users\azizg\Desktop\pfe-d\data\clarity_datasets\speechocean762\WAVE\SPEAKER5218\052180093.WAV,IN HALF AN HOUR THE DOCTOR WOULD BE BACK,8,10.0,9,8,8
train,052180098,5218,f,12,C:\Users\azizg\Desktop\pfe-d\data\clarity_datasets\speechocean762\WAVE\SPEAKER5218\052180098.WAV,WELL I WILL TELL YOU HOW I KNOW,8,10.0,8,8,8
train,052180104,5218,f,12,C:\Users\azizg\Desktop\pfe-d\data\clarity_datasets\speechocean762\WAVE\SPEAKER5218\052180104.WAV,THEY WILL BEGIN TO KNOW THEMSELVES FOR WHAT THEY ARE,8,10.0,9,9,8
train,052180112,5218,f,12,C:\Users\azizg\Desktop\pfe-d\data\clarity_datasets\speechocean762\WAVE\SPEAKER5218\052180112.WAV,I THINK THE SHAKING HURT HIS FEELINGS VERY MUCH,8,10.0,9,8,8
train,052180117,5218,f,12,C:\Users\azizg\Desktop\pfe-d\data\clarity_datasets\speechocean762\WAVE\SPEAKER5218\052180117.WAV,VERY GOOD FOR TRAVELERS,8,10.0,9,9,8
train,052180124,5218,f,12,C:\Users\azizg\Desktop\pfe-d\data\clarity_datasets\speechocean762\WAVE\SPEAKER5218\052180124.WAV,THEIR LOOKS WERE BIG WITH SOME IMPORTANT NEWS,8,10.0,8,8,7
train,052180137,5218,f,12,C:\Users\azizg\Desktop\pfe-d\data\clarity_datasets\speechocean762\WAVE\SPEAKER5218\052180137.WAV,WE SHALL NEVER SEE YOU FACE HERE AGAIN,9,10.0,8,8,8
train,052180143,5218,f,12,C:\Users\azizg\Desktop\pfe-d\data\clarity_datasets\speechocean762\WAVE\SPEAKER5218\052180143.WAV,WE HAD BECOME WELL USE TO THE CLOTHES,8,10.0,8,8,8
train,052180146,5218,f,12,C:\Users\azizg\Desktop\pfe-d\data\clarity_datasets\speechocean762\WAVE\SPEAKER5218\052180146.WAV,I SHALL NEVER BE WHAT HE WAS,8,10.0,9,9,8
train,052180160,5218,f,12,C:\Users\azizg\Desktop\pfe-d\data\clarity_datasets\speechocean762\WAVE\SPEAKER5218\052180160.WAV,THE MORNING THAT WE PARTED TOO,9,10.0,8,8,9
train,054010004,5401,m,11,C:\Users\azizg\Desktop\pfe-d\data\clarity_datasets\speechocean762\WAVE\SPEAKER5401\054010004.WAV,THE DOCTOR ASKED LEAVE TO SAY ONE WORD MORE,8,10.0,7,7,7
train,054010009,5401,m,11,C:\Users\azizg\Desktop\pfe-d\data\clarity_datasets\speechocean762\WAVE\SPEAKER5401\054010009.WAV,AFTER LUNCH SHE READS NEWSPAPERS,8,10.0,8,8,8
train,054010014,5401,m,11,C:\Users\azizg\Desktop\pfe-d\data\clarity_datasets\speechocean762\WAVE\SPEAKER5401\054010014.WAV,WITH MY OWN HAND,9,10.0,9,8,8
train,054010032,5401,m,11,C:\Users\azizg\Desktop\pfe-d\data\clarity_datasets\speechocean762\WAVE\SPEAKER5401\054010032.WAV,BETTER LUCK NEXT TIME,7,10.0,7,8,7
train,054010046,5401,m,11,C:\Users\azizg\Desktop\pfe-d\data\clarity_datasets\speechocean762\WAVE\SPEAKER5401\054010046.WAV,ELSE WHY SHOULD WE COME,9,10.0,8,8,8
train,054010051,5401,m,11,C:\Users\azizg\Desktop\pfe-d\data\clarity_datasets\speechocean762\WAVE\SPEAKER5401\054010051.WAV,I'LL TAKE CARE OF DAD,7,10.0,7,7,7
train,054010055,5401,m,11,C:\Users\azizg\Desktop\pfe-d\data\clarity_datasets\speechocean762\WAVE\SPEAKER5401\054010055.WAV,YOU'RE A NICE WOMAN,9,10.0,8,8,8
train,054010061,5401,m,11,C:\Users\azizg\Desktop\pfe-d\data\clarity_datasets\speechocean762\WAVE\SPEAKER5401\054010061.WAV,NOT THE SEA SURELY,9,10.0,8,8,8
train,054010072,5401,m,11,C:\Users\azizg\Desktop\pfe-d\data\clarity_datasets\speechocean762\WAVE\SPEAKER5401\054010072.WAV,SHALL I JUMP OUT,8,10.0,8,8,7
train,054010079,5401,m,11,C:\Users\azizg\Desktop\pfe-d\data\clarity_datasets\speechocean762\WAVE\SPEAKER5401\054010079.WAV,OF THESE THREE ALL DAUGHTERS LIVED TO GROW UP,8,10.0,7,7,7
train,054010091,5401,m,11,C:\Users\azizg\Desktop\pfe-d\data\clarity_datasets\speechocean762\WAVE\SPEAKER5401\054010091.WAV,MOTHER AND SON TALKED TOGETHER,8,10.0,8,8,8
train,054010095,5401,m,11,C:\Users\azizg\Desktop\pfe-d\data\clarity_datasets\speechocean762\WAVE\SPEAKER5401\054010095.WAV,AND WITHOUT ANY MORE GROUNDS,8,10.0,8,8,8
train,054010105,5401,m,11,C:\Users\azizg\Desktop\pfe-d\data\clarity_datasets\speechocean762\WAVE\SPEAKER5401\054010105.WAV,SHE OPEN THE WINDOW EAT,9,10.0,8,8,8
train,054010107,5401,m,11,C:\Users\azizg\Desktop\pfe-d\data\clarity_datasets\speechocean762\WAVE\SPEAKER5401\054010107.WAV,FINE FIND FINE COULD BE ONLY BE,8,10.0,8,8,8
train,054010123,5401,m,11,C:\Users\azizg\Desktop\pfe-d\data\clarity_datasets\speechocean762\WAVE\SPEAKER5401\054010123.WAV,YOUR DAUGHTER LOVES ME,8,10.0,9,9,8
train,054010130,5401,m,11,C:\Users\azizg\Desktop\pfe-d\data\clarity_datasets\speechocean762\WAVE\SPEAKER5401\054010130.WAV,WEST IS THE NAME,8,10.0,8,8,7
train,054010136,5401,m,11,C:\Users\azizg\Desktop\pfe-d\data\clarity_datasets\speechocean762\WAVE\SPEAKER5401\054010136.WAV,THESE ARE THINGS WHICH A MAN CANNOT FORGET,8,10.0,8,8,8
train,054010148,5401,m,11,C:\Users\azizg\Desktop\pfe-d\data\clarity_datasets\speechocean762\WAVE\SPEAKER5401\054010148.WAV,ALONE IN HIS ROOM,8,10.0,8,8,8
train,054010155,5401,m,11,C:\Users\azizg\Desktop\pfe-d\data\clarity_datasets\speechocean762\WAVE\SPEAKER5401\054010155.WAV,WE ARE BORN COUSINS,8,10.0,8,8,8
train,054010165,5401,m,11,C:\Users\azizg\Desktop\pfe-d\data\clarity_datasets\speechocean762\WAVE\SPEAKER5401\054010165.WAV,I'M GLAD BECAUSE I LOVE DRIVING,8,10.0,9,9,8
train,054080004,5408,m,11,C:\Users\azizg\Desktop\pfe-d\data\clarity_datasets\speechocean762\WAVE\SPEAKER5408\054080004.WAV,THEN EACH LOOKED OUT OF THE WINDOW,9,10.0,9,9,9
train,054080008,5408,m,11,C:\Users\azizg\Desktop\pfe-d\data\clarity_datasets\speechocean762\WAVE\SPEAKER5408\054080008.WAV,NOTHING BUT GOOD FROM THIS,9,10.0,9,9,9
train,054080011,5408,m,11,C:\Users\azizg\Desktop\pfe-d\data\clarity_datasets\speechocean762\WAVE\SPEAKER5408\054080011.WAV,NOW HE WAS GOING AWAY,8,10.0,9,9,8
train,054080019,5408,m,11,C:\Users\azizg\Desktop\pfe-d\data\clarity_datasets\speechocean762\WAVE\SPEAKER5408\054080019.WAV,YOU MAY TAKE HER OR LEAVE HER,9,10.0,8,8,8
train,054080021,5408,m,11,C:\Users\azizg\Desktop\pfe-d\data\clarity_datasets\speechocean762\WAVE\SPEAKER5408\054080021.WAV,THEY WERE NEVER AN HOUR ALONE,8,10.0,7,8,7
train,054080033,5408,m,11,C:\Users\azizg\Desktop\pfe-d\data\clarity_datasets\speechocean762\WAVE\SPEAKER5408\054080033.WAV,BUT A GREAT STRONG MAN,8,10.0,8,8,8
train,054080035,5408,m,11,C:\Users\azizg\Desktop\pfe-d\data\clarity_datasets\speechocean762\WAVE\SPEAKER5408\054080035.WAV,I DON'T WANT PEOPLE TO GIVE ME THEIR MONEY,9,10.0,8,8,8
train,054080042,5408,m,11,C:\Users\azizg\Desktop\pfe-d\data\clarity_datasets\speechocean762\WAVE\SPEAKER5408\054080042.WAV,IT WAS FAR FAR AWAY BY THIS TIME,9,10.0,8,7,8
train,054080065,5408,m,11,C:\Users\azizg\Desktop\pfe-d\data\clarity_datasets\speechocean762\WAVE\SPEAKER5408\054080065.WAV,AND THE THREE TURNED AWAY,9,10.0,8,8,8
train,054080081,5408,m,11,C:\Users\azizg\Desktop\pfe-d\data\clarity_datasets\speechocean762\WAVE\SPEAKER5408\054080081.WAV,YOU HAVE DONE THAT WHICH MUST MAKE A FATHER ANGRY,8,10.0,8,8,8
train,054080109,5408,m,11,C:\Users\azizg\Desktop\pfe-d\data\clarity_datasets\speechocean762\WAVE\SPEAKER5408\054080109.WAV,THE LITTLE MAN WAS DOING THE SAME FOR ME,8,10.0,8,8,8
train,054080123,5408,m,11,C:\Users\azizg\Desktop\pfe-d\data\clarity_datasets\speechocean762\WAVE\SPEAKER5408\054080123.WAV,SHALL YOU TURN ME OUT,8,10.0,8,8,8
train,054080138,5408,m,11,C:\Users\azizg\Desktop\pfe-d\data\clarity_datasets\speechocean762\WAVE\SPEAKER5408\054080138.WAV,WELL THAT WAS TRUE IN PART,9,10.0,8,8,8
train,054080150,5408,m,11,C:\Users\azizg\Desktop\pfe-d\data\clarity_datasets\speechocean762\WAVE\SPEAKER5408\054080150.WAV,AND LOOKING UP HE SAW HIM,9,10.0,8,8,8
train,054080151,5408,m,11,C:\Users\azizg\Desktop\pfe-d\data\clarity_datasets\speechocean762\WAVE\SPEAKER5408\054080151.WAV,I MUST WASH MY HANDS FIRST,8,10.0,8,8,8
train,054080154,5408,m,11,C:\Users\azizg\Desktop\pfe-d\data\clarity_datasets\speechocean762\WAVE\SPEAKER5408\054080154.WAV,BUT WHAT A CAPITAL WORLD IT IS,9,10.0,8,8,8
train,054080163,5408,m,11,C:\Users\azizg\Desktop\pfe-d\data\clarity_datasets\speechocean762\WAVE\SPEAKER5408\054080163.WAV,HE MUST LEAVE HIS MONEY TO SOMEBODY,8,10.0,8,9,8
train,054080165,5408,m,11,C:\Users\azizg\Desktop\pfe-d\data\clarity_datasets\speechocean762\WAVE\SPEAKER5408\054080165.WAV,I MUST DO SOMETHING FOR MY LIVING,9,10.0,9,9,9
train,054080167,5408,m,11,C:\Users\azizg\Desktop\pfe-d\data\clarity_datasets\speechocean762\WAVE\SPEAKER5408\054080167.WAV,THEY CAN ONLY GO BACK ON THEMSELVES,8,10.0,8,8,7
train,054080174,5408,m,11,C:\Users\azizg\Desktop\pfe-d\data\clarity_datasets\speechocean762\WAVE\SPEAKER5408\054080174.WAV,THE GREAT WORK IT SHALL BE CARRY ON,8,10.0,8,8,8
train,054140003,5414,f,11,C:\Users\azizg\Desktop\pfe-d\data\clarity_datasets\speechocean762\WAVE\SPEAKER5414\054140003.WAV,YOU SHALL GO WITH HIM,8,10.0,8,8,8
train,054140010,5414,f,11,C:\Users\azizg\Desktop\pfe-d\data\clarity_datasets\speechocean762\WAVE\SPEAKER5414\054140010.WAV,HOW COULD SHE LIVE AND WHAT WOULD SHE DO,8,10.0,7,7,7
train,054140015,5414,f,11,C:\Users\azizg\Desktop\pfe-d\data\clarity_datasets\speechocean762\WAVE\SPEAKER5414\054140015.WAV,I DON'T KNOW THEM,8,10.0,8,8,8
train,054140019,5414,f,11,C:\Users\azizg\Desktop\pfe-d\data\clarity_datasets\speechocean762\WAVE\SPEAKER5414\054140019.WAV,WE ARE NOT TOO LATE,9,10.0,8,8,8
train,054140021,5414,f,11,C:\Users\azizg\Desktop\pfe-d\data\clarity_datasets\speechocean762\WAVE\SPEAKER5414\054140021.WAV,THAT THEY COULD NOT TELL US,8,10.0,9,9,8
train,054140039,5414,f,11,C:\Users\azizg\Desktop\pfe-d\data\clarity_datasets\speechocean762\WAVE\SPEAKER5414\054140039.WAV,THEN SHALL WE LIVE,9,10.0,8,8,8
train,054140051,5414,f,11,C:\Users\azizg\Desktop\pfe-d\data\clarity_datasets\speechocean762\WAVE\SPEAKER5414\054140051.WAV,IT IS YOU WHO MUST GO,8,10.0,8,8,8
train,054140057,5414,f,11,C:\Users\azizg\Desktop\pfe-d\data\clarity_datasets\speechocean762\WAVE\SPEAKER5414\054140057.WAV,LET ME READ IT TO YOU,9,10.0,9,9,9
train,054140077,5414,f,11,C:\Users\azizg\Desktop\pfe-d\data\clarity_datasets\speechocean762\WAVE\SPEAKER5414\054140077.WAV,HOW WAS SHE TO TAKE ANY PRESENT FROM HIM NOW,8,10.0,8,7,7
train,054140098,5414,f,11,C:\Users\azizg\Desktop\pfe-d\data\clarity_datasets\speechocean762\WAVE\SPEAKER5414\054140098.WAV,BUT YOU MUST NOT FORGET ME,9,10.0,8,8,8
train,054140104,5414,f,11,C:\Users\azizg\Desktop\pfe-d\data\clarity_datasets\speechocean762\WAVE\SPEAKER5414\054140104.WAV,I NEVER PART WITH THEM,8,10.0,8,8,8
train,054140106,5414,f,11,C:\Users\azizg\Desktop\pfe-d\data\clarity_datasets\speechocean762\WAVE\SPEAKER5414\054140106.WAV,I MUST HAVE IT,9,10.0,9,9,9
train,054140113,5414,f,11,C:\Users\azizg\Desktop\pfe-d\data\clarity_datasets\speechocean762\WAVE\SPEAKER5414\054140113.WAV,I ASKED FOR NOTHING,9,10.0,8,8,8
train,054140115,5414,f,11,C:\Users\azizg\Desktop\pfe-d\data\clarity_datasets\speechocean762\WAVE\SPEAKER5414\054140115.WAV,I SHALL HAVE THINGS TO SAY,8,10.0,8,8,8
train,054140118,5414,f,11,C:\Users\azizg\Desktop\pfe-d\data\clarity_datasets\speechocean762\WAVE\SPEAKER5414\054140118.WAV,BUT I SHALL SPEAK OF HER AGAIN,9,10.0,7,7,8
train,054140119,5414,f,11,C:\Users\azizg\Desktop\pfe-d\data\clarity_datasets\speechocean762\WAVE\SPEAKER5414\054140119.WAV,WHY IS IT TOO LATE,9,10.0,9,8,8
train,054140122,5414,f,11,C:\Users\azizg\Desktop\pfe-d\data\clarity_datasets\speechocean762\WAVE\SPEAKER5414\054140122.WAV,YOU HAVE HAD YOUR OWN WAY,8,10.0,7,7,8
train,054140127,5414,f,11,C:\Users\azizg\Desktop\pfe-d\data\clarity_datasets\speechocean762\WAVE\SPEAKER5414\054140127.WAV,YOU SHALL NOT BE THE ONE TO GO,8,10.0,7,7,7
train,054140154,5414,f,11,C:\Users\azizg\Desktop\pfe-d\data\clarity_datasets\speechocean762\WAVE\SPEAKER5414\054140154.WAV,WHAT ELSE COULD ONE SAY,8,10.0,8,8,8
train,054140158,5414,f,11,C:\Users\azizg\Desktop\pfe-d\data\clarity_datasets\speechocean762\WAVE\SPEAKER5414\054140158.WAV,SHE WANTED TO SEE HIS FACE AGAIN,8,10.0,8,8,8
train,054180014,5418,f,11,C:\Users\azizg\Desktop\pfe-d\data\clarity_datasets\speechocean762\WAVE\SPEAKER5418\054180014.WAV,DON'T LET GO MY HAND,9,10.0,9,9,9
train,054180015,5418,f,11,C:\Users\azizg\Desktop\pfe-d\data\clarity_datasets\speechocean762\WAVE\SPEAKER5418\054180015.WAV,NO CLOTHES NO MONEY,9,10.0,8,8,8
train,054180021,5418,f,11,C:\Users\azizg\Desktop\pfe-d\data\clarity_datasets\speechocean762\WAVE\SPEAKER5418\054180021.WAV,YOU LIKE YOUR ART BETTER THAN YOU FRIENDS,9,10.0,9,9,9
train,054180022,5418,f,11,C:\Users\azizg\Desktop\pfe-d\data\clarity_datasets\speechocean762\WAVE\SPEAKER5418\054180022.WAV,IT HAS PASSED INTO OTHER HANDS NOW,8,10.0,8,8,8
train,054180029,5418,f,11,C:\Users\azizg\Desktop\pfe-d\data\clarity_datasets\speechocean762\WAVE\SPEAKER5418\054180029.WAV,NOTHING FOR NOTHING YOUNG MAN,9,10.0,8,8,8
train,054180033,5418,f,11,C:\Users\azizg\Desktop\pfe-d\data\clarity_datasets\speechocean762\WAVE\SPEAKER5418\054180033.WAV,HIS MIND WAS BUSY,8,10.0,8,8,8
train,054180059,5418,f,11,C:\Users\azizg\Desktop\pfe-d\data\clarity_datasets\speechocean762\WAVE\SPEAKER5418\054180059.WAV,I CAN'T BE DIFFERENT,9,10.0,9,9,9
train,054180063,5418,f,11,C:\Users\azizg\Desktop\pfe-d\data\clarity_datasets\speechocean762\WAVE\SPEAKER5418\054180063.WAV,HIS FACE WAS COLD,8,10.0,8,8,8
train,054180075,5418,f,11,C:\Users\azizg\Desktop\pfe-d\data\clarity_datasets\speechocean762\WAVE\SPEAKER5418\054180075.WAV,COULD YOU BEAR IT,9,10.0,8,8,8
train,054180076,5418,f,11,C:\Users\azizg\Desktop\pfe-d\data\clarity_datasets\speechocean762\WAVE\SPEAKER5418\054180076.WAV,FOR A TIME HE COULD NOT FIND WORDS,9,10.0,9,9,9
train,054180077,5418,f,11,C:\Users\azizg\Desktop\pfe-d\data\clarity_datasets\speechocean762\WAVE\SPEAKER5418\054180077.WAV,WHO ELSE SAYS SO,8,10.0,8,8,8
train,054180079,5418,f,11,C:\Users\azizg\Desktop\pfe-d\data\clarity_datasets\speechocean762\WAVE\SPEAKER5418\054180079.WAV,I'M NOT BIG ENOUGH,9,10.0,9,9,9
train,054180087,5418,f,11,C:\Users\azizg\Desktop\pfe-d\data\clarity_datasets\speechocean762\WAVE\SPEAKER5418\054180087.WAV,OUR MEETING COULD NOT HAVE HAPPENED BETTER,8,10.0,8,8,8
train,054180091,5418,f,11,C:\Users\azizg\Desktop\pfe-d\data\clarity_datasets\speechocean762\WAVE\SPEAKER5418\054180091.WAV,THEN THE STORY WAS FINISHED,9,10.0,9,9,9
train,054180096,5418,f,11,C:\Users\azizg\Desktop\pfe-d\data\clarity_datasets\speechocean762\WAVE\SPEAKER5418\054180096.WAV,I LIKE TO MEET HIM,9,10.0,9,9,9
train,054180111,5418,f,11,C:\Users\azizg\Desktop\pfe-d\data\clarity_datasets\speechocean762\WAVE\SPEAKER5418\054180111.WAV,I HOPE YOU DON'T MIND DRIVING,8,10.0,9,8,8
train,054180123,5418,f,11,C:\Users\azizg\Desktop\pfe-d\data\clarity_datasets\speechocean762\WAVE\SPEAKER5418\054180123.WAV,I HAD LEARNED WHAT I NEEDED,8,10.0,9,9,8
train,054180126,5418,f,11,C:\Users\azizg\Desktop\pfe-d\data\clarity_datasets\speechocean762\WAVE\SPEAKER5418\054180126.WAV,NEVER AGAIN COULD SHE CLOSE THEM,8,10.0,8,8,8
train,054180130,5418,f,11,C:\Users\azizg\Desktop\pfe-d\data\clarity_datasets\speechocean762\WAVE\SPEAKER5418\054180130.WAV,BUT THEY MUST BE NICE ONES LIKE YOURS YOU KNOW,8,10.0,9,8,8
train,054180174,5418,f,11,C:\Users\azizg\Desktop\pfe-d\data\clarity_datasets\speechocean762\WAVE\SPEAKER5418\054180174.WAV,MEET ME HERE AT THE SAME HOUR TOMORROW,9,10.0,9,9,9
train,054240002,5424,f,11,C:\Users\azizg\Desktop\pfe-d\data\clarity_datasets\speechocean762\WAVE\SPEAKER5424\054240002.WAV,AT THAT TIME TOO OF ALL OTHERS,8,10.0,8,8,8
train,054240025,5424,f,11,C:\Users\azizg\Desktop\pfe-d\data\clarity_datasets\speechocean762\WAVE\SPEAKER5424\054240025.WAV,HIS OWN GIRL MIND YOU,7,10.0,7,7,6
train,054240038,5424,f,11,C:\Users\azizg\Desktop\pfe-d\data\clarity_datasets\speechocean762\WAVE\SPEAKER5424\054240038.WAV,IT WAS PART OF OUR WORK,9,10.0,9,9,9
train,054240039,5424,f,11,C:\Users\azizg\Desktop\pfe-d\data\clarity_datasets\speechocean762\WAVE\SPEAKER5424\054240039.WAV,IN THE AFTERNOON I SAW HIM,8,10.0,8,7,7
train,054240048,5424,f,11,C:\Users\azizg\Desktop\pfe-d\data\clarity_datasets\speechocean762\WAVE\SPEAKER5424\054240048.WAV,AND I DON'T ALWAYS TRY,9,10.0,8,8,8
train,054240053,5424,f,11,C:\Users\azizg\Desktop\pfe-d\data\clarity_datasets\speechocean762\WAVE\SPEAKER5424\054240053.WAV,HOW MANY PEOPLE ARE THERE IN MY FAMILY,9,10.0,9,9,9
train,054240079,5424,f,11,C:\Users\azizg\Desktop\pfe-d\data\clarity_datasets\speechocean762\WAVE\SPEAKER5424\054240079.WAV,I CANNOT ASK YOU,10,10.0,9,9,9
train,054240091,5424,f,11,C:\Users\azizg\Desktop\pfe-d\data\clarity_datasets\speechocean762\WAVE\SPEAKER5424\054240091.WAV,COULD IT SEE HIM,8,10.0,9,9,8
train,054240093,5424,f,11,C:\Users\azizg\Desktop\pfe-d\data\clarity_datasets\speechocean762\WAVE\SPEAKER5424\054240093.WAV,WHERE MUST I GO,8,10.0,8,8,8
train,054240094,5424,f,11,C:\Users\azizg\Desktop\pfe-d\data\clarity_datasets\speechocean762\WAVE\SPEAKER5424\054240094.WAV,LOOK AT MY FACE,9,10.0,9,9,9
train,054240097,5424,f,11,C:\Users\azizg\Desktop\pfe-d\data\clarity_datasets\speechocean762\WAVE\SPEAKER5424\054240097.WAV,HERE IT IS AND YOU CAN READ FOR YOURSELF,9,10.0,8,9,9
train,054240099,5424,f,11,C:\Users\azizg\Desktop\pfe-d\data\clarity_datasets\speechocean762\WAVE\SPEAKER5424\054240099.WAV,SHE HAD NOT AGAIN I LEARNED TO LOVE HER COUSIN,8,10.0,7,7,7
train,054240109,5424,f,11,C:\Users\azizg\Desktop\pfe-d\data\clarity_datasets\speechocean762\WAVE\SPEAKER5424\054240109.WAV,YOU MUST DO YOU BEST,9,10.0,9,8,9
train,054240115,5424,f,11,C:\Users\azizg\Desktop\pfe-d\data\clarity_datasets\speechocean762\WAVE\SPEAKER5424\054240115.WAV,SHE WAS ALONE HIS LIGHT LOST,8,10.0,8,8,8
train,054240116,5424,f,11,C:\Users\azizg\Desktop\pfe-d\data\clarity_datasets\speechocean762\WAVE\SPEAKER5424\054240116.WAV,AND CAN YOU TEACH ME THEN,9,10.0,8,8,8
train,054240117,5424,f,11,C:\Users\azizg\Desktop\pfe-d\data\clarity_datasets\speechocean762\WAVE\SPEAKER5424\054240117.WAV,I SURE GET MY HAND OUT,8,10.0,9,8,8
train,054240125,5424,f,11,C:\Users\azizg\Desktop\pfe-d\data\clarity_datasets\speechocean762\WAVE\SPEAKER5424\054240125.WAV,BUT YOU SHALL LISTEN TO ME,8,10.0,8,8,8
train,054240126,5424,f,11,C:\Users\azizg\Desktop\pfe-d\data\clarity_datasets\speechocean762\WAVE\SPEAKER5424\054240126.WAV,BUT THERE WERE OTHERS ALSO PRESENT,8,10.0,8,8,8
train,054240138,5424,f,11,C:\Users\azizg\Desktop\pfe-d\data\clarity_datasets\speechocean762\WAVE\SPEAKER5424\054240138.WAV,BUT YOU MUST HAVE SOMETHING TO EAT,9,10.0,9,8,8
train,054240152,5424,f,11,C:\Users\azizg\Desktop\pfe-d\data\clarity_datasets\speechocean762\WAVE\SPEAKER5424\054240152.WAV,NO ONE SAW IT FOR A MOMENT OR SO,8,10.0,8,8,8
train,055510024,5551,m,11,C:\Users\azizg\Desktop\pfe-d\data\clarity_datasets\speechocean762\WAVE\SPEAKER5551\055510024.WAV,I HAVE LIVED IN THE PLACE,8,10.0,8,8,8
train,055510029,5551,m,11,C:\Users\azizg\Desktop\pfe-d\data\clarity_datasets\speechocean762\WAVE\SPEAKER5551\055510029.WAV,WHEN COULD WE DO IT,9,10.0,9,8,8
train,055510046,5551,m,11,C:\Users\azizg\Desktop\pfe-d\data\clarity_datasets\speechocean762\WAVE\SPEAKER5551\055510046.WAV,SHE IS BETTER OFF THAN I CAN MAKE HER,8,10.0,7,8,8
train,055510061,5551,m,11,C:\Users\azizg\Desktop\pfe-d\data\clarity_datasets\speechocean762\WAVE\SPEAKER5551\055510061.WAV,BUT SHE COULD NEVER BE CROSS WITH HIM,8,10.0,8,8,8
train,055510067,5551,m,11,C:\Users\azizg\Desktop\pfe-d\data\clarity_datasets\speechocean762\WAVE\SPEAKER5551\055510067.WAV,HE WOULD BE GOING AWAY,9,10.0,8,8,9
train,055510070,5551,m,11,C:\Users\azizg\Desktop\pfe-d\data\clarity_datasets\speechocean762\WAVE\SPEAKER5551\055510070.WAV,FOR AN HOUR THEY WALKED AND TALKED,8,10.0,8,8,8
train,055510078,5551,m,11,C:\Users\azizg\Desktop\pfe-d\data\clarity_datasets\speechocean762\WAVE\SPEAKER5551\055510078.WAV,AND NOW GO AWAY,8,10.0,8,8,8
train,055510079,5551,m,11,C:\Users\azizg\Desktop\pfe-d\data\clarity_datasets\speechocean762\WAVE\SPEAKER5551\055510079.WAV,YOU MAY SAY THAT TURNED,8,10.0,7,6,7
train,055510084,5551,m,11,C:\Users\azizg\Desktop\pfe-d\data\clarity_datasets\speechocean762\WAVE\SPEAKER5551\055510084.WAV,THEN SHE WAS LEFT ALONE,8,10.0,8,8,7
train,055510088,5551,m,11,C:\Users\azizg\Desktop\pfe-d\data\clarity_datasets\speechocean762\WAVE\SPEAKER5551\055510088.WAV,WHAT IS BIG AND WHAT IS LITTLE,8,10.0,8,8,8
train,055510093,5551,m,11,C:\Users\azizg\Desktop\pfe-d\data\clarity_datasets\speechocean762\WAVE\SPEAKER5551\055510093.WAV,AND YOU'RE THE SAME MAN TOO,8,10.0,7,8,7
train,055510096,5551,m,11,C:\Users\azizg\Desktop\pfe-d\data\clarity_datasets\speechocean762\WAVE\SPEAKER5551\055510096.WAV,SHE COULD NOT FACE IT,9,10.0,8,8,8
train,055510100,5551,m,11,C:\Users\azizg\Desktop\pfe-d\data\clarity_datasets\speechocean762\WAVE\SPEAKER5551\055510100.WAV,YOU SHALL SOON HAVE HER BACK,8,10.0,8,8,7
train,055510110,5551,m,11,C:\Users\azizg\Desktop\pfe-d\data\clarity_datasets\speechocean762\WAVE\SPEAKER5551\055510110.WAV,I COULD NEVER LOVE YOU AGAIN,9,10.0,8,8,8
train,055510122,5551,m,11,C:\Users\azizg\Desktop\pfe-d\data\clarity_datasets\speechocean762\WAVE\SPEAKER5551\055510122.WAV,FOURTEEN FIFTEEN EIGHTEEN HOURS A DAY,8,10.0,7,7,7
train,055510130,5551,m,11,C:\Users\azizg\Desktop\pfe-d\data\clarity_datasets\speechocean762\WAVE\SPEAKER5551\055510130.WAV,WAS IT NOT BY HIS DONE WILL,8,10.0,8,8,7
train,055510143,5551,m,11,C:\Users\azizg\Desktop\pfe-d\data\clarity_datasets\speechocean762\WAVE\SPEAKER5551\055510143.WAV,WHO WOULD HAVE BROKEN THE NEWS TO THE FATHER,8,10.0,7,6,7
train,055510156,5551,m,11,C:\Users\azizg\Desktop\pfe-d\data\clarity_datasets\speechocean762\WAVE\SPEAKER5551\055510156.WAV,I SHOULD CALL IT SOMETHING ELSE,8,10.0,8,7,7
train,055510164,5551,m,11,C:\Users\azizg\Desktop\pfe-d\data\clarity_datasets\speechocean762\WAVE\SPEAKER5551\055510164.WAV,FATHER IS ALONE YOU WILL BE GLAD TO SEE YOU,8,10.0,8,7,7
train,055510165,5551,m,11,C:\Users\azizg\Desktop\pfe-d\data\clarity_datasets\speechocean762\WAVE\SPEAKER5551\055510165.WAV,IT WAS VERY IMPORTANT,8,10.0,8,8,8
train,060100004,6010,f,12,C:\Users\azizg\Desktop\pfe-d\data\clarity_datasets\speechocean762\WAVE\SPEAKER6010\060100004.WAV,SHE TURNED ROUND AS THEY ENTERED,8,10.0,7,7,7
train,060100009,6010,f,12,C:\Users\azizg\Desktop\pfe-d\data\clarity_datasets\speechocean762\WAVE\SPEAKER6010\060100009.WAV,THE VOICE CAME FROM ABOVE THEM,7,10.0,7,7,7
train,060100031,6010,f,12,C:\Users\azizg\Desktop\pfe-d\data\clarity_datasets\speechocean762\WAVE\SPEAKER6010\060100031.WAV,HE IS MADE SO AS NOT TO BE AFRAID,8,10.0,8,7,8
train,060100034,6010,f,12,C:\Users\azizg\Desktop\pfe-d\data\clarity_datasets\speechocean762\WAVE\SPEAKER6010\060100034.WAV,WHAT WHAT DID HE WANT THERE,8,10.0,7,8,7
train,060100037,6010,f,12,C:\Users\azizg\Desktop\pfe-d\data\clarity_datasets\speechocean762\WAVE\SPEAKER6010\060100037.WAV,THAT'S WAS THE DIFFERENCE,8,10.0,8,8,8
train,060100041,6010,f,12,C:\Users\azizg\Desktop\pfe-d\data\clarity_datasets\speechocean762\WAVE\SPEAKER6010\060100041.WAV,THERE WHERE NO MEANS OF DOING IT,8,10.0,6,6,7
train,060100047,6010,f,12,C:\Users\azizg\Desktop\pfe-d\data\clarity_datasets\speechocean762\WAVE\SPEAKER6010\060100047.WAV,BUT SUCH IS THE WAY ALL THE GREAT,8,10.0,8,8,8
train,060100066,6010,f,12,C:\Users\azizg\Desktop\pfe-d\data\clarity_datasets\speechocean762\WAVE\SPEAKER6010\060100066.WAV,THEY ALL SAID GOODBYE,8,10.0,9,8,8
train,060100081,6010,f,12,C:\Users\azizg\Desktop\pfe-d\data\clarity_datasets\speechocean762\WAVE\SPEAKER6010\060100081.WAV,I DID MYSELF SO I KNOW WHAT THIS LIKE,9,10.0,8,8,8
train,060100092,6010,f,12,C:\Users\azizg\Desktop\pfe-d\data\clarity_datasets\speechocean762\WAVE\SPEAKER6010\060100092.WAV,I WENT OUT LAST,9,10.0,9,8,9
train,060100100,6010,f,12,C:\Users\azizg\Desktop\pfe-d\data\clarity_datasets\speechocean762\WAVE\SPEAKER6010\060100100.WAV,WOMEN SAY THOSE THINGS BUT NEVER DO THEM,7,10.0,6,6,6
train,060100101,6010,f,12,C:\Users\azizg\Desktop\pfe-d\data\clarity_datasets\speechocean762\WAVE\SPEAKER6010\060100101.WAV,THESE VISITED SHE RETURNED,8,10.0,7,7,7
train,060100105,6010,f,12,C:\Users\azizg\Desktop\pfe-d\data\clarity_datasets\speechocean762\WAVE\SPEAKER6010\060100105.WAV,IT IS SO NATURE IS MADE,8,10.0,8,7,7
train,060100124,6010,f,12,C:\Users\azizg\Desktop\pfe-d\data\clarity_datasets\speechocean762\WAVE\SPEAKER6010\060100124.WAV,AS I COULD,10,10.0,8,8,9
train,060100128,6010,f,12,C:\Users\azizg\Desktop\pfe-d\data\clarity_datasets\speechocean762\WAVE\SPEAKER6010\060100128.WAV,SOME OF THE MEN WHERE TALKING AWAY THE TABLES,8,10.0,6,7,7
train,060100132,6010,f,12,C:\Users\azizg\Desktop\pfe-d\data\clarity_datasets\speechocean762\WAVE\SPEAKER6010\060100132.WAV,MY DAUGHTER YOU MUST RETURN TO YOUR PLACE,8,10.0,7,7,7
train,060100147,6010,f,12,C:\Users\azizg\Desktop\pfe-d\data\clarity_datasets\speechocean762\WAVE\SPEAKER6010\060100147.WAV,IT WAS MY LAST WEEK THERE,8,10.0,9,8,8
train,060100154,6010,f,12,C:\Users\azizg\Desktop\pfe-d\data\clarity_datasets\speechocean762\WAVE\SPEAKER6010\060100154.WAV,HE LOOKED AROUND HIM AND BEGAN,9,10.0,9,8,8
train,060100159,6010,f,12,C:\Users\azizg\Desktop\pfe-d\data\clarity_datasets\speechocean762\WAVE\SPEAKER6010\060100159.WAV,THE OTHER HAVE ALL RETURN,8,10.0,8,8,8
train,060100164,6010,f,12,C:\Users\azizg\Desktop\pfe-d\data\clarity_datasets\speechocean762\WAVE\SPEAKER6010\060100164.WAV,AND HE WENT BACK FOR MORE,9,10.0,8,7,9
train,061210013,6121,f,11,C:\Users\azizg\Desktop\pfe-d\data\clarity_datasets\speechocean762\WAVE\SPEAKER6121\061210013.WAV,HOW COULD SHE HAVE THOUGHT THEM,9,10.0,10,8,9
train,061210031,6121,f,11,C:\Users\azizg\Desktop\pfe-d\data\clarity_datasets\speechocean762\WAVE\SPEAKER6121\061210031.WAV,NOW IT CAME TO ME,10,10.0,10,9,9
train,061210059,6121,f,11,C:\Users\azizg\Desktop\pfe-d\data\clarity_datasets\speechocean762\WAVE\SPEAKER6121\061210059.WAV,BUT HE THOUGHT BETTER OF IT,9,10.0,10,9,9
train,061210060,6121,f,11,C:\Users\azizg\Desktop\pfe-d\data\clarity_datasets\speechocean762\WAVE\SPEAKER6121\061210060.WAV,THEY HAD NO ENOUGH SPORT FOR ONE DAY,9,10.0,9,9,9
train,061210063,6121,f,11,C:\Users\azizg\Desktop\pfe-d\data\clarity_datasets\speechocean762\WAVE\SPEAKER6121\061210063.WAV,VERY WELL I HAVE NO MORE QUESTIONS TO ASK,9,10.0,10,9,9
train,061210068,6121,f,11,C:\Users\azizg\Desktop\pfe-d\data\clarity_datasets\speechocean762\WAVE\SPEAKER6121\061210068.WAV,I TOOK MY HEAD IN MY HANDS AND THOUGHT,9,10.0,10,9,9
train,061210069,6121,f,11,C:\Users\azizg\Desktop\pfe-d\data\clarity_datasets\speechocean762\WAVE\SPEAKER6121\061210069.WAV,AFTER A TIME HE TOOK UP HIS STORY,9,10.0,9,9,9
train,061210071,6121,f,11,C:\Users\azizg\Desktop\pfe-d\data\clarity_datasets\speechocean762\WAVE\SPEAKER6121\061210071.WAV,WHAT MORE DID SHE SAY,10,10.0,10,9,9
train,061210075,6121,f,11,C:\Users\azizg\Desktop\pfe-d\data\clarity_datasets\speechocean762\WAVE\SPEAKER6121\061210075.WAV,GOT THAT HAVE YOU,9,10.0,10,9,9
train,061210086,6121,f,11,C:\Users\azizg\Desktop\pfe-d\data\clarity_datasets\speechocean762\WAVE\SPEAKER6121\061210086.WAV,HE DID IT FOR ME,10,10.0,10,9,9
train,061210095,6121,f,11,C:\Users\azizg\Desktop\pfe-d\data\clarity_datasets\speechocean762\WAVE\SPEAKER6121\061210095.WAV,THAT MADE ALL THE DIFFERENCE,9,10.0,10,10,9
train,061210109,6121,f,11,C:\Users\azizg\Desktop\pfe-d\data\clarity_datasets\speechocean762\WAVE\SPEAKER6121\061210109.WAV,I PASS HALF MY LIFE IN THE WOODS,9,10.0,9,9,9
train,061210128,6121,f,11,C:\Users\azizg\Desktop\pfe-d\data\clarity_datasets\speechocean762\WAVE\SPEAKER6121\061210128.WAV,DO I NEED TO TELL YOU THAT I WONDER,10,10.0,10,9,9
train,061210129,6121,f,11,C:\Users\azizg\Desktop\pfe-d\data\clarity_datasets\speechocean762\WAVE\SPEAKER6121\061210129.WAV,OF COURSE I KNOW THAT ALL THIS IS VERY SERIOUS,9,10.0,10,9,9
train,061210140,6121,f,11,C:\Users\azizg\Desktop\pfe-d\data\clarity_datasets\speechocean762\WAVE\SPEAKER6121\061210140.WAV,HISTORY IT IS NOT,10,10.0,9,9,9
train,061210141,6121,f,11,C:\Users\azizg\Desktop\pfe-d\data\clarity_datasets\speechocean762\WAVE\SPEAKER6121\061210141.WAV,THE PRETTY NURSE LOOKED QUITE SORRY,10,10.0,10,10,10
train,061210142,6121,f,11,C:\Users\azizg\Desktop\pfe-d\data\clarity_datasets\speechocean762\WAVE\SPEAKER6121\061210142.WAV,HE TOOK UP A BOOK,10,10.0,10,10,10
train,061210147,6121,f,11,C:\Users\azizg\Desktop\pfe-d\data\clarity_datasets\speechocean762\WAVE\SPEAKER6121\061210147.WAV,MEN HOPED AND WERE AFRAID TO HOPE,9,10.0,9,9,9
train,061210148,6121,f,11,C:\Users\azizg\Desktop\pfe-d\data\clarity_datasets\speechocean762\WAVE\SPEAKER6121\061210148.WAV,AND DID YOU HEAR NOTHING,8,10.0,10,9,8
train,061210174,6121,f,11,C:\Users\azizg\Desktop\pfe-d\data\clarity_datasets\speechocean762\WAVE\SPEAKER6121\061210174.WAV,EVERYONE STARTED WITH SURPRISE,9,10.0,10,9,9
train,065040005,6504,m,12,C:\Users\azizg\Desktop\pfe-d\data\clarity_datasets\speechocean762\WAVE\SPEAKER6504\065040005.WAV,WE CANNOT TAKE FROM THEM WHAT THEY HAVE NOT GOT,9,10.0,8,8,8
train,065040007,6504,m,12,C:\Users\azizg\Desktop\pfe-d\data\clarity_datasets\speechocean762\WAVE\SPEAKER6504\065040007.WAV,THEN SHE TURNED AND WENT,9,10.0,7,7,8
train,065040009,6504,m,12,C:\Users\azizg\Desktop\pfe-d\data\clarity_datasets\speechocean762\WAVE\SPEAKER6504\065040009.WAV,THERE IS ALREADY A PRETTY LARGER COLLECTION,8,10.0,7,7,8
train,065040011,6504,m,12,C:\Users\azizg\Desktop\pfe-d\data\clarity_datasets\speechocean762\WAVE\SPEAKER6504\065040011.WAV,I DID NOT GO NEAR THE TREE,8,10.0,8,8,8
train,065040028,6504,m,12,C:\Users\azizg\Desktop\pfe-d\data\clarity_datasets\speechocean762\WAVE\SPEAKER6504\065040028.WAV,I DO NOT WONDER AT HER FLYING FROM HIM,8,10.0,8,8,8
train,065040042,6504,m,12,C:\Users\azizg\Desktop\pfe-d\data\clarity_datasets\speechocean762\WAVE\SPEAKER6504\065040042.WAV,FOR YEARS THIS WENT ON,8,10.0,8,8,8
train,065040044,6504,m,12,C:\Users\azizg\Desktop\pfe-d\data\clarity_datasets\speechocean762\WAVE\SPEAKER6504\065040044.WAV,YOUR MOTHER WILL RIDE HOME WITH ME,8,10.0,8,8,8
train,065040045,6504,m,12,C:\Users\azizg\Desktop\pfe-d\data\clarity_datasets\speechocean762\WAVE\SPEAKER6504\065040045.WAV,SHE WENT OUT WITH DIRTY CAPS,8,10.0,9,8,8
train,065040049,6504,m,12,C:\Users\azizg\Desktop\pfe-d\data\clarity_datasets\speechocean762\WAVE\SPEAKER6504\065040049.WAV,YOU MUST DECIDE FOR YOURSELF,8,10.0,8,8,8
train,065040077,6504,m,12,C:\Users\azizg\Desktop\pfe-d\data\clarity_datasets\speechocean762\WAVE\SPEAKER6504\065040077.WAV,SO THEY WENT INTO THE LIBRARY,10,10.0,9,9,9
train,065040112,6504,m,12,C:\Users\azizg\Desktop\pfe-d\data\clarity_datasets\speechocean762\WAVE\SPEAKER6504\065040112.WAV,YOU FOLLOW MY MEANING,9,10.0,8,7,8
train,065040118,6504,m,12,C:\Users\azizg\Desktop\pfe-d\data\clarity_datasets\speechocean762\WAVE\SPEAKER6504\065040118.WAV,HOW ON EARTH DID HE GET THERE,9,10.0,8,8,8
train,065040124,6504,m,12,C:\Users\azizg\Desktop\pfe-d\data\clarity_datasets\speechocean762\WAVE\SPEAKER6504\065040124.WAV,THIS IS BECAUSE THEY EAT MEN,8,10.0,8,8,8
train,065040125,6504,m,12,C:\Users\azizg\Desktop\pfe-d\data\clarity_datasets\speechocean762\WAVE\SPEAKER6504\065040125.WAV,I ASK FOR THE LAST TIME,9,10.0,8,8,8
train,065040126,6504,m,12,C:\Users\azizg\Desktop\pfe-d\data\clarity_datasets\speechocean762\WAVE\SPEAKER6504\065040126.WAV,I WENT UP TO HIM,9,10.0,9,8,8
train,065040127,6504,m,12,C:\Users\azizg\Desktop\pfe-d\data\clarity_datasets\speechocean762\WAVE\SPEAKER6504\065040127.WAV,I TOOK THE BOOK FROM HER,9,10.0,9,9,9
train,065040133,6504,m,12,C:\Users\azizg\Desktop\pfe-d\data\clarity_datasets\speechocean762\WAVE\SPEAKER6504\065040133.WAV,WITH THAT FOR A START ALL MAY BE LEARNED,8,10.0,8,8,8
train,065040134,6504,m,12,C:\Users\azizg\Desktop\pfe-d\data\clarity_datasets\speechocean762\WAVE\SPEAKER6504\065040134.WAV,SHE HAD TO CHOOSE WHAT TO SAY,9,10.0,8,8,8
train,065040137,6504,m,12,C:\Users\azizg\Desktop\pfe-d\data\clarity_datasets\speechocean762\WAVE\SPEAKER6504\065040137.WAV,SHE DID NOT KNOW WHAT TO SAY,9,10.0,9,9,9
train,065040160,6504,m,12,C:\Users\azizg\Desktop\pfe-d\data\clarity_datasets\speechocean762\WAVE\SPEAKER6504\065040160.WAV,HE MADE IT HIS HOME,9,10.0,9,8,8
train,069120003,6912,m,12,C:\Users\azizg\Desktop\pfe-d\data\clarity_datasets\speechocean762\WAVE\SPEAKER6912\069120003.WAV,AND SHE TURNED AND WENT AWAY WITHOUT A WORD,9,10.0,9,8,8
train,069120014,6912,m,12,C:\Users\azizg\Desktop\pfe-d\data\clarity_datasets\speechocean762\WAVE\SPEAKER6912\069120014.WAV,WE ENTERED THE ROOM,4,10.0,7,7,4
train,069120020,6912,m,12,C:\Users\azizg\Desktop\pfe-d\data\clarity_datasets\speechocean762\WAVE\SPEAKER6912\069120020.WAV,AFTER ALL WHAT DID IT MATTER,9,10.0,9,9,9
train,069120025,6912,m,12,C:\Users\azizg\Desktop\pfe-d\data\clarity_datasets\speechocean762\WAVE\SPEAKER6912\069120025.WAV,BUT IT DID NOT COME,9,10.0,7,7,8
train,069120052,6912,m,12,C:\Users\azizg\Desktop\pfe-d\data\clarity_datasets\speechocean762\WAVE\SPEAKER6912\069120052.WAV,AND THEN WHAT DID SHE DO,8,10.0,9,9,8
train,069120059,6912,m,12,C:\Users\azizg\Desktop\pfe-d\data\clarity_datasets\speechocean762\WAVE\SPEAKER6912\069120059.WAV,THEY DID NOT SEE THEM ANY MORE,7,10.0,7,7,7
train,069120061,6912,m,12,C:\Users\azizg\Desktop\pfe-d\data\clarity_datasets\speechocean762\WAVE\SPEAKER6912\069120061.WAV,HOW WELL DID I KNOW HER,9,10.0,8,8,8
train,069120072,6912,m,12,C:\Users\azizg\Desktop\pfe-d\data\clarity_datasets\speechocean762\WAVE\SPEAKER6912\069120072.WAV,IT TURNED US TO SILK,6,10.0,8,8,6
train,069120083,6912,m,12,C:\Users\azizg\Desktop\pfe-d\data\clarity_datasets\speechocean762\WAVE\SPEAKER6912\069120083.WAV,MY FRIENDS FOUND WATER,8,10.0,8,8,8
train,069120087,6912,m,12,C:\Users\azizg\Desktop\pfe-d\data\clarity_datasets\speechocean762\WAVE\SPEAKER6912\069120087.WAV,SO PRETTY AND SO YOUNG,9,10.0,9,8,8
train,069120092,6912,m,12,C:\Users\azizg\Desktop\pfe-d\data\clarity_datasets\speechocean762\WAVE\SPEAKER6912\069120092.WAV,TOGETHER THEY HELD HIM UP,8,10.0,8,8,8
train,069120093,6912,m,12,C:\Users\azizg\Desktop\pfe-d\data\clarity_datasets\speechocean762\WAVE\SPEAKER6912\069120093.WAV,I GOT UP AND CROSSED THE ROOM TO HIM,8,10.0,7,8,7
train,069120094,6912,m,12,C:\Users\azizg\Desktop\pfe-d\data\clarity_datasets\speechocean762\WAVE\SPEAKER6912\069120094.WAV,SHE WANTED TO QUESTION HIM,8,10.0,7,8,7
train,069120106,6912,m,12,C:\Users\azizg\Desktop\pfe-d\data\clarity_datasets\speechocean762\WAVE\SPEAKER6912\069120106.WAV,THEN I TOOK HIS CHILD THERE,8,10.0,8,8,8
train,069120121,6912,m,12,C:\Users\azizg\Desktop\pfe-d\data\clarity_datasets\speechocean762\WAVE\SPEAKER6912\069120121.WAV,I WOULD NOT MYSELF SAY THAT IT IS SO,8,10.0,8,8,8
train,069120123,6912,m,12,C:\Users\azizg\Desktop\pfe-d\data\clarity_datasets\speechocean762\WAVE\SPEAKER6912\069120123.WAV,DID I PLEASE YOU,9,10.0,9,9,9
train,069120140,6912,m,12,C:\Users\azizg\Desktop\pfe-d\data\clarity_datasets\speechocean762\WAVE\SPEAKER6912\069120140.WAV,HE STOOD AWAY FROM HER IN HIS SHAME,8,10.0,7,8,7
train,069120151,6912,m,12,C:\Users\azizg\Desktop\pfe-d\data\clarity_datasets\speechocean762\WAVE\SPEAKER6912\069120151.WAV,SHE HELD HER HAND TO HIM,8,10.0,7,7,7
train,069120165,6912,m,12,C:\Users\azizg\Desktop\pfe-d\data\clarity_datasets\speechocean762\WAVE\SPEAKER6912\069120165.WAV,SHE MADE ME BETTER LAST NIGHT,8,10.0,8,8,8
train,069120170,6912,m,12,C:\Users\azizg\Desktop\pfe-d\data\clarity_datasets\speechocean762\WAVE\SPEAKER6912\069120170.WAV,BUT WE HAVE LOST THE BEST OF MEN,8,10.0,8,8,8
train,070010001,7001,m,26,C:\Users\azizg\Desktop\pfe-d\data\clarity_datasets\speechocean762\WAVE\SPEAKER7001\070010001.WAV,IT WAS GOOD FOR ME,6,10.0,6,6,6
train,070010002,7001,m,26,C:\Users\azizg\Desktop\pfe-d\data\clarity_datasets\speechocean762\WAVE\SPEAKER7001\070010002.WAV,WE HAVE CLIMBED ONE STEP UP THE LADDER,6,10.0,5,5,5
train,070010003,7001,m,26,C:\Users\azizg\Desktop\pfe-d\data\clarity_datasets\speechocean762\WAVE\SPEAKER7001\070010003.WAV,PLUS THE KIDS REALLY LIKE THE DOGS,5,10.0,5,5,5
train,070010004,7001,m,26,C:\Users\azizg\Desktop\pfe-d\data\clarity_datasets\speechocean762\WAVE\SPEAKER7001\070010004.WAV,EVEN WHEN WE LOSE IT USUALLY A VERY CLOSE GAME,3,10.0,5,5,3
train,070010005,7001,m,26,C:\Users\azizg\Desktop\pfe-d\data\clarity_datasets\speechocean762\WAVE\SPEAKER7001\070010005.WAV,MOSTLY THE AMERICAN COMMUNITY IN EUROPE FOLLOWS THE GAME,4,10.0,4,4,4
train,070010006,7001,m,26,C:\Users\azizg\Desktop\pfe-d\data\clarity_datasets\speechocean762\WAVE\SPEAKER7001\070010006.WAV,WHAT HE WAS TALKING ABOUT WAS SPORTS IN GENERAL,5,10.0,4,4,4
train,070010007,7001,m,26,C:\Users\azizg\Desktop\pfe-d\data\clarity_datasets\speechocean762\WAVE\SPEAKER7001\070010007.WAV,WAY TO HELP US ALL OUT,6,10.0,5,5,5
train,070010008,7001,m,26,C:\Users\azizg\Desktop\pfe-d\data\clarity_datasets\speechocean762\WAVE\SPEAKER7001\070010008.WAV,LOVELY TO MAKE YOUR ACQUAINTANCE SIR,4,10.0,5,5,4
train,070010009,7001,m,26,C:\Users\azizg\Desktop\pfe-d\data\clarity_datasets\speechocean762\WAVE\SPEAKER7001\070010009.WAV,SUCCESSFUL FIRST DAY FOR COLLEGE,5,10.0,5,5,5
train,070010010,7001,m,26,C:\Users\azizg\Desktop\pfe-d\data\clarity_datasets\speechocean762\WAVE\SPEAKER7001\070010010.WAV,THIS IS A PRETTY GOOD PLACE TO START,4,10.0,5,5,3
train,070010011,7001,m,26,C:\Users\azizg\Desktop\pfe-d\data\clarity_datasets\speechocean762\WAVE\SPEAKER7001\070010011.WAV,LOVE IS A STRONG MAN IN THE MIDDLE,7,10.0,5,5,6
train,070010012,7001,m,26,C:\Users\azizg\Desktop\pfe-d\data\clarity_datasets\speechocean762\WAVE\SPEAKER7001\070010012.WAV,SOMEBODY LET ME KNOW WHEN IT'S OVER,6,10.0,5,5,5
train,070010013,7001,m,26,C:\Users\azizg\Desktop\pfe-d\data\clarity_datasets\speechocean762\WAVE\SPEAKER7001\070010013.WAV,YOU PUT IT ON WRONG,6,10.0,5,5,6
train,070010014,7001,m,26,C:\Users\azizg\Desktop\pfe-d\data\clarity_datasets\speechocean762\WAVE\SPEAKER7001\070010014.WAV,COMPETITION IS GOOD FOR THE INDUSTRY,6,10.0,5,5,5
train,070010015,7001,m,26,C:\Users\azizg\Desktop\pfe-d\data\clarity_datasets\speechocean762\WAVE\SPEAKER7001\070010015.WAV,SHE LOOKED ANXIOUSLY AT THE HOUSE AND STARTED,5,10.0,4,4,4
train,070010016,7001,m,26,C:\Users\azizg\Desktop\pfe-d\data\clarity_datasets\speechocean762\WAVE\SPEAKER7001\070010016.WAV,THEY MAY MAKE ME MORE UNHAPPY THAN I AM,6,10.0,4,4,5
train,070010017,7001,m,26,C:\Users\azizg\Desktop\pfe-d\data\clarity_datasets\speechocean762\WAVE\SPEAKER7001\070010017.WAV,SHE WOULD BE SORRY FOR HIS DEATH,4,10.0,4,4,4
train,070010018,7001,m,26,C:\Users\azizg\Desktop\pfe-d\data\clarity_datasets\speechocean762\WAVE\SPEAKER7001\070010018.WAV,MY PEOPLE WILL BRING YOU TO THE SHIP,5,10.0,5,5,5
train,070010019,7001,m,26,C:\Users\azizg\Desktop\pfe-d\data\clarity_datasets\speechocean762\WAVE\SPEAKER7001\070010019.WAV,IT WAS A PROOF OF HIS FRIENDSHIP,6,10.0,4,4,5
train,070010020,7001,m,26,C:\Users\azizg\Desktop\pfe-d\data\clarity_datasets\speechocean762\WAVE\SPEAKER7001\070010020.WAV,I FOUND I HAD NO NEED TO THINK,5,10.0,4,4,4
train,075510004,7551,f,13,C:\Users\azizg\Desktop\pfe-d\data\clarity_datasets\speechocean762\WAVE\SPEAKER7551\075510004.WAV,I SHALL END BY FALLING IN LOVE WITH HER,9,10.0,8,8,8
train,075510010,7551,f,13,C:\Users\azizg\Desktop\pfe-d\data\clarity_datasets\speechocean762\WAVE\SPEAKER7551\075510010.WAV,IT LOOKED LIKE ONE OF ALARM TO ME,8,10.0,7,7,7
train,075510017,7551,f,13,C:\Users\azizg\Desktop\pfe-d\data\clarity_datasets\speechocean762\WAVE\SPEAKER7551\075510017.WAV,YOU SAY YOU ARE A BUSINESS MAN,9,10.0,8,8,8
train,075510036,7551,f,13,C:\Users\azizg\Desktop\pfe-d\data\clarity_datasets\speechocean762\WAVE\SPEAKER7551\075510036.WAV,WE WISH ALL MAY TAKE WORRYING BY BUS,9,10.0,9,8,9
train,075510038,7551,f,13,C:\Users\azizg\Desktop\pfe-d\data\clarity_datasets\speechocean762\WAVE\SPEAKER7551\075510038.WAV,IF SO HAD YOU NOT BETTER SHOW IT,8,10.0,8,7,7
train,075510041,7551,f,13,C:\Users\azizg\Desktop\pfe-d\data\clarity_datasets\speechocean762\WAVE\SPEAKER7551\075510041.WAV,NOT ANYONE BUT YOU,9,10.0,9,8,8
train,075510057,7551,f,13,C:\Users\azizg\Desktop\pfe-d\data\clarity_datasets\speechocean762\WAVE\SPEAKER7551\075510057.WAV,HE CAN STILL BE SAVED,9,10.0,9,9,9
train,075510076,7551,f,13,C:\Users\azizg\Desktop\pfe-d\data\clarity_datasets\speechocean762\WAVE\SPEAKER7551\075510076.WAV,IS THERE ANYTHING MORE BEFORE I GO OUT,9,10.0,9,9,9
train,075510086,7551,f,13,C:\Users\azizg\Desktop\pfe-d\data\clarity_datasets\speechocean762\WAVE\SPEAKER7551\075510086.WAV,HE PUT IT BACK IN HIS POCKET,9,10.0,9,8,9
train,075510090,7551,f,13,C:\Users\azizg\Desktop\pfe-d\data\clarity_datasets\speechocean762\WAVE\SPEAKER7551\075510090.WAV,I COULD NEVER APPEAR BRIGHT BEFORE THE WORLD AGAIN,8,10.0,7,8,7
train,075510091,7551,f,13,C:\Users\azizg\Desktop\pfe-d\data\clarity_datasets\speechocean762\WAVE\SPEAKER7551\075510091.WAV,TO BEEN THING I HAVE MADE UP MY MIND,8,10.0,8,7,7
train,075510099,7551,f,13,C:\Users\azizg\Desktop\pfe-d\data\clarity_datasets\speechocean762\WAVE\SPEAKER7551\075510099.WAV,AT NIGHT I DREAM MY HANDS,8,10.0,8,8,7
train,075510129,7551,f,13,C:\Users\azizg\Desktop\pfe-d\data\clarity_datasets\speechocean762\WAVE\SPEAKER7551\075510129.WAV,WHEN IS THERE LETTER TO GO I WONDER,8,10.0,8,8,7
train,075510131,7551,f,13,C:\Users\azizg\Desktop\pfe-d\data\clarity_datasets\speechocean762\WAVE\SPEAKER7551\075510131.WAV,HE SPENDS A LOT OF TIME RUSHING ABOUT IN IT,8,10.0,8,8,8
train,075510137,7551,f,13,C:\Users\azizg\Desktop\pfe-d\data\clarity_datasets\speechocean762\WAVE\SPEAKER7551\075510137.WAV,BUT THERE WAS SOMEONE ELSE,8,10.0,8,8,8
train,075510142,7551,f,13,C:\Users\azizg\Desktop\pfe-d\data\clarity_datasets\speechocean762\WAVE\SPEAKER7551\075510142.WAV,THE WATER WAS WRONG AND WE HAD GREAT FUN,8,10.0,8,8,8
train,075510144,7551,f,13,C:\Users\azizg\Desktop\pfe-d\data\clarity_datasets\speechocean762\WAVE\SPEAKER7551\075510144.WAV,SHE WAS BETWEEN SIXTEEN AND SEVENTEEN YEARS OLD,8,10.0,9,9,8
train,075510163,7551,f,13,C:\Users\azizg\Desktop\pfe-d\data\clarity_datasets\speechocean762\WAVE\SPEAKER7551\075510163.WAV,NOTHING WILL PUT AN END OF TO HIM,8,10.0,8,8,8
train,075510165,7551,f,13,C:\Users\azizg\Desktop\pfe-d\data\clarity_datasets\speechocean762\WAVE\SPEAKER7551\075510165.WAV,I THINK I CAN GUESSED AT THE PERSON,8,10.0,8,8,8
train,075510167,7551,f,13,C:\Users\azizg\Desktop\pfe-d\data\clarity_datasets\speechocean762\WAVE\SPEAKER7551\075510167.WAV,I HUNT ALL OVER THE TOWN TO FIND IT,8,10.0,8,8,8
train,080020001,8002,m,23,C:\Users\azizg\Desktop\pfe-d\data\clarity_datasets\speechocean762\WAVE\SPEAKER8002\080020001.WAV,BUT THAT'S ANOTHER STORY ALTOGETHER,5,10.0,5,5,5
train,080020002,8002,m,23,C:\Users\azizg\Desktop\pfe-d\data\clarity_datasets\speechocean762\WAVE\SPEAKER8002\080020002.WAV,IT WAS VERY VERY STRANGE,3,10.0,6,6,3
train,080020003,8002,m,23,C:\Users\azizg\Desktop\pfe-d\data\clarity_datasets\speechocean762\WAVE\SPEAKER8002\080020003.WAV,NATIONALLY THOUGH THE TREND IS BEGINNING TO TURN UPWARD AGAIN,4,10.0,3,3,3
train,080020004,8002,m,23,C:\Users\azizg\Desktop\pfe-d\data\clarity_datasets\speechocean762\WAVE\SPEAKER8002\080020004.WAV,WORRY IS PART OF LIFE,7,10.0,6,5,6
train,080020005,8002,m,23,C:\Users\azizg\Desktop\pfe-d\data\clarity_datasets\speechocean762\WAVE\SPEAKER8002\080020005.WAV,NO NEED FOR A DOCK,3,10.0,5,5,3
train,080020006,8002,m,23,C:\Users\azizg\Desktop\pfe-d\data\clarity_datasets\speechocean762\WAVE\SPEAKER8002\080020006.WAV,TIME FOR A BIT OF HONOR,4,10.0,6,5,4
train,080020007,8002,m,23,C:\Users\azizg\Desktop\pfe-d\data\clarity_datasets\speechocean762\WAVE\SPEAKER8002\080020007.WAV,CHECK OUT FOR THE WIN,5,10.0,6,6,5
train,080020008,8002,m,23,C:\Users\azizg\Desktop\pfe-d\data\clarity_datasets\speechocean762\WAVE\SPEAKER8002\080020008.WAV,IT'S GOING TO BE A BUSY WEEK,3,10.0,7,7,3
train,080020009,8002,m,23,C:\Users\azizg\Desktop\pfe-d\data\clarity_datasets\speechocean762\WAVE\SPEAKER8002\080020009.WAV,I HAVE NO ONE BUT MYSELF TO BLAMES FOR THIS,4,10.0,6,6,4
train,080020010,8002,m,23,C:\Users\azizg\Desktop\pfe-d\data\clarity_datasets\speechocean762\WAVE\SPEAKER8002\080020010.WAV,WHAT A PERFECT ENDING TO THE DAY,5,10.0,5,5,5
train,080020011,8002,m,23,C:\Users\azizg\Desktop\pfe-d\data\clarity_datasets\speechocean762\WAVE\SPEAKER8002\080020011.WAV,LOVING LIFE AND ALL THE PEOPLE IN MINE,7,10.0,5,5,6
train,080020012,8002,m,23,C:\Users\azizg\Desktop\pfe-d\data\clarity_datasets\speechocean762\WAVE\SPEAKER8002\080020012.WAV,COOL FOR HIM TO STICK UP FOR HER,4,10.0,5,4,4
train,080020013,8002,m,23,C:\Users\azizg\Desktop\pfe-d\data\clarity_datasets\speechocean762\WAVE\SPEAKER8002\080020013.WAV,DEPENDS ON A NUMBER OF THINGS,6,10.0,5,5,5
train,080020014,8002,m,23,C:\Users\azizg\Desktop\pfe-d\data\clarity_datasets\speechocean762\WAVE\SPEAKER8002\080020014.WAV,THAT WAS HEAD TO SAY,3,10.0,6,6,3
train,080020015,8002,m,23,C:\Users\azizg\Desktop\pfe-d\data\clarity_datasets\speechocean762\WAVE\SPEAKER8002\080020015.WAV,WANT TO GO FOR A WALK,7,10.0,7,6,6
train,080020016,8002,m,23,C:\Users\azizg\Desktop\pfe-d\data\clarity_datasets\speechocean762\WAVE\SPEAKER8002\080020016.WAV,CHEERS TO A GREAT GROUP,5,10.0,6,6,5
train,080020017,8002,m,23,C:\Users\azizg\Desktop\pfe-d\data\clarity_datasets\speechocean762\WAVE\SPEAKER8002\080020017.WAV,FIRST PLACE IN THE DIVISION,6,10.0,6,6,6
train,080020018,8002,m,23,C:\Users\azizg\Desktop\pfe-d\data\clarity_datasets\speechocean762\WAVE\SPEAKER8002\080020018.WAV,MOVE THE STAR WITH MORE MOVES,4,10.0,6,6,4
train,080020019,8002,m,23,C:\Users\azizg\Desktop\pfe-d\data\clarity_datasets\speechocean762\WAVE\SPEAKER8002\080020019.WAV,IT'S BEING USED TO MAKE MORE MONEY,5,10.0,5,5,5
train,080020020,8002,m,23,C:\Users\azizg\Desktop\pfe-d\data\clarity_datasets\speechocean762\WAVE\SPEAKER8002\080020020.WAV,IT WAS DIFFICULT TO GET THERE,6,10.0,6,6,5
train,080570004,8057,f,13,C:\Users\azizg\Desktop\pfe-d\data\clarity_datasets\speechocean762\WAVE\SPEAKER8057\080570004.WAV,YOURS IS A PRETTY BUSINESS,8,10.0,9,8,8
train,080570009,8057,f,13,C:\Users\azizg\Desktop\pfe-d\data\clarity_datasets\speechocean762\WAVE\SPEAKER8057\080570009.WAV,DO YOU KNOW ANYTHING OF IT,7,10.0,8,8,7
train,080570013,8057,f,13,C:\Users\azizg\Desktop\pfe-d\data\clarity_datasets\speechocean762\WAVE\SPEAKER8057\080570013.WAV,BUT SURELY THERE IS DANGER,8,10.0,8,8,8
train,080570014,8057,f,13,C:\Users\azizg\Desktop\pfe-d\data\clarity_datasets\speechocean762\WAVE\SPEAKER8057\080570014.WAV,THEN COMES A BLANK IN THE PAPER,8,10.0,8,8,8
train,080570031,8057,f,13,C:\Users\azizg\Desktop\pfe-d\data\clarity_datasets\speechocean762\WAVE\SPEAKER8057\080570031.WAV,IT SEEMED ALL THAT HE COULD DO TO SPEAK,8,10.0,7,7,7
train,080570053,8057,f,13,C:\Users\azizg\Desktop\pfe-d\data\clarity_datasets\speechocean762\WAVE\SPEAKER8057\080570053.WAV,RUNNING BY ME BEATING MY ME,9,10.0,8,8,8
train,080570067,8057,f,13,C:\Users\azizg\Desktop\pfe-d\data\clarity_datasets\speechocean762\WAVE\SPEAKER8057\080570067.WAV,HOW SHALL I DESCRIBE WHAT WE SAW,8,10.0,8,7,7
train,080570071,8057,f,13,C:\Users\azizg\Desktop\pfe-d\data\clarity_datasets\speechocean762\WAVE\SPEAKER8057\080570071.WAV,AT LEAST I SHALL BE WITH MY OWN PEOPLE,8,10.0,8,8,8
train,080570072,8057,f,13,C:\Users\azizg\Desktop\pfe-d\data\clarity_datasets\speechocean762\WAVE\SPEAKER8057\080570072.WAV,DRESS THEM IN BLACK AND PLACE THEM OUTSIDE MY TENT,8,10.0,8,7,7
train,080570080,8057,f,13,C:\Users\azizg\Desktop\pfe-d\data\clarity_datasets\speechocean762\WAVE\SPEAKER8057\080570080.WAV,IF PEOPLE LAUGHED AT HER SHE LAUGHED WITH THEM,8,10.0,7,7,7
train,080570081,8057,f,13,C:\Users\azizg\Desktop\pfe-d\data\clarity_datasets\speechocean762\WAVE\SPEAKER8057\080570081.WAV,YES I AM A ROMANTIC,8,10.0,7,7,7
train,080570087,8057,f,13,C:\Users\azizg\Desktop\pfe-d\data\clarity_datasets\speechocean762\WAVE\SPEAKER8057\080570087.WAV,AT LEAST HE COULD KNOW,9,10.0,8,8,8
train,080570089,8057,f,13,C:\Users\azizg\Desktop\pfe-d\data\clarity_datasets\speechocean762\WAVE\SPEAKER8057\080570089.WAV,SHE HAD STORED THEM IN HER OWN ROOM,8,10.0,8,8,8
train,080570102,8057,f,13,C:\Users\azizg\Desktop\pfe-d\data\clarity_datasets\speechocean762\WAVE\SPEAKER8057\080570102.WAV,IS NOT EVERY MAN ABLE TO SAY WHAT HE LIKES,8,10.0,8,7,7
train,080570127,8057,f,13,C:\Users\azizg\Desktop\pfe-d\data\clarity_datasets\speechocean762\WAVE\SPEAKER8057\080570127.WAV,THE DREAM WAS QUITE AT AN END,8,10.0,9,8,8
train,080570138,8057,f,13,C:\Users\azizg\Desktop\pfe-d\data\clarity_datasets\speechocean762\WAVE\SPEAKER8057\080570138.WAV,SHE STOPPED FOR A MOMENT,8,10.0,7,7,7
train,080570143,8057,f,13,C:\Users\azizg\Desktop\pfe-d\data\clarity_datasets\speechocean762\WAVE\SPEAKER8057\080570143.WAV,IT WAS A FINE NIGHT AND PRESENTLY THE MOON APPEARED,7,10.0,7,7,7
train,080570144,8057,f,13,C:\Users\azizg\Desktop\pfe-d\data\clarity_datasets\speechocean762\WAVE\SPEAKER8057\080570144.WAV,GET YOUR UNCLE AND AUNT TO ASK HER DOWN,8,10.0,8,7,7
train,080570146,8057,f,13,C:\Users\azizg\Desktop\pfe-d\data\clarity_datasets\speechocean762\WAVE\SPEAKER8057\080570146.WAV,HOW IS HE GETTING ALONG THIS MORNING,8,10.0,8,8,8
train,080570157,8057,f,13,C:\Users\azizg\Desktop\pfe-d\data\clarity_datasets\speechocean762\WAVE\SPEAKER8057\080570157.WAV,THE LAND WAS STILL LONELY,8,10.0,8,7,7
train,085850006,8585,m,15,C:\Users\azizg\Desktop\pfe-d\data\clarity_datasets\speechocean762\WAVE\SPEAKER8585\085850006.WAV,COME DOWN TO ME AS SOON AS YOU CAN,7,10.0,8,7,7
train,085850024,8585,m,15,C:\Users\azizg\Desktop\pfe-d\data\clarity_datasets\speechocean762\WAVE\SPEAKER8585\085850024.WAV,ALL IN GOOD TIME MY DEAR,9,10.0,9,9,9
train,085850039,8585,m,15,C:\Users\azizg\Desktop\pfe-d\data\clarity_datasets\speechocean762\WAVE\SPEAKER8585\085850039.WAV,SHE SEEMED TO BE QUIET READY FOR THIS,8,10.0,9,9,8
train,085850042,8585,m,15,C:\Users\azizg\Desktop\pfe-d\data\clarity_datasets\speechocean762\WAVE\SPEAKER8585\085850042.WAV,WE BUY SOME NICE A CLOTHES FOR OUR SALES,6,10.0,8,7,6
train,085850044,8585,m,15,C:\Users\azizg\Desktop\pfe-d\data\clarity_datasets\speechocean762\WAVE\SPEAKER8585\085850044.WAV,YOU SAW HER ALSO I BELIEVE,7,10.0,7,7,6
train,085850046,8585,m,15,C:\Users\azizg\Desktop\pfe-d\data\clarity_datasets\speechocean762\WAVE\SPEAKER8585\085850046.WAV,YET SHE LET IT BE,9,10.0,9,8,9
train,085850056,8585,m,15,C:\Users\azizg\Desktop\pfe-d\data\clarity_datasets\speechocean762\WAVE\SPEAKER8585\085850056.WAV,THAT'S WHAT IT IS TO KNOW HOW TO PAINT,9,10.0,9,8,8
train,085850075,8585,m,15,C:\Users\azizg\Desktop\pfe-d\data\clarity_datasets\speechocean762\WAVE\SPEAKER8585\085850075.WAV,THE CHILD WAS STILL CRYING,8,10.0,8,8,8
train,085850088,8585,m,15,C:\Users\azizg\Desktop\pfe-d\data\clarity_datasets\speechocean762\WAVE\SPEAKER8585\085850088.WAV,NO ONE WILL REMEMBER YOU,8,10.0,8,8,8
train,085850092,8585,m,15,C:\Users\azizg\Desktop\pfe-d\data\clarity_datasets\speechocean762\WAVE\SPEAKER8585\085850092.WAV,THE THIRD BLOW WAS THE ONE THAT KILLED IT,7,10.0,7,6,6
train,085850094,8585,m,15,C:\Users\azizg\Desktop\pfe-d\data\clarity_datasets\speechocean762\WAVE\SPEAKER8585\085850094.WAV,THE HALL WAS VERY QUIET,8,10.0,8,8,8
train,085850101,8585,m,15,C:\Users\azizg\Desktop\pfe-d\data\clarity_datasets\speechocean762\WAVE\SPEAKER8585\085850101.WAV,PUT YOU FOOT DOWN TOO,9,10.0,9,9,9
train,085850108,8585,m,15,C:\Users\azizg\Desktop\pfe-d\data\clarity_datasets\speechocean762\WAVE\SPEAKER8585\085850108.WAV,THE WHOLE THING WAS FAR TOO REAL FOR DREAMING,7,10.0,7,7,7
train,085850112,8585,m,15,C:\Users\azizg\Desktop\pfe-d\data\clarity_datasets\speechocean762\WAVE\SPEAKER8585\085850112.WAV,NOT TO BE ABLE TO GET OUT,8,10.0,9,7,7
train,085850119,8585,m,15,C:\Users\azizg\Desktop\pfe-d\data\clarity_datasets\speechocean762\WAVE\SPEAKER8585\085850119.WAV,FOR I WAS NOT YET SAFE,8,10.0,8,7,7
train,085850120,8585,m,15,C:\Users\azizg\Desktop\pfe-d\data\clarity_datasets\speechocean762\WAVE\SPEAKER8585\085850120.WAV,HOW LONG AGO THAT SEEMED,9,10.0,9,9,9
train,085850138,8585,m,15,C:\Users\azizg\Desktop\pfe-d\data\clarity_datasets\speechocean762\WAVE\SPEAKER8585\085850138.WAV,AS OF US WE COULD HAVE SHOUTED ALONG,8,10.0,8,8,8
train,085850146,8585,m,15,C:\Users\azizg\Desktop\pfe-d\data\clarity_datasets\speechocean762\WAVE\SPEAKER8585\085850146.WAV,THEY WILL BE SURE IF ANY,8,10.0,8,8,8
train,085850161,8585,m,15,C:\Users\azizg\Desktop\pfe-d\data\clarity_datasets\speechocean762\WAVE\SPEAKER8585\085850161.WAV,I HAVE COME TO ASK HIM A FEW QUESTIONS,8,10.0,8,6,7
train,085850170,8585,m,15,C:\Users\azizg\Desktop\pfe-d\data\clarity_datasets\speechocean762\WAVE\SPEAKER8585\085850170.WAV,NEVER SAW ANYTHING LIKE IT NEVER IN MY LIFE,8,10.0,8,7,7
train,090340002,9034,f,15,C:\Users\azizg\Desktop\pfe-d\data\clarity_datasets\speechocean762\WAVE\SPEAKER9034\090340002.WAV,ALL THE REST YOU WILL SEE LATER FOR YOURSELF,8,10.0,7,7,8
train,090340007,9034,f,15,C:\Users\azizg\Desktop\pfe-d\data\clarity_datasets\speechocean762\WAVE\SPEAKER9034\090340007.WAV,OFFER HIM THAT FROM ME AND COME,9,10.0,9,9,9
train,090340021,9034,f,15,C:\Users\azizg\Desktop\pfe-d\data\clarity_datasets\speechocean762\WAVE\SPEAKER9034\090340021.WAV,BUT YOUR FRIENDS ARE PROUD AND RICH,9,10.0,9,8,9
train,090340032,9034,f,15,C:\Users\azizg\Desktop\pfe-d\data\clarity_datasets\speechocean762\WAVE\SPEAKER9034\090340032.WAV,NO CREATURE EVER WANTED SO MUCH TO LIVE,9,10.0,9,8,9
train,090340039,9034,f,15,C:\Users\azizg\Desktop\pfe-d\data\clarity_datasets\speechocean762\WAVE\SPEAKER9034\090340039.WAV,BUT THERE WAS TROUBLE ENOUGH AT THE OTHER END,8,10.0,8,8,8
train,090340041,9034,f,15,C:\Users\azizg\Desktop\pfe-d\data\clarity_datasets\speechocean762\WAVE\SPEAKER9034\090340041.WAV,THIS IS THE STUFF TO PUT LIFE IN YOU,8,10.0,9,8,7
train,090340043,9034,f,15,C:\Users\azizg\Desktop\pfe-d\data\clarity_datasets\speechocean762\WAVE\SPEAKER9034\090340043.WAV,WHAT ABOUT THAT LETTER YOU WERE SPEAKING OF AT BREAKFAST,9,10.0,8,7,8
train,090340054,9034,f,15,C:\Users\azizg\Desktop\pfe-d\data\clarity_datasets\speechocean762\WAVE\SPEAKER9034\090340054.WAV,AND THEIR HANDS MIGHT JOIN,8,10.0,8,8,7
train,090340071,9034,f,15,C:\Users\azizg\Desktop\pfe-d\data\clarity_datasets\speechocean762\WAVE\SPEAKER9034\090340071.WAV,USE ME LIKE A STAFF,8,10.0,9,9,8
train,090340085,9034,f,15,C:\Users\azizg\Desktop\pfe-d\data\clarity_datasets\speechocean762\WAVE\SPEAKER9034\090340085.WAV,I BY NO MEANS WISH TO DIE,9,10.0,8,8,8
train,090340088,9034,f,15,C:\Users\azizg\Desktop\pfe-d\data\clarity_datasets\speechocean762\WAVE\SPEAKER9034\090340088.WAV,YOU CAN SEE THE REST,9,10.0,9,9,9
train,090340090,9034,f,15,C:\Users\azizg\Desktop\pfe-d\data\clarity_datasets\speechocean762\WAVE\SPEAKER9034\090340090.WAV,BUT WHAT ELSE HAD HE A RIGHT TO EXPECT,8,10.0,8,7,7
train,090340108,9034,f,15,C:\Users\azizg\Desktop\pfe-d\data\clarity_datasets\speechocean762\WAVE\SPEAKER9034\090340108.WAV,I HAVE MY OWN PLAN,8,10.0,8,8,8
train,090340114,9034,f,15,C:\Users\azizg\Desktop\pfe-d\data\clarity_datasets\speechocean762\WAVE\SPEAKER9034\090340114.WAV,I ASKED WAS THE CAUSE OF THE TROUBLE WAS,8,10.0,8,7,8
train,090340126,9034,f,15,C:\Users\azizg\Desktop\pfe-d\data\clarity_datasets\speechocean762\WAVE\SPEAKER9034\090340126.WAV,I AM NO LONGER A PARTNER IN THE HOUSE,8,10.0,8,8,8
train,090340131,9034,f,15,C:\Users\azizg\Desktop\pfe-d\data\clarity_datasets\speechocean762\WAVE\SPEAKER9034\090340131.WAV,IT WAS MY SECRET AND HERS,8,10.0,9,8,8
train,090340155,9034,f,15,C:\Users\azizg\Desktop\pfe-d\data\clarity_datasets\speechocean762\WAVE\SPEAKER9034\090340155.WAV,BUT IN THIS WORLD WE MUST CONSIDER OTHERS,8,10.0,9,8,8
train,090340158,9034,f,15,C:\Users\azizg\Desktop\pfe-d\data\clarity_datasets\speechocean762\WAVE\SPEAKER9034\090340158.WAV,NOT ALL THAT MUCH ANYWAY,9,10.0,9,9,9
train,090340164,9034,f,15,C:\Users\azizg\Desktop\pfe-d\data\clarity_datasets\speechocean762\WAVE\SPEAKER9034\090340164.WAV,HAVE YOU HAD SIGHT OF ANYTHING,8,10.0,9,9,8
train,090340168,9034,f,15,C:\Users\azizg\Desktop\pfe-d\data\clarity_datasets\speechocean762\WAVE\SPEAKER9034\090340168.WAV,THEY REMAINED THREE HOURS AT TABLE TELLING ABOUT THEIR SPORT,7,10.0,7,7,7
train,090700006,9070,f,15,C:\Users\azizg\Desktop\pfe-d\data\clarity_datasets\speechocean762\WAVE\SPEAKER9070\090700006.WAV,HE COULD NOT SEE HIMSELF,9,10.0,8,8,8
train,090700008,9070,f,15,C:\Users\azizg\Desktop\pfe-d\data\clarity_datasets\speechocean762\WAVE\SPEAKER9070\090700008.WAV,ONE TWICE AND THE THIRD TIME DEATH,8,10.0,8,8,8
train,090700019,9070,f,15,C:\Users\azizg\Desktop\pfe-d\data\clarity_datasets\speechocean762\WAVE\SPEAKER9070\090700019.WAV,I MUST START AT ONCE,9,10.0,9,9,9
train,090700042,9070,f,15,C:\Users\azizg\Desktop\pfe-d\data\clarity_datasets\speechocean762\WAVE\SPEAKER9070\090700042.WAV,I WOULD NOT HAVE HIM BACK AGAIN IF I COULD,9,10.0,9,8,9
train,090700045,9070,f,15,C:\Users\azizg\Desktop\pfe-d\data\clarity_datasets\speechocean762\WAVE\SPEAKER9070\090700045.WAV,AN IMPORTANT PRODUCT SUCH AS THIS,9,10.0,9,8,9
train,090700047,9070,f,15,C:\Users\azizg\Desktop\pfe-d\data\clarity_datasets\speechocean762\WAVE\SPEAKER9070\090700047.WAV,MIGHT I ASK YOUR NAME,9,10.0,9,8,8
train,090700054,9070,f,15,C:\Users\azizg\Desktop\pfe-d\data\clarity_datasets\speechocean762\WAVE\SPEAKER9070\090700054.WAV,HOWEVER THERE'S NO HELP FOR IT,8,10.0,9,8,8
train,090700055,9070,f,15,C:\Users\azizg\Desktop\pfe-d\data\clarity_datasets\speechocean762\WAVE\SPEAKER9070\090700055.WAV,WOULD IT NOT BE POSSIBLE TO FIND SUCH,8,10.0,9,8,8
train,090700057,9070,f,15,C:\Users\azizg\Desktop\pfe-d\data\clarity_datasets\speechocean762\WAVE\SPEAKER9070\090700057.WAV,HERE WE ARE THEN ALL SEATED ROUND THE TABLE,9,10.0,8,7,8
train,090700059,9070,f,15,C:\Users\azizg\Desktop\pfe-d\data\clarity_datasets\speechocean762\WAVE\SPEAKER9070\090700059.WAV,IN CHURCH AND WAITING ON TRAINS LIKE,8,10.0,8,7,7
train,090700065,9070,f,15,C:\Users\azizg\Desktop\pfe-d\data\clarity_datasets\speechocean762\WAVE\SPEAKER9070\090700065.WAV,THIS WAS THE PLAN THAT SUGGESTED ITSELF,8,10.0,8,8,7
train,090700081,9070,f,15,C:\Users\azizg\Desktop\pfe-d\data\clarity_datasets\speechocean762\WAVE\SPEAKER9070\090700081.WAV,THEY ARE OUT OF THE REACH OF ACCIDENT,9,10.0,9,8,9
train,090700082,9070,f,15,C:\Users\azizg\Desktop\pfe-d\data\clarity_datasets\speechocean762\WAVE\SPEAKER9070\090700082.WAV,THEY LIVED ON PUBLIC DEATH,9,10.0,8,8,9
train,090700108,9070,f,15,C:\Users\azizg\Desktop\pfe-d\data\clarity_datasets\speechocean762\WAVE\SPEAKER9070\090700108.WAV,HE MIGHT MARRY A GIRL WITH MONEY,9,10.0,9,8,9
train,090700111,9070,f,15,C:\Users\azizg\Desktop\pfe-d\data\clarity_datasets\speechocean762\WAVE\SPEAKER9070\090700111.WAV,AT LAST HOWEVER THE PARTY WAS MADE UP,9,10.0,9,8,9
train,090700117,9070,f,15,C:\Users\azizg\Desktop\pfe-d\data\clarity_datasets\speechocean762\WAVE\SPEAKER9070\090700117.WAV,I AM AFRAID HE WILL LEAVE US WITHOUT PITY,9,10.0,9,8,8
train,090700127,9070,f,15,C:\Users\azizg\Desktop\pfe-d\data\clarity_datasets\speechocean762\WAVE\SPEAKER9070\090700127.WAV,THIS SHALL BE THE PRICE OF HIS LIFE,9,10.0,9,8,9
train,090700148,9070,f,15,C:\Users\azizg\Desktop\pfe-d\data\clarity_datasets\speechocean762\WAVE\SPEAKER9070\090700148.WAV,THE COUNTRY IS PLEASANT FOR EXERCISE,9,10.0,9,8,8
train,090700164,9070,f,15,C:\Users\azizg\Desktop\pfe-d\data\clarity_datasets\speechocean762\WAVE\SPEAKER9070\090700164.WAV,I HAD AN APPOINTMENT HERE AT HALF PAST NIGHT,9,10.0,8,8,8
train,090700172,9070,f,15,C:\Users\azizg\Desktop\pfe-d\data\clarity_datasets\speechocean762\WAVE\SPEAKER9070\090700172.WAV,I THINK WE SHOULD BUILD GOOD RELATIONSHIP WITH THEM,8,10.0,8,8,8
train,095560005,9556,m,15,C:\Users\azizg\Desktop\pfe-d\data\clarity_datasets\speechocean762\WAVE\SPEAKER9556\095560005.WAV,I WANT TO BE ON THE SPOT TO HELP,7,10.0,8,8,7
train,095560008,9556,m,15,C:\Users\azizg\Desktop\pfe-d\data\clarity_datasets\speechocean762\WAVE\SPEAKER9556\095560008.WAV,HE MUST CONSIDER WHAT TO DO NEXT,8,10.0,7,7,7
train,095560010,9556,m,15,C:\Users\azizg\Desktop\pfe-d\data\clarity_datasets\speechocean762\WAVE\SPEAKER9556\095560010.WAV,SHALL I FEET HIM DOWN,8,10.0,7,7,7
train,095560017,9556,m,15,C:\Users\azizg\Desktop\pfe-d\data\clarity_datasets\speechocean762\WAVE\SPEAKER9556\095560017.WAV,MY FATHER THINKS TO PAINT THEM,8,10.0,7,7,7
train,095560031,9556,m,15,C:\Users\azizg\Desktop\pfe-d\data\clarity_datasets\speechocean762\WAVE\SPEAKER9556\095560031.WAV,NOTHING COULD TRUE HIM FROM HIS PURPOSE,9,10.0,8,7,8
train,095560037,9556,m,15,C:\Users\azizg\Desktop\pfe-d\data\clarity_datasets\speechocean762\WAVE\SPEAKER9556\095560037.WAV,DO NOT BE ANXIOUS ALL IS WHERE,8,10.0,7,6,7
train,095560051,9556,m,15,C:\Users\azizg\Desktop\pfe-d\data\clarity_datasets\speechocean762\WAVE\SPEAKER9556\095560051.WAV,HOWEVER HE PULLED HIMSELF TOGETHER QUICKLY,9,10.0,9,8,9
train,095560054,9556,m,15,C:\Users\azizg\Desktop\pfe-d\data\clarity_datasets\speechocean762\WAVE\SPEAKER9556\095560054.WAV,HOW PLEASANT HER MANNER IS,7,10.0,8,8,6
train,095560069,9556,m,15,C:\Users\azizg\Desktop\pfe-d\data\clarity_datasets\speechocean762\WAVE\SPEAKER9556\095560069.WAV,THE HANDS POINTED FOR FOUR OH CLOTH,8,10.0,8,7,8
train,095560080,9556,m,15,C:\Users\azizg\Desktop\pfe-d\data\clarity_datasets\speechocean762\WAVE\SPEAKER9556\095560080.WAV,DO NOT EXPECT SO MUCH FOR MY KINDNESS,9,10.0,9,8,8
train,095560083,9556,m,15,C:\Users\azizg\Desktop\pfe-d\data\clarity_datasets\speechocean762\WAVE\SPEAKER9556\095560083.WAV,HOWEVER I KNOW WHAT HIS ADVICE JUST NOW WOULD BE,8,10.0,8,8,8
train,095560108,9556,m,15,C:\Users\azizg\Desktop\pfe-d\data\clarity_datasets\speechocean762\WAVE\SPEAKER9556\095560108.WAV,THESE WORDS CHEERED ME UP,8,10.0,7,7,7
train,095560115,9556,m,15,C:\Users\azizg\Desktop\pfe-d\data\clarity_datasets\speechocean762\WAVE\SPEAKER9556\095560115.WAV,WE SHELL HAVE A SOME TROUBLE,9,10.0,9,9,9
train,095560129,9556,m,15,C:\Users\azizg\Desktop\pfe-d\data\clarity_datasets\speechocean762\WAVE\SPEAKER9556\095560129.WAV,THERE WILL PROBABLY BE NONE,7,10.0,8,7,6
train,095560133,9556,m,15,C:\Users\azizg\Desktop\pfe-d\data\clarity_datasets\speechocean762\WAVE\SPEAKER9556\095560133.WAV,HE AND HIS BROTHER SEEMED TO CHANGE PLACES,8,10.0,7,7,7
train,095560150,9556,m,15,C:\Users\azizg\Desktop\pfe-d\data\clarity_datasets\speechocean762\WAVE\SPEAKER9556\095560150.WAV,HE WAS NOT A PROPER PARTNER FOR HER,8,10.0,8,8,7
train,095560153,9556,m,15,C:\Users\azizg\Desktop\pfe-d\data\clarity_datasets\speechocean762\WAVE\SPEAKER9556\095560153.WAV,I THOUGHT IT MIGHT HAVE A REACHED YOUR AIRS,8,10.0,8,8,8
train,095560163,9556,m,15,C:\Users\azizg\Desktop\pfe-d\data\clarity_datasets\speechocean762\WAVE\SPEAKER9556\095560163.WAV,I MIGHT AS WELL GO,8,10.0,8,8,8
train,095560164,9556,m,15,C:\Users\azizg\Desktop\pfe-d\data\clarity_datasets\speechocean762\WAVE\SPEAKER9556\095560164.WAV,WHEN I SEE IT REACH YOUR HAND I FINE,8,10.0,7,7,7
train,095560170,9556,m,15,C:\Users\azizg\Desktop\pfe-d\data\clarity_datasets\speechocean762\WAVE\SPEAKER9556\095560170.WAV,OH HOW PAINFUL ALL THIS IS,8,10.0,8,8,8
train,096000002,9600,f,28,C:\Users\azizg\Desktop\pfe-d\data\clarity_datasets\speechocean762\WAVE\SPEAKER9600\096000002.WAV,BUT IT IS STILL ONLY THE FIRST QUARTER,4,10.0,6,6,4
train,096000003,9600,f,28,C:\Users\azizg\Desktop\pfe-d\data\clarity_datasets\speechocean762\WAVE\SPEAKER9600\096000003.WAV,AND FOR ALL YOU KNOW YOU COULD BE RIGHT,6,10.0,5,5,5
train,096000004,9600,f,28,C:\Users\azizg\Desktop\pfe-d\data\clarity_datasets\speechocean762\WAVE\SPEAKER9600\096000004.WAV,WE ARE GOING TO KILL THEM BUT NOT THAT WAY,3,10.0,5,5,3
train,096000005,9600,f,28,C:\Users\azizg\Desktop\pfe-d\data\clarity_datasets\speechocean762\WAVE\SPEAKER9600\096000005.WAV,I HAVE LOOKED WITH MY VERY EYES ON HELL,4,10.0,6,6,4
train,096000006,9600,f,28,C:\Users\azizg\Desktop\pfe-d\data\clarity_datasets\speechocean762\WAVE\SPEAKER9600\096000006.WAV,IT WAS LIKE THEY WERE LOST OR SOMETHING,5,10.0,5,4,4
train,096000007,9600,f,28,C:\Users\azizg\Desktop\pfe-d\data\clarity_datasets\speechocean762\WAVE\SPEAKER9600\096000007.WAV,HE MADE NO MOVE IT WOULD COME WHAT WOULD COME,3,10.0,5,4,3
train,096000008,9600,f,28,C:\Users\azizg\Desktop\pfe-d\data\clarity_datasets\speechocean762\WAVE\SPEAKER9600\096000008.WAV,HE WAS THERE WHEN HIS BEST FRIEND ASKED HER OUT,4,10.0,5,5,4
train,096000009,9600,f,28,C:\Users\azizg\Desktop\pfe-d\data\clarity_datasets\speechocean762\WAVE\SPEAKER9600\096000009.WAV,WHAT WAS HE EVEN ABOUT TO SAY,5,10.0,6,6,5
train,096000010,9600,f,28,C:\Users\azizg\Desktop\pfe-d\data\clarity_datasets\speechocean762\WAVE\SPEAKER9600\096000010.WAV,I THOUGHT I WOULD NEVER SMILE AGAIN,3,10.0,6,5,3
train,096000011,9600,f,28,C:\Users\azizg\Desktop\pfe-d\data\clarity_datasets\speechocean762\WAVE\SPEAKER9600\096000011.WAV,YOU AND I WANT THE SAME THING,6,10.0,6,6,5
train,096000012,9600,f,28,C:\Users\azizg\Desktop\pfe-d\data\clarity_datasets\speechocean762\WAVE\SPEAKER9600\096000012.WAV,THIS WAS THE MAN WHO HAD KILLED HIS FATHER,5,10.0,6,5,5
train,096000013,9600,f,28,C:\Users\azizg\Desktop\pfe-d\data\clarity_datasets\speechocean762\WAVE\SPEAKER9600\096000013.WAV,THEN I SAW HIM AT ONCE,3,10.0,5,6,3
train,096000014,9600,f,28,C:\Users\azizg\Desktop\pfe-d\data\clarity_datasets\speechocean762\WAVE\SPEAKER9600\096000014.WAV,I MUST HAVE WALKED INTO IT,4,10.0,6,6,4
train,096000015,9600,f,28,C:\Users\azizg\Desktop\pfe-d\data\clarity_datasets\speechocean762\WAVE\SPEAKER9600\096000015.WAV,HE PUT HIS OTHER HAND ON THE WALL AS WELL,5,10.0,5,5,5
train,096000016,9600,f,28,C:\Users\azizg\Desktop\pfe-d\data\clarity_datasets\speechocean762\WAVE\SPEAKER9600\096000016.WAV,BUT I WAS YOUNG THEN AND A LITTLE TOO CURIOUS,6,10.0,5,5,5
train,096000017,9600,f,28,C:\Users\azizg\Desktop\pfe-d\data\clarity_datasets\speechocean762\WAVE\SPEAKER9600\096000017.WAV,SHE'S LEFT ME HERE TO FACE HIM ON MY OWN,4,10.0,5,4,4
train,096000018,9600,f,28,C:\Users\azizg\Desktop\pfe-d\data\clarity_datasets\speechocean762\WAVE\SPEAKER9600\096000018.WAV,SHE OPENED THE DOOR AND LOOKED AROUND THE BATHROOM,5,10.0,5,5,5
train,096000020,9600,f,28,C:\Users\azizg\Desktop\pfe-d\data\clarity_datasets\speechocean762\WAVE\SPEAKER9600\096000020.WAV,I DO THOUGH AND I AM TRYING TO MAKE DO,6,10.0,5,5,5
train,096000021,9600,f,28,C:\Users\azizg\Desktop\pfe-d\data\clarity_datasets\speechocean762\WAVE\SPEAKER9600\096000021.WAV,IT WAS NOT LIKE SHE HAD ANY POWER OVER ANYTHING,4,10.0,6,6,4
train,096000022,9600,f,28,C:\Users\azizg\Desktop\pfe-d\data\clarity_datasets\speechocean762\WAVE\SPEAKER9600\096000022.WAV,SHE SHOULD BE THERE IN ABOUT AN HOUR,6,10.0,7,6,6
train,096040001,9604,f,21,C:\Users\azizg\Desktop\pfe-d\data\clarity_datasets\speechocean762\WAVE\SPEAKER9604\096040001.WAV,HE JUMPED UP BUT ALL WAS STILL ABOUT HIM,5,10.0,5,4,4
train,096040002,9604,f,21,C:\Users\azizg\Desktop\pfe-d\data\clarity_datasets\speechocean762\WAVE\SPEAKER9604\096040002.WAV,SHE TURNED AND LOOKED AT HER OTHER FRIENDS,3,10.0,5,4,3
train,096040004,9604,f,21,C:\Users\azizg\Desktop\pfe-d\data\clarity_datasets\speechocean762\WAVE\SPEAKER9604\096040004.WAV,IT IS ONLY FOR YOU,8,10.0,6,6,7
train,096040005,9604,f,21,C:\Users\azizg\Desktop\pfe-d\data\clarity_datasets\speechocean762\WAVE\SPEAKER9604\096040005.WAV,THEY WOULD NEVER ACCEPT ME AS A GIRL,5,10.0,4,4,4
train,096040006,9604,f,21,C:\Users\azizg\Desktop\pfe-d\data\clarity_datasets\speechocean762\WAVE\SPEAKER9604\096040006.WAV,I COULD SEE THAT HIS HANDS WERE SHAKING TOO,3,10.0,5,4,3
train,096040007,9604,f,21,C:\Users\azizg\Desktop\pfe-d\data\clarity_datasets\speechocean762\WAVE\SPEAKER9604\096040007.WAV,SOON YOU WILL HAVE TO GO OUT ON YOUR OWN,4,10.0,5,5,4
train,096040008,9604,f,21,C:\Users\azizg\Desktop\pfe-d\data\clarity_datasets\speechocean762\WAVE\SPEAKER9604\096040008.WAV,THERE WAS NO ONE LEFT,5,10.0,7,6,5
train,096040009,9604,f,21,C:\Users\azizg\Desktop\pfe-d\data\clarity_datasets\speechocean762\WAVE\SPEAKER9604\096040009.WAV,THIS WAS NOT MY DAY,6,10.0,7,6,5
train,096040010,9604,f,21,C:\Users\azizg\Desktop\pfe-d\data\clarity_datasets\speechocean762\WAVE\SPEAKER9604\096040010.WAV,YOU JUST KNOW THAT IT MAKES YOU FEEL GOOD RIGHT,4,10.0,5,5,4
train,096040011,9604,f,21,C:\Users\azizg\Desktop\pfe-d\data\clarity_datasets\speechocean762\WAVE\SPEAKER9604\096040011.WAV,I WONDER WHAT WAS GOING ON OVER THERE,5,10.0,5,5,4
train,096040012,9604,f,21,C:\Users\azizg\Desktop\pfe-d\data\clarity_datasets\speechocean762\WAVE\SPEAKER9604\096040012.WAV,SO ARE YOU HERE TO PLAY WITH ME,3,10.0,5,4,3
train,096040014,9604,f,21,C:\Users\azizg\Desktop\pfe-d\data\clarity_datasets\speechocean762\WAVE\SPEAKER9604\096040014.WAV,IF YOU WANT TO PROVE SOMETHING THEN DO IT,4,10.0,5,4,3
train,096040015,9604,f,21,C:\Users\azizg\Desktop\pfe-d\data\clarity_datasets\speechocean762\WAVE\SPEAKER9604\096040015.WAV,THAT WAS WHEN HE SAW IT,5,10.0,3,3,4
train,096040016,9604,f,21,C:\Users\azizg\Desktop\pfe-d\data\clarity_datasets\speechocean762\WAVE\SPEAKER9604\096040016.WAV,THE MAN RUBBED HIS EYES AND LOOKED INTO IT AGAIN,3,10.0,4,4,3
train,096040018,9604,f,21,C:\Users\azizg\Desktop\pfe-d\data\clarity_datasets\speechocean762\WAVE\SPEAKER9604\096040018.WAV,AND PUT A HAND DOWN TO HELP HIM UP,4,10.0,5,5,3
train,096040019,9604,f,21,C:\Users\azizg\Desktop\pfe-d\data\clarity_datasets\speechocean762\WAVE\SPEAKER9604\096040019.WAV,THEY WALKED SLOWLY TO THE VERY END OF IT,5,10.0,4,4,4
train,096040021,9604,f,21,C:\Users\azizg\Desktop\pfe-d\data\clarity_datasets\speechocean762\WAVE\SPEAKER9604\096040021.WAV,WHAT WAS HE DOING AT THIS MOMENT,3,10.0,6,5,3
train,096040023,9604,f,21,C:\Users\azizg\Desktop\pfe-d\data\clarity_datasets\speechocean762\WAVE\SPEAKER9604\096040023.WAV,I AM RICH AND SO WAS MY FATHER BEFORE ME,4,10.0,5,5,4
train,096040024,9604,f,21,C:\Users\azizg\Desktop\pfe-d\data\clarity_datasets\speechocean762\WAVE\SPEAKER9604\096040024.WAV,SHE WAS LOOKING FOR A BREATH OF LIFE,5,10.0,5,4,4
train,096040025,9604,f,21,C:\Users\azizg\Desktop\pfe-d\data\clarity_datasets\speechocean762\WAVE\SPEAKER9604\096040025.WAV,THERE WAS NOTHING TO BE GAINED BY IT,3,10.0,4,3,3
train,096060001,9606,f,21,C:\Users\azizg\Desktop\pfe-d\data\clarity_datasets\speechocean762\WAVE\SPEAKER9606\096060001.WAV,HE HAD COME OUT ON JOBS WITH ME BEFORE,3,10.0,5,5,3
train,096060002,9606,f,21,C:\Users\azizg\Desktop\pfe-d\data\clarity_datasets\speechocean762\WAVE\SPEAKER9606\096060002.WAV,I JUST LOOK AT HIM,4,10.0,7,6,4
train,096060003,9606,f,21,C:\Users\azizg\Desktop\pfe-d\data\clarity_datasets\speechocean762\WAVE\SPEAKER9606\096060003.WAV,THE TWO OF YOU WILL NEED IT,5,10.0,6,6,5
train,096060004,9606,f,21,C:\Users\azizg\Desktop\pfe-d\data\clarity_datasets\speechocean762\WAVE\SPEAKER9606\096060004.WAV,BUT SHE IS MY LIFE,3,10.0,7,6,3
train,096060005,9606,f,21,C:\Users\azizg\Desktop\pfe-d\data\clarity_datasets\speechocean762\WAVE\SPEAKER9606\096060005.WAV,IN HIS EYES HE ONLY SAW HER,4,10.0,6,6,4
train,096060006,9606,f,21,C:\Users\azizg\Desktop\pfe-d\data\clarity_datasets\speechocean762\WAVE\SPEAKER9606\096060006.WAV,WE DO NOT WANT THAT TO HAPPEN NOW DO WE,5,10.0,5,4,4
train,096060007,9606,f,21,C:\Users\azizg\Desktop\pfe-d\data\clarity_datasets\speechocean762\WAVE\SPEAKER9606\096060007.WAV,I LOOKED OVER THEM ALL,3,10.0,5,5,3
train,096060008,9606,f,21,C:\Users\azizg\Desktop\pfe-d\data\clarity_datasets\speechocean762\WAVE\SPEAKER9606\096060008.WAV,THERE IS NO HOPE FOR ANY OF US HERE,4,10.0,5,5,3
train,096060009,9606,f,21,C:\Users\azizg\Desktop\pfe-d\data\clarity_datasets\speechocean762\WAVE\SPEAKER9606\096060009.WAV,IT WAS AN AWFUL THING YET WHAT COULD HE DO,5,10.0,4,3,4
train,096060010,9606,f,21,C:\Users\azizg\Desktop\pfe-d\data\clarity_datasets\speechocean762\WAVE\SPEAKER9606\096060010.WAV,YOU THOUGHT THE DREADFUL PLACE HAD YOU ONCE MORE,6,10.0,6,5,5
train,096060011,9606,f,21,C:\Users\azizg\Desktop\pfe-d\data\clarity_datasets\speechocean762\WAVE\SPEAKER9606\096060011.WAV,I LET THE TIME GET AWAY FROM ME,6,10.0,6,5,5
train,096060012,9606,f,21,C:\Users\azizg\Desktop\pfe-d\data\clarity_datasets\speechocean762\WAVE\SPEAKER9606\096060012.WAV,HE OPENED UP THE DOOR,6,10.0,7,6,5
train,096060013,9606,f,21,C:\Users\azizg\Desktop\pfe-d\data\clarity_datasets\speechocean762\WAVE\SPEAKER9606\096060013.WAV,THEY HAD A LITTLE GIRL,3,10.0,7,6,3
train,096060014,9606,f,21,C:\Users\azizg\Desktop\pfe-d\data\clarity_datasets\speechocean762\WAVE\SPEAKER9606\096060014.WAV,I TURNED TO GO THE OTHER WAY,4,8.6,4,5,3
train,096060015,9606,f,21,C:\Users\azizg\Desktop\pfe-d\data\clarity_datasets\speechocean762\WAVE\SPEAKER9606\096060015.WAV,SHE WANTED TO SAY SOMETHING ABOUT THIS,5,10.0,6,5,5
train,096060016,9606,f,21,C:\Users\azizg\Desktop\pfe-d\data\clarity_datasets\speechocean762\WAVE\SPEAKER9606\096060016.WAV,THIS IS WHEN ALL OF THE GUARDS BUT ONE LEFT,3,10.0,6,6,3
train,096060017,9606,f,21,C:\Users\azizg\Desktop\pfe-d\data\clarity_datasets\speechocean762\WAVE\SPEAKER9606\096060017.WAV,HE MUST TURN AROUND TO SEE IF IT IS HER,4,10.0,5,5,4
train,096060019,9606,f,21,C:\Users\azizg\Desktop\pfe-d\data\clarity_datasets\speechocean762\WAVE\SPEAKER9606\096060019.WAV,I SHOULD NEVER DO IT AGAIN,5,10.0,7,6,5
train,096060020,9606,f,21,C:\Users\azizg\Desktop\pfe-d\data\clarity_datasets\speechocean762\WAVE\SPEAKER9606\096060020.WAV,I ASKED AS HE MADE A LONG PAUSE,3,10.0,6,5,3
train,096060022,9606,f,21,C:\Users\azizg\Desktop\pfe-d\data\clarity_datasets\speechocean762\WAVE\SPEAKER9606\096060022.WAV,THAT WAS ALL SHE NEEDED TO DO RIGHT,6,10.0,6,5,5
train,096070002,9607,f,21,C:\Users\azizg\Desktop\pfe-d\data\clarity_datasets\speechocean762\WAVE\SPEAKER9607\096070002.WAV,BUT THERE WAS NO ONE COMING HIS WAY,6,10.0,6,6,6
train,096070003,9607,f,21,C:\Users\azizg\Desktop\pfe-d\data\clarity_datasets\speechocean762\WAVE\SPEAKER9607\096070003.WAV,HE WOULD DO IT FOR THEM YES FOR THEM,6,10.0,7,6,6
train,096070005,9607,f,21,C:\Users\azizg\Desktop\pfe-d\data\clarity_datasets\speechocean762\WAVE\SPEAKER9607\096070005.WAV,I COULD TELL THEY WERE PLOTTING SOMETHING BUT WHAT,7,10.0,6,5,6
train,096070006,9607,f,21,C:\Users\azizg\Desktop\pfe-d\data\clarity_datasets\speechocean762\WAVE\SPEAKER9607\096070006.WAV,IT WAS ALWAYS ABOUT HIM,5,10.0,7,6,5
train,096070007,9607,f,21,C:\Users\azizg\Desktop\pfe-d\data\clarity_datasets\speechocean762\WAVE\SPEAKER9607\096070007.WAV,I AM NOT HAPPY WITH YOU RIGHT NOW,7,10.0,8,7,7
train,096070008,9607,f,21,C:\Users\azizg\Desktop\pfe-d\data\clarity_datasets\speechocean762\WAVE\SPEAKER9607\096070008.WAV,THEY THOUGHT SHE WAS GOING TO WALK OUT AGAIN,4,10.0,6,6,4
train,096070011,9607,f,21,C:\Users\azizg\Desktop\pfe-d\data\clarity_datasets\speechocean762\WAVE\SPEAKER9607\096070011.WAV,I LIKE TO SEE A MAN ENJOY HIMSELF,7,10.0,7,6,6
train,096070012,9607,f,21,C:\Users\azizg\Desktop\pfe-d\data\clarity_datasets\speechocean762\WAVE\SPEAKER9607\096070012.WAV,WE ARE LOOKING FOR YOU,3,10.0,7,6,3
train,096070013,9607,f,21,C:\Users\azizg\Desktop\pfe-d\data\clarity_datasets\speechocean762\WAVE\SPEAKER9607\096070013.WAV,THE OTHER TURNED BACK TO THE DOOR SHAKING HIS HEAD,6,10.0,7,6,6
train,096070014,9607,f,21,C:\Users\azizg\Desktop\pfe-d\data\clarity_datasets\speechocean762\WAVE\SPEAKER9607\096070014.WAV,HE WALKED INTO THE ROOM HE HAD JUMPED FROM,5,10.0,7,6,5
train,096070015,9607,f,21,C:\Users\azizg\Desktop\pfe-d\data\clarity_datasets\speechocean762\WAVE\SPEAKER9607\096070015.WAV,HE THEN ASKED ME IF I WAS AN ENGLISHMAN,7,10.0,7,7,6
train,096070016,9607,f,21,C:\Users\azizg\Desktop\pfe-d\data\clarity_datasets\speechocean762\WAVE\SPEAKER9607\096070016.WAV,THAT WAS WHEN SHE SAW IT,4,10.0,7,7,4
train,096070017,9607,f,21,C:\Users\azizg\Desktop\pfe-d\data\clarity_datasets\speechocean762\WAVE\SPEAKER9607\096070017.WAV,SHE HAD HER HAND OVER HER LEFT CHECK,5,10.0,6,6,5
train,096070018,9607,f,21,C:\Users\azizg\Desktop\pfe-d\data\clarity_datasets\speechocean762\WAVE\SPEAKER9607\096070018.WAV,THIS IS THE END OF THE FIRST CHAPTER,3,10.0,5,5,3
train,096070019,9607,f,21,C:\Users\azizg\Desktop\pfe-d\data\clarity_datasets\speechocean762\WAVE\SPEAKER9607\096070019.WAV,IT WAS TOO MUCH TO TAKE,7,10.0,7,7,6
train,096070020,9607,f,21,C:\Users\azizg\Desktop\pfe-d\data\clarity_datasets\speechocean762\WAVE\SPEAKER9607\096070020.WAV,APART FROM THAT I HAVE VERY LITTLE TO SAY,7,10.0,7,7,7
train,096070021,9607,f,21,C:\Users\azizg\Desktop\pfe-d\data\clarity_datasets\speechocean762\WAVE\SPEAKER9607\096070021.WAV,HE STILL HAD TO MAKE IT THROUGH THE NIGHT,3,10.0,6,6,3
train,096070022,9607,f,21,C:\Users\azizg\Desktop\pfe-d\data\clarity_datasets\speechocean762\WAVE\SPEAKER9607\096070022.WAV,SHE STOPPED TO LOOK DOWN ON HIM,7,10.0,6,6,6
train,096070023,9607,f,21,C:\Users\azizg\Desktop\pfe-d\data\clarity_datasets\speechocean762\WAVE\SPEAKER9607\096070023.WAV,HE TURNED AROUND AND LOOKED AT ME WHAT,7,10.0,6,6,6
train,096070024,9607,f,21,C:\Users\azizg\Desktop\pfe-d\data\clarity_datasets\speechocean762\WAVE\SPEAKER9607\096070024.WAV,SHE WAS NOTHING BUT A MURDERER AFTER ALL,6,10.0,7,6,6
train,096090001,9609,m,27,C:\Users\azizg\Desktop\pfe-d\data\clarity_datasets\speechocean762\WAVE\SPEAKER9609\096090001.WAV,IF HE WAS CALLED UP AGAIN HE WOULD GO AGAIN,3,10.0,5,5,3
train,096090003,9609,m,27,C:\Users\azizg\Desktop\pfe-d\data\clarity_datasets\speechocean762\WAVE\SPEAKER9609\096090003.WAV,THE GIRL THEN LOOKED AT HER HAND,4,10.0,5,5,3
train,096090005,9609,m,27,C:\Users\azizg\Desktop\pfe-d\data\clarity_datasets\speechocean762\WAVE\SPEAKER9609\096090005.WAV,WHAT WILL THEY DO IF SOMETHING HAPPENS TO ME,5,10.0,5,5,4
train,096090006,9609,m,27,C:\Users\azizg\Desktop\pfe-d\data\clarity_datasets\speechocean762\WAVE\SPEAKER9609\096090006.WAV,WE HAVE THE BEST PEOPLE ON THIS,3,10.0,4,4,3
train,096090007,9609,m,27,C:\Users\azizg\Desktop\pfe-d\data\clarity_datasets\speechocean762\WAVE\SPEAKER9609\096090007.WAV,IT WAS AS MUCH AS MY LIFE WAS WORTH,4,10.0,4,3,3
train,096090008,9609,m,27,C:\Users\azizg\Desktop\pfe-d\data\clarity_datasets\speechocean762\WAVE\SPEAKER9609\096090008.WAV,THERE WAS NO WAY TO TELL FOR SURE,5,10.0,5,5,4
train,096090010,9609,m,27,C:\Users\azizg\Desktop\pfe-d\data\clarity_datasets\speechocean762\WAVE\SPEAKER9609\096090010.WAV,I WANT TO KNOW WHAT HAPPENED BUT NOT NOW,3,10.0,4,4,3
train,096090011,9609,m,27,C:\Users\azizg\Desktop\pfe-d\data\clarity_datasets\speechocean762\WAVE\SPEAKER9609\096090011.WAV,I COULD JUST BARELY SEE IT FROM HERE,4,10.0,4,4,3
train,096090014,9609,m,27,C:\Users\azizg\Desktop\pfe-d\data\clarity_datasets\speechocean762\WAVE\SPEAKER9609\096090014.WAV,I MADE HIM LOOK ME INTO THE EYES,5,10.0,4,4,4
train,096090015,9609,m,27,C:\Users\azizg\Desktop\pfe-d\data\clarity_datasets\speechocean762\WAVE\SPEAKER9609\096090015.WAV,THIS IS NOT GOING TO WORK,3,10.0,5,5,3
train,096090017,9609,m,27,C:\Users\azizg\Desktop\pfe-d\data\clarity_datasets\speechocean762\WAVE\SPEAKER9609\096090017.WAV,I WAS COMPLETELY IN MY OWN WORLD RIGHT NOW,4,10.0,4,3,3
train,096090018,9609,m,27,C:\Users\azizg\Desktop\pfe-d\data\clarity_datasets\speechocean762\WAVE\SPEAKER9609\096090018.WAV,THAT MUST NOT BE IT,5,10.0,5,5,4
train,096090019,9609,m,27,C:\Users\azizg\Desktop\pfe-d\data\clarity_datasets\speechocean762\WAVE\SPEAKER9609\096090019.WAV,I WAS FOUND BY THEM WHEN I WAS A BABY,3,10.0,5,4,3
train,096090020,9609,m,27,C:\Users\azizg\Desktop\pfe-d\data\clarity_datasets\speechocean762\WAVE\SPEAKER9609\096090020.WAV,BUT EVEN THAT IS PUTTING HER WILL FIRST,4,10.0,4,4,3
train,096090021,9609,m,27,C:\Users\azizg\Desktop\pfe-d\data\clarity_datasets\speechocean762\WAVE\SPEAKER9609\096090021.WAV,SO I WILL MAKE A BARGAIN WITH YOU,5,10.0,5,5,4
train,096090023,9609,m,27,C:\Users\azizg\Desktop\pfe-d\data\clarity_datasets\speechocean762\WAVE\SPEAKER9609\096090023.WAV,I HAVE WATCHED YOU LONG ENOUGH TO KNOW THAT,3,10.0,3,3,2
train,096090024,9609,m,27,C:\Users\azizg\Desktop\pfe-d\data\clarity_datasets\speechocean762\WAVE\SPEAKER9609\096090024.WAV,SHE HAD ALWAYS THOUGHT OF ME AS AN ENEMY,4,10.0,4,4,3
train,096090025,9609,m,27,C:\Users\azizg\Desktop\pfe-d\data\clarity_datasets\speechocean762\WAVE\SPEAKER9609\096090025.WAV,BUT WHERE WAS SHE THAT SHE SEEMED SO ABSENT,5,10.0,5,4,4
train,096090026,9609,m,27,C:\Users\azizg\Desktop\pfe-d\data\clarity_datasets\speechocean762\WAVE\SPEAKER9609\096090026.WAV,HE WAS AT A BETTER PLACE,3,10.0,5,5,3
train,096090027,9609,m,27,C:\Users\azizg\Desktop\pfe-d\data\clarity_datasets\speechocean762\WAVE\SPEAKER9609\096090027.WAV,SHE ACCEPTED IT AND PUT IT WITH HER THINGS,4,10.0,4,3,3
train,096110001,9611,f,30,C:\Users\azizg\Desktop\pfe-d\data\clarity_datasets\speechocean762\WAVE\SPEAKER9611\096110001.WAV,THEY JUST WANTED TO MAKE SURE I WAS ALL RIGHT,4,10.0,6,6,4
train,096110002,9611,f,30,C:\Users\azizg\Desktop\pfe-d\data\clarity_datasets\speechocean762\WAVE\SPEAKER9611\096110002.WAV,HE COULD SEE IT WISH HE COULD NOT,5,10.0,5,5,4
train,096110003,9611,f,30,C:\Users\azizg\Desktop\pfe-d\data\clarity_datasets\speechocean762\WAVE\SPEAKER9611\096110003.WAV,BUT THE EYES WERE THE THING,3,10.0,4,3,3
train,096110004,9611,f,30,C:\Users\azizg\Desktop\pfe-d\data\clarity_datasets\speechocean762\WAVE\SPEAKER9611\096110004.WAV,AND A GIRL AT THAT,6,10.0,7,6,5
train,096110005,9611,f,30,C:\Users\azizg\Desktop\pfe-d\data\clarity_datasets\speechocean762\WAVE\SPEAKER9611\096110005.WAV,IT IS YOU WHO IS NO MATCH FOR ME,5,10.0,6,6,5
train,096110006,9611,f,30,C:\Users\azizg\Desktop\pfe-d\data\clarity_datasets\speechocean762\WAVE\SPEAKER9611\096110006.WAV,YOU GET TO DO THIS JOB ON YOUR OWN,3,10.0,5,4,3
train,096110008,9611,f,30,C:\Users\azizg\Desktop\pfe-d\data\clarity_datasets\speechocean762\WAVE\SPEAKER9611\096110008.WAV,NO ONE HAD TO KNOW,7,10.0,7,7,7
train,096110009,9611,f,30,C:\Users\azizg\Desktop\pfe-d\data\clarity_datasets\speechocean762\WAVE\SPEAKER9611\096110009.WAV,I SAY AS I TAKE OUT MY PAPERS,7,10.0,7,6,6
train,096110011,9611,f,30,C:\Users\azizg\Desktop\pfe-d\data\clarity_datasets\speechocean762\WAVE\SPEAKER9611\096110011.WAV,HE LEFT THEM THERE FOR A LONG TIME HANGING THERE,5,10.0,6,6,5
train,096110012,9611,f,30,C:\Users\azizg\Desktop\pfe-d\data\clarity_datasets\speechocean762\WAVE\SPEAKER9611\096110012.WAV,I BELIEVE WE SHOULD ALL COME WITH YOU,4,10.0,6,6,4
train,096110013,9611,f,30,C:\Users\azizg\Desktop\pfe-d\data\clarity_datasets\speechocean762\WAVE\SPEAKER9611\096110013.WAV,I THOUGHT ABOUT IT MORE,5,10.0,6,6,5
train,096110014,9611,f,30,C:\Users\azizg\Desktop\pfe-d\data\clarity_datasets\speechocean762\WAVE\SPEAKER9611\096110014.WAV,I HAD TO TURN MYSELF AROUND AND GO BACK,6,10.0,6,6,6
train,096110015,9611,f,30,C:\Users\azizg\Desktop\pfe-d\data\clarity_datasets\speechocean762\WAVE\SPEAKER9611\096110015.WAV,I TURNED TO LOOK BEHIND ME AND SAW NOTHING,7,10.0,7,6,6
train,096110016,9611,f,30,C:\Users\azizg\Desktop\pfe-d\data\clarity_datasets\speechocean762\WAVE\SPEAKER9611\096110016.WAV,IT WAS THE JAPANESE MAN FROM THE OTHER NIGHT,5,10.0,5,5,5
train,096110017,9611,f,30,C:\Users\azizg\Desktop\pfe-d\data\clarity_datasets\speechocean762\WAVE\SPEAKER9611\096110017.WAV,HE SEEMED MADE TO LIVE WITH NO ONE BUT HIMSELF,3,10.0,5,5,3
train,096110018,9611,f,30,C:\Users\azizg\Desktop\pfe-d\data\clarity_datasets\speechocean762\WAVE\SPEAKER9611\096110018.WAV,THIS WAS GOING TO BE A GOOD FIGHT,4,10.0,6,6,4
train,096110019,9611,f,30,C:\Users\azizg\Desktop\pfe-d\data\clarity_datasets\speechocean762\WAVE\SPEAKER9611\096110019.WAV,WHY WOULD SHE WANT HIM IN THE FIRST PLACE,5,10.0,6,6,5
train,096110021,9611,f,30,C:\Users\azizg\Desktop\pfe-d\data\clarity_datasets\speechocean762\WAVE\SPEAKER9611\096110021.WAV,BUT THAN THERE WAS STILL HER FATHER,3,10.0,5,5,3
train,096110022,9611,f,30,C:\Users\azizg\Desktop\pfe-d\data\clarity_datasets\speechocean762\WAVE\SPEAKER9611\096110022.WAV,WHAT ELSE IS THERE TO DO HERE,4,10.0,6,6,4
train,096110023,9611,f,30,C:\Users\azizg\Desktop\pfe-d\data\clarity_datasets\speechocean762\WAVE\SPEAKER9611\096110023.WAV,BUT I THINK HE MIGHT BE A LITTLE MORE ENTHUSIASTIC,5,10.0,5,5,5
train,096130001,9613,f,33,C:\Users\azizg\Desktop\pfe-d\data\clarity_datasets\speechocean762\WAVE\SPEAKER9613\096130001.WAV,I WANTED TO SEE THE WORLD,4,10.0,7,6,4
train,096130002,9613,f,33,C:\Users\azizg\Desktop\pfe-d\data\clarity_datasets\speechocean762\WAVE\SPEAKER9613\096130002.WAV,THAT WAS ALL HE COULD THINK,6,10.0,6,6,5
train,096130003,9613,f,33,C:\Users\azizg\Desktop\pfe-d\data\clarity_datasets\speechocean762\WAVE\SPEAKER9613\096130003.WAV,HE LOOKED AT HER FOR A LONG TIME,6,10.0,6,5,5
train,096130004,9613,f,33,C:\Users\azizg\Desktop\pfe-d\data\clarity_datasets\speechocean762\WAVE\SPEAKER9613\096130004.WAV,AND WHAT OF THAT MAN,7,10.0,7,6,6
train,096130005,9613,f,33,C:\Users\azizg\Desktop\pfe-d\data\clarity_datasets\speechocean762\WAVE\SPEAKER9613\096130005.WAV,SHE HAD LOVED BEFORE BUT NOT LIKE THIS,5,10.0,4,4,4
train,096130006,9613,f,33,C:\Users\azizg\Desktop\pfe-d\data\clarity_datasets\speechocean762\WAVE\SPEAKER9613\096130006.WAV,BUT SHE WOULD BE BACK,3,10.0,7,6,3
train,096130007,9613,f,33,C:\Users\azizg\Desktop\pfe-d\data\clarity_datasets\speechocean762\WAVE\SPEAKER9613\096130007.WAV,THERE IS NO PLACE FOR ME IN HIS HEART,4,10.0,6,5,4
train,096130008,9613,f,33,C:\Users\azizg\Desktop\pfe-d\data\clarity_datasets\speechocean762\WAVE\SPEAKER9613\096130008.WAV,I KEEP MY EYES ON HIM,5,10.0,6,6,5
train,096130009,9613,f,33,C:\Users\azizg\Desktop\pfe-d\data\clarity_datasets\speechocean762\WAVE\SPEAKER9613\096130009.WAV,IT SOUNDED AS IF HE WERE GOING TO SAY MORE,3,10.0,5,5,3
train,096130010,9613,f,33,C:\Users\azizg\Desktop\pfe-d\data\clarity_datasets\speechocean762\WAVE\SPEAKER9613\096130010.WAV,THE BEST ONE I HAVE,5,10.0,6,6,5
train,096130011,9613,f,33,C:\Users\azizg\Desktop\pfe-d\data\clarity_datasets\speechocean762\WAVE\SPEAKER9613\096130011.WAV,I JUST NEED TO GO THERE,5,10.0,6,5,5
train,096130012,9613,f,33,C:\Users\azizg\Desktop\pfe-d\data\clarity_datasets\speechocean762\WAVE\SPEAKER9613\096130012.WAV,THEN SHE SAW THE WAY OUT,3,10.0,5,4,3
train,096130013,9613,f,33,C:\Users\azizg\Desktop\pfe-d\data\clarity_datasets\speechocean762\WAVE\SPEAKER9613\096130013.WAV,HE THOUGHT ABOUT SOMETHING AND THEN HE ASKED,4,10.0,4,4,4
train,096130014,9613,f,33,C:\Users\azizg\Desktop\pfe-d\data\clarity_datasets\speechocean762\WAVE\SPEAKER9613\096130014.WAV,HE WAS HE ADMITTED NEVER VERY GOOD WITH HIS HANDS,5,10.0,4,4,4
train,096130016,9613,f,33,C:\Users\azizg\Desktop\pfe-d\data\clarity_datasets\speechocean762\WAVE\SPEAKER9613\096130016.WAV,I HAVE A GUN TO YOUR HEAD RIGHT NOW,3,6.7,3,3,2
train,096130017,9613,f,33,C:\Users\azizg\Desktop\pfe-d\data\clarity_datasets\speechocean762\WAVE\SPEAKER9613\096130017.WAV,AND HERE YOU ARE AND YOU ARE SO PRETTY,6,8.9,4,4,5
train,096130018,9613,f,33,C:\Users\azizg\Desktop\pfe-d\data\clarity_datasets\speechocean762\WAVE\SPEAKER9613\096130018.WAV,I WALKED INTO THE ROOM MY HAND ON HER SHOULDER,5,9.0,4,4,4
train,096130019,9613,f,33,C:\Users\azizg\Desktop\pfe-d\data\clarity_datasets\speechocean762\WAVE\SPEAKER9613\096130019.WAV,HE TURNED AROUND TO FACE HER,3,10.0,5,5,3
train,096130020,9613,f,33,C:\Users\azizg\Desktop\pfe-d\data\clarity_datasets\speechocean762\WAVE\SPEAKER9613\096130020.WAV,THE FIRST THING IS TO GET HIM AWAY,5,10.0,6,5,5
train,096130021,9613,f,33,C:\Users\azizg\Desktop\pfe-d\data\clarity_datasets\speechocean762\WAVE\SPEAKER9613\096130021.WAV,I LOOK UP AT THE HOUSE,6,10.0,7,6,6
train,096140002,9614,f,28,C:\Users\azizg\Desktop\pfe-d\data\clarity_datasets\speechocean762\WAVE\SPEAKER9614\096140002.WAV,I NEVER THOUGHT YOU WOULD BE ONE FOR THE SUBURBS,3,10.0,5,5,3
train,096140003,9614,f,28,C:\Users\azizg\Desktop\pfe-d\data\clarity_datasets\speechocean762\WAVE\SPEAKER9614\096140003.WAV,AND THERE WAS A STRANGE LOOK IN HER EYES,6,10.0,5,6,5
train,096140004,9614,f,28,C:\Users\azizg\Desktop\pfe-d\data\clarity_datasets\speechocean762\WAVE\SPEAKER9614\096140004.WAV,THE STUDENT THEN TURNED HIS HEAD AND LOOKED AT ME,6,10.0,5,5,6
train,096140005,9614,f,28,C:\Users\azizg\Desktop\pfe-d\data\clarity_datasets\speechocean762\WAVE\SPEAKER9614\096140005.WAV,BUT THAT IS WHY WE ARE HERE,7,10.0,6,5,6
train,096140006,9614,f,28,C:\Users\azizg\Desktop\pfe-d\data\clarity_datasets\speechocean762\WAVE\SPEAKER9614\096140006.WAV,SHE HAD ENOUGH OF THIS,6,10.0,5,6,5
train,096140007,9614,f,28,C:\Users\azizg\Desktop\pfe-d\data\clarity_datasets\speechocean762\WAVE\SPEAKER9614\096140007.WAV,IT WAS SOME TIME BEFORE HE COULD SEE ANYTHING,7,10.0,5,5,6
train,096140008,9614,f,28,C:\Users\azizg\Desktop\pfe-d\data\clarity_datasets\speechocean762\WAVE\SPEAKER9614\096140008.WAV,THERE WAS NO WAY THEY SAW HIM,3,10.0,5,5,3
train,096140009,9614,f,28,C:\Users\azizg\Desktop\pfe-d\data\clarity_datasets\speechocean762\WAVE\SPEAKER9614\096140009.WAV,NO I DO NOT OWN THEM,7,10.0,5,5,6
train,096140010,9614,f,28,C:\Users\azizg\Desktop\pfe-d\data\clarity_datasets\speechocean762\WAVE\SPEAKER9614\096140010.WAV,THEY WERE UP TO SOMETHING,6,10.0,6,6,5
train,096140011,9614,f,28,C:\Users\azizg\Desktop\pfe-d\data\clarity_datasets\speechocean762\WAVE\SPEAKER9614\096140011.WAV,YOU COULD ALWAYS TELL WHAT WAS ON MY MIND,3,10.0,5,5,3
train,096140012,9614,f,28,C:\Users\azizg\Desktop\pfe-d\data\clarity_datasets\speechocean762\WAVE\SPEAKER9614\096140012.WAV,I ASKED AS SHE CLOSED THE DOOR,4,10.0,5,5,4
train,096140014,9614,f,28,C:\Users\azizg\Desktop\pfe-d\data\clarity_datasets\speechocean762\WAVE\SPEAKER9614\096140014.WAV,HE WILL COME BACK IN A LITTLE WHILE,7,10.0,6,6,6
train,096140015,9614,f,28,C:\Users\azizg\Desktop\pfe-d\data\clarity_datasets\speechocean762\WAVE\SPEAKER9614\096140015.WAV,HE WALKED AROUND TO THE OTHER SIDE OF HER BED,6,10.0,5,5,6
train,096140016,9614,f,28,C:\Users\azizg\Desktop\pfe-d\data\clarity_datasets\speechocean762\WAVE\SPEAKER9614\096140016.WAV,THAT WAS THE FIRST THING ABOUT HER THAT ATTRACTED ME,4,10.0,4,5,4
train,096140017,9614,f,28,C:\Users\azizg\Desktop\pfe-d\data\clarity_datasets\speechocean762\WAVE\SPEAKER9614\096140017.WAV,I MUST HAVE AN END PUT TO ALL THIS,6,10.0,5,5,5
train,096140018,9614,f,28,C:\Users\azizg\Desktop\pfe-d\data\clarity_datasets\speechocean762\WAVE\SPEAKER9614\096140018.WAV,IF NOT HOW SHOULD THEY KNOW HE WAS DEAD,3,10.0,6,6,3
train,096140019,9614,f,28,C:\Users\azizg\Desktop\pfe-d\data\clarity_datasets\speechocean762\WAVE\SPEAKER9614\096140019.WAV,WHAT ELSE WOULD I WANT TO HAVE,6,10.0,6,6,6
train,096140020,9614,f,28,C:\Users\azizg\Desktop\pfe-d\data\clarity_datasets\speechocean762\WAVE\SPEAKER9614\096140020.WAV,HE LOOKED OVER HIS HAND AND SMILED,6,10.0,6,6,5
train,096140021,9614,f,28,C:\Users\azizg\Desktop\pfe-d\data\clarity_datasets\speechocean762\WAVE\SPEAKER9614\096140021.WAV,I AM THE ONE WHO MADE YOU,6,10.0,6,6,5
train,096140022,9614,f,28,C:\Users\azizg\Desktop\pfe-d\data\clarity_datasets\speechocean762\WAVE\SPEAKER9614\096140022.WAV,I WOULD LOVE FOR US TO STAY THERE ONCE AGAIN,7,10.0,6,5,6
train,096150003,9615,f,21,C:\Users\azizg\Desktop\pfe-d\data\clarity_datasets\speechocean762\WAVE\SPEAKER9615\096150003.WAV,I ASKED WITH A SMILE ON MY FACE,6,10.0,5,5,5
train,096150005,9615,f,21,C:\Users\azizg\Desktop\pfe-d\data\clarity_datasets\speechocean762\WAVE\SPEAKER9615\096150005.WAV,BUT SHE HAD LEFT THAT LIFE BEHIND NOW TOO,6,10.0,4,4,5
train,096150006,9615,f,21,C:\Users\azizg\Desktop\pfe-d\data\clarity_datasets\speechocean762\WAVE\SPEAKER9615\096150006.WAV,THERE WAS NO WAY SOMETHING LIKE THIS COULD BE REALITY,6,10.0,4,5,5
train,096150007,9615,f,21,C:\Users\azizg\Desktop\pfe-d\data\clarity_datasets\speechocean762\WAVE\SPEAKER9615\096150007.WAV,SHE HAD MADE UP HER MIND IN ALL GOOD FAITH,5,10.0,4,4,5
train,096150009,9615,f,21,C:\Users\azizg\Desktop\pfe-d\data\clarity_datasets\speechocean762\WAVE\SPEAKER9615\096150009.WAV,THEY WERE GOING TO SEND HER BACK IN TIME,6,10.0,4,4,5
train,096150010,9615,f,21,C:\Users\azizg\Desktop\pfe-d\data\clarity_datasets\speechocean762\WAVE\SPEAKER9615\096150010.WAV,THE WOMAN TURNED HER HEAD TO LOOK OUT THE WINDOW,6,10.0,4,4,6
train,096150011,9615,f,21,C:\Users\azizg\Desktop\pfe-d\data\clarity_datasets\speechocean762\WAVE\SPEAKER9615\096150011.WAV,THIS GIRL SHE WAS EVERYTHING I NEVER WAS,6,10.0,4,4,6
train,096150012,9615,f,21,C:\Users\azizg\Desktop\pfe-d\data\clarity_datasets\speechocean762\WAVE\SPEAKER9615\096150012.WAV,THERE WAS ONCE AGAIN SILENCE SO I LET IT BE,4,10.0,4,4,3
train,096150013,9615,f,21,C:\Users\azizg\Desktop\pfe-d\data\clarity_datasets\speechocean762\WAVE\SPEAKER9615\096150013.WAV,I HAVE TO GO SAY HI TO SOME MORE PEOPLE,7,10.0,5,4,6
train,096150016,9615,f,21,C:\Users\azizg\Desktop\pfe-d\data\clarity_datasets\speechocean762\WAVE\SPEAKER9615\096150016.WAV,HE THEN LOOKED DOWN AT HIS HANDS,5,10.0,4,4,5
train,096150017,9615,f,21,C:\Users\azizg\Desktop\pfe-d\data\clarity_datasets\speechocean762\WAVE\SPEAKER9615\096150017.WAV,I HAD VERY LITTLE OF MY OWN,6,10.0,4,4,5
train,096150018,9615,f,21,C:\Users\azizg\Desktop\pfe-d\data\clarity_datasets\speechocean762\WAVE\SPEAKER9615\096150018.WAV,HE ONE THE OTHER HAND WAS DIFFERENT,6,10.0,4,4,6
train,096150019,9615,f,21,C:\Users\azizg\Desktop\pfe-d\data\clarity_datasets\speechocean762\WAVE\SPEAKER9615\096150019.WAV,I HAVE NO PLACE IN YOUR HEART,6,10.0,4,4,5
train,096150020,9615,f,21,C:\Users\azizg\Desktop\pfe-d\data\clarity_datasets\speechocean762\WAVE\SPEAKER9615\096150020.WAV,IT WAS AN AFFAIR THAT BUT OF A MOMENT,5,10.0,4,4,5
train,096150021,9615,f,21,C:\Users\azizg\Desktop\pfe-d\data\clarity_datasets\speechocean762\WAVE\SPEAKER9615\096150021.WAV,I LOOKED INTO HER EYES AND FOUND THE TRUTH,5,10.0,4,4,5
train,096150024,9615,f,21,C:\Users\azizg\Desktop\pfe-d\data\clarity_datasets\speechocean762\WAVE\SPEAKER9615\096150024.WAV,IT WAS THE LITERATURE OF LOVE NOT OF THE LOVE,6,10.0,4,4,5
train,096150025,9615,f,21,C:\Users\azizg\Desktop\pfe-d\data\clarity_datasets\speechocean762\WAVE\SPEAKER9615\096150025.WAV,I WAS VERY NERVOUS FOR A LONG TIME AFTER THIS,6,10.0,4,4,5
train,096150026,9615,f,21,C:\Users\azizg\Desktop\pfe-d\data\clarity_datasets\speechocean762\WAVE\SPEAKER9615\096150026.WAV,I ACTUALLY OPENED MY EYES AND SAW WHERE I WAS,4,10.0,4,4,4
train,096150027,9615,f,21,C:\Users\azizg\Desktop\pfe-d\data\clarity_datasets\speechocean762\WAVE\SPEAKER9615\096150027.WAV,HE WAS EVER THE SAME TO ME,6,10.0,5,5,5
train,096150028,9615,f,21,C:\Users\azizg\Desktop\pfe-d\data\clarity_datasets\speechocean762\WAVE\SPEAKER9615\096150028.WAV,SHE MUST BE COMING FOR ME AGAIN,5,10.0,5,5,4
train,096160001,9616,f,28,C:\Users\azizg\Desktop\pfe-d\data\clarity_datasets\speechocean762\WAVE\SPEAKER9616\096160001.WAV,HE LOOKED UP AND SAW A MAN,4,10.0,6,6,4
train,096160002,9616,f,28,C:\Users\azizg\Desktop\pfe-d\data\clarity_datasets\speechocean762\WAVE\SPEAKER9616\096160002.WAV,ALL OF YOU WILL BE THERE,7,10.0,7,7,7
train,096160003,9616,f,28,C:\Users\azizg\Desktop\pfe-d\data\clarity_datasets\speechocean762\WAVE\SPEAKER9616\096160003.WAV,SHE COULD JUST SEE IT,7,10.0,6,6,6
train,096160004,9616,f,28,C:\Users\azizg\Desktop\pfe-d\data\clarity_datasets\speechocean762\WAVE\SPEAKER9616\096160004.WAV,BUT NO WAY TO FIND WHAT THEY NEED,5,10.0,6,6,5
train,096160005,9616,f,28,C:\Users\azizg\Desktop\pfe-d\data\clarity_datasets\speechocean762\WAVE\SPEAKER9616\096160005.WAV,THE FIRST ONE WAS HIS EYES,5,10.0,6,6,5
train,096160006,9616,f,28,C:\Users\azizg\Desktop\pfe-d\data\clarity_datasets\speechocean762\WAVE\SPEAKER9616\096160006.WAV,THERE WERE OTHER PEOPLE IN THE CARRIAGE WITH THEM,3,10.0,4,3,3
train,096160007,9616,f,28,C:\Users\azizg\Desktop\pfe-d\data\clarity_datasets\speechocean762\WAVE\SPEAKER9616\096160007.WAV,YOU CAN GO BACK TO THE STORY NOW,7,10.0,6,6,6
train,096160008,9616,f,28,C:\Users\azizg\Desktop\pfe-d\data\clarity_datasets\speechocean762\WAVE\SPEAKER9616\096160008.WAV,I DROPPED MY HAND AND PUT IT ON MY SIDE,5,10.0,6,6,5
train,096160009,9616,f,28,C:\Users\azizg\Desktop\pfe-d\data\clarity_datasets\speechocean762\WAVE\SPEAKER9616\096160009.WAV,AND TO THINK I COULD GET AWAY FROM WORK,7,10.0,6,6,6
train,096160010,9616,f,28,C:\Users\azizg\Desktop\pfe-d\data\clarity_datasets\speechocean762\WAVE\SPEAKER9616\096160010.WAV,THEY OPENED THE DOOR AND WALKED IN,4,10.0,5,5,4
train,096160011,9616,f,28,C:\Users\azizg\Desktop\pfe-d\data\clarity_datasets\speechocean762\WAVE\SPEAKER9616\096160011.WAV,IT'S A GOOD THING NO ONE WAS AROUND THE PLACE,5,10.0,6,6,5
train,096160012,9616,f,28,C:\Users\azizg\Desktop\pfe-d\data\clarity_datasets\speechocean762\WAVE\SPEAKER9616\096160012.WAV,IF YOU ARE GOING TO COME IN THEN COME IN,6,10.0,6,6,6
train,096160013,9616,f,28,C:\Users\azizg\Desktop\pfe-d\data\clarity_datasets\speechocean762\WAVE\SPEAKER9616\096160013.WAV,I WANT TO FEEL YOU MORE AND MORE,6,10.0,6,6,6
train,096160014,9616,f,28,C:\Users\azizg\Desktop\pfe-d\data\clarity_datasets\speechocean762\WAVE\SPEAKER9616\096160014.WAV,NOW I COULD NEVER DO ANY OF THAT AGAIN,6,10.0,6,6,5
train,096160015,9616,f,28,C:\Users\azizg\Desktop\pfe-d\data\clarity_datasets\speechocean762\WAVE\SPEAKER9616\096160015.WAV,I WOULD LIKE TO LIVE A LONG LIFE,6,10.0,6,6,5
train,096160016,9616,f,28,C:\Users\azizg\Desktop\pfe-d\data\clarity_datasets\speechocean762\WAVE\SPEAKER9616\096160016.WAV,I SHOULD HAVE THOUGHT IT THROUGH,4,10.0,4,4,3
train,096160017,9616,f,28,C:\Users\azizg\Desktop\pfe-d\data\clarity_datasets\speechocean762\WAVE\SPEAKER9616\096160017.WAV,IT SEEMED THAT WAS WHERE IT WAS COMING FROM,6,10.0,5,6,5
train,096160018,9616,f,28,C:\Users\azizg\Desktop\pfe-d\data\clarity_datasets\speechocean762\WAVE\SPEAKER9616\096160018.WAV,HE WOULD NOT LET THE CONVENTION END LIKE THIS,5,10.0,5,6,5
train,096160019,9616,f,28,C:\Users\azizg\Desktop\pfe-d\data\clarity_datasets\speechocean762\WAVE\SPEAKER9616\096160019.WAV,BUT EVEN THIS WAS AS NOTHING,4,10.0,5,5,4
train,096160020,9616,f,28,C:\Users\azizg\Desktop\pfe-d\data\clarity_datasets\speechocean762\WAVE\SPEAKER9616\096160020.WAV,HE STARTED TO ASK IF I WAS ALL RIGHT,5,10.0,5,5,5
train,096190001,9619,m,24,C:\Users\azizg\Desktop\pfe-d\data\clarity_datasets\speechocean762\WAVE\SPEAKER9619\096190001.WAV,HE WANTED TO DO THIS RIGHT,6,10.0,7,7,5
train,096190002,9619,m,24,C:\Users\azizg\Desktop\pfe-d\data\clarity_datasets\speechocean762\WAVE\SPEAKER9619\096190002.WAV,BUT THERE WAS NO ONE,7,10.0,7,6,7
train,096190003,9619,m,24,C:\Users\azizg\Desktop\pfe-d\data\clarity_datasets\speechocean762\WAVE\SPEAKER9619\096190003.WAV,AND YOU OF ALL PEOPLE SHOULD KNOW,6,10.0,7,6,5
train,096190004,9619,m,24,C:\Users\azizg\Desktop\pfe-d\data\clarity_datasets\speechocean762\WAVE\SPEAKER9619\096190004.WAV,HOW COULD HE JUST FIND ME LIKE THAT,6,10.0,5,5,5
train,096190005,9619,m,24,C:\Users\azizg\Desktop\pfe-d\data\clarity_datasets\speechocean762\WAVE\SPEAKER9619\096190005.WAV,THEN SHE OPENED HER EYES AND LOOKED AT HER WATCH,3,10.0,5,5,3
train,096190006,9619,m,24,C:\Users\azizg\Desktop\pfe-d\data\clarity_datasets\speechocean762\WAVE\SPEAKER9619\096190006.WAV,IT IS WHAT HE WOULD WANT,7,10.0,5,5,6
train,096190007,9619,m,24,C:\Users\azizg\Desktop\pfe-d\data\clarity_datasets\speechocean762\WAVE\SPEAKER9619\096190007.WAV,THE GIRL SEEMED TO SEE THEM FOR THE FIRST TIME,6,10.0,4,4,5
train,096190008,9619,m,24,C:\Users\azizg\Desktop\pfe-d\data\clarity_datasets\speechocean762\WAVE\SPEAKER9619\096190008.WAV,THERE WAS NOTHING HERE TO GO ON,6,10.0,5,5,5
train,096190009,9619,m,24,C:\Users\azizg\Desktop\pfe-d\data\clarity_datasets\speechocean762\WAVE\SPEAKER9619\096190009.WAV,YOU REALLY THINK YOU ARE GOING TO DEFEAT ME,4,10.0,5,5,4
train,096190010,9619,m,24,C:\Users\azizg\Desktop\pfe-d\data\clarity_datasets\speechocean762\WAVE\SPEAKER9619\096190010.WAV,BUT IT WILL GET BETTER,5,10.0,5,5,4
train,096190011,9619,m,24,C:\Users\azizg\Desktop\pfe-d\data\clarity_datasets\speechocean762\WAVE\SPEAKER9619\096190011.WAV,THAT WAS THE WAY OUT,3,10.0,5,5,3
train,096190012,9619,m,24,C:\Users\azizg\Desktop\pfe-d\data\clarity_datasets\speechocean762\WAVE\SPEAKER9619\096190012.WAV,HE HAD INDEED COME ON MORE THAN HE THOUGHT,4,10.0,4,4,4
train,096190013,9619,m,24,C:\Users\azizg\Desktop\pfe-d\data\clarity_datasets\speechocean762\WAVE\SPEAKER9619\096190013.WAV,BUT WE WERE STILL THE BEST OF FRIENDS,5,10.0,4,4,5
train,096190014,9619,m,24,C:\Users\azizg\Desktop\pfe-d\data\clarity_datasets\speechocean762\WAVE\SPEAKER9619\096190014.WAV,THIS IS THE ONLY PLACE WHERE YOU WILL BE SAFE,4,10.0,4,4,3
train,096190015,9619,m,24,C:\Users\azizg\Desktop\pfe-d\data\clarity_datasets\speechocean762\WAVE\SPEAKER9619\096190015.WAV,THERE WAS ANOTHER LITTLE THING HE HAD TO SAY,4,10.0,4,4,4
train,096190016,9619,m,24,C:\Users\azizg\Desktop\pfe-d\data\clarity_datasets\speechocean762\WAVE\SPEAKER9619\096190016.WAV,HE ASKED AS HE PUT HIS ARM AROUND HER,5,10.0,5,5,5
train,096190017,9619,m,24,C:\Users\azizg\Desktop\pfe-d\data\clarity_datasets\speechocean762\WAVE\SPEAKER9619\096190017.WAV,WHAT ELSE WAS THERE LEFT TO DO,3,10.0,6,5,3
train,096190019,9619,m,24,C:\Users\azizg\Desktop\pfe-d\data\clarity_datasets\speechocean762\WAVE\SPEAKER9619\096190019.WAV,AND YET HOW INDIFFERENT IT ALL WAS TO ME NOW,6,10.0,4,4,6
train,096190020,9619,m,24,C:\Users\azizg\Desktop\pfe-d\data\clarity_datasets\speechocean762\WAVE\SPEAKER9619\096190020.WAV,AND THE WORLD IS OVER,6,10.0,5,5,5
train,096190021,9619,m,24,C:\Users\azizg\Desktop\pfe-d\data\clarity_datasets\speechocean762\WAVE\SPEAKER9619\096190021.WAV,I NEED TO MAKE IT,7,10.0,4,4,6
train,096240001,9624,m,29,C:\Users\azizg\Desktop\pfe-d\data\clarity_datasets\speechocean762\WAVE\SPEAKER9624\096240001.WAV,SHE WAS NEVER THE SAME,7,10.0,7,5,6
train,096240002,9624,m,29,C:\Users\azizg\Desktop\pfe-d\data\clarity_datasets\speechocean762\WAVE\SPEAKER9624\096240002.WAV,I ASKED THEM HOW DO I GET THERE,6,10.0,6,5,5
train,096240003,9624,m,29,C:\Users\azizg\Desktop\pfe-d\data\clarity_datasets\speechocean762\WAVE\SPEAKER9624\096240003.WAV,HE JUST TURNED AND LEFT,5,10.0,5,5,5
train,096240004,9624,m,29,C:\Users\azizg\Desktop\pfe-d\data\clarity_datasets\speechocean762\WAVE\SPEAKER9624\096240004.WAV,IT SEEMED THAT HE HAD,3,10.0,5,5,3
train,096240005,9624,m,29,C:\Users\azizg\Desktop\pfe-d\data\clarity_datasets\speechocean762\WAVE\SPEAKER9624\096240005.WAV,AND SHE AGAIN LOOKED DOWN FOR A MOMENT,7,10.0,6,5,6
train,096240006,9624,m,29,C:\Users\azizg\Desktop\pfe-d\data\clarity_datasets\speechocean762\WAVE\SPEAKER9624\096240006.WAV,THE PEOPLE BEHIND ME WERE NOT GOING TO LET UP,5,10.0,4,4,4
train,096240007,9624,m,29,C:\Users\azizg\Desktop\pfe-d\data\clarity_datasets\speechocean762\WAVE\SPEAKER9624\096240007.WAV,THAT IS THE WAY WE MUST BE IN THIS BUSINESS,3,10.0,4,5,3
train,096240008,9624,m,29,C:\Users\azizg\Desktop\pfe-d\data\clarity_datasets\speechocean762\WAVE\SPEAKER9624\096240008.WAV,BUT NO ONE WAS LOOKING AT HIM,7,10.0,7,7,7
train,096240009,9624,m,29,C:\Users\azizg\Desktop\pfe-d\data\clarity_datasets\speechocean762\WAVE\SPEAKER9624\096240009.WAV,YOU COULD TELL IT ON HIS FACE,5,10.0,5,5,4
train,096240010,9624,m,29,C:\Users\azizg\Desktop\pfe-d\data\clarity_datasets\speechocean762\WAVE\SPEAKER9624\096240010.WAV,THE END OF HER TIME WITH HER FRIENDS,3,10.0,5,5,3
train,096240011,9624,m,29,C:\Users\azizg\Desktop\pfe-d\data\clarity_datasets\speechocean762\WAVE\SPEAKER9624\096240011.WAV,THEY COULD ALL SEE IT NOW,4,10.0,5,5,4
train,096240012,9624,m,29,C:\Users\azizg\Desktop\pfe-d\data\clarity_datasets\speechocean762\WAVE\SPEAKER9624\096240012.WAV,THERE WAS SOMETHING ABOUT THE WOMAN THAT MADE HIM UNEASY,5,10.0,5,4,4
train,096240013,9624,m,29,C:\Users\azizg\Desktop\pfe-d\data\clarity_datasets\speechocean762\WAVE\SPEAKER9624\096240013.WAV,I WALKED OUT THE DOOR,6,10.0,6,6,6
train,096240014,9624,m,29,C:\Users\azizg\Desktop\pfe-d\data\clarity_datasets\speechocean762\WAVE\SPEAKER9624\096240014.WAV,IF SO THE SOONER HE WAS BACK THERE THE BETTER,4,10.0,5,5,4
train,096240015,9624,m,29,C:\Users\azizg\Desktop\pfe-d\data\clarity_datasets\speechocean762\WAVE\SPEAKER9624\096240015.WAV,BUT NOTHING HAPPENED TO ME I OPENED MY EYES,5,10.0,5,5,5
train,096240016,9624,m,29,C:\Users\azizg\Desktop\pfe-d\data\clarity_datasets\speechocean762\WAVE\SPEAKER9624\096240016.WAV,I HAD TO LOOK AWAY,3,10.0,6,6,3
train,096240017,9624,m,29,C:\Users\azizg\Desktop\pfe-d\data\clarity_datasets\speechocean762\WAVE\SPEAKER9624\096240017.WAV,I PUT MY HAND IN FRONT OF HER,4,10.0,5,5,4
train,096240019,9624,m,29,C:\Users\azizg\Desktop\pfe-d\data\clarity_datasets\speechocean762\WAVE\SPEAKER9624\096240019.WAV,IT WAS THE LAST THING HE COULD GIVE HER,5,10.0,4,4,4
train,096240020,9624,m,29,C:\Users\azizg\Desktop\pfe-d\data\clarity_datasets\speechocean762\WAVE\SPEAKER9624\096240020.WAV,SHE IS ON HER OWN WORLD,3,10.0,6,6,3
train,096240021,9624,m,29,C:\Users\azizg\Desktop\pfe-d\data\clarity_datasets\speechocean762\WAVE\SPEAKER9624\096240021.WAV,SHE HAD MORE THAN ONCE TO REMIND HIM OF THIS,4,10.0,5,4,4
train,096280011,9628,m,26,C:\Users\azizg\Desktop\pfe-d\data\clarity_datasets\speechocean762\WAVE\SPEAKER9628\096280011.WAV,YOU WILL HAND HIM OVER TO ME,5,10.0,5,4,4
train,096280012,9628,m,26,C:\Users\azizg\Desktop\pfe-d\data\clarity_datasets\speechocean762\WAVE\SPEAKER9628\096280012.WAV,HE WAS A GOOD MAN THOUGH,3,10.0,5,5,3
train,096280013,9628,m,26,C:\Users\azizg\Desktop\pfe-d\data\clarity_datasets\speechocean762\WAVE\SPEAKER9628\096280013.WAV,I WANT YOU AND YOU ARE COMING BACK WITH US,4,10.0,4,4,4
train,096280014,9628,m,26,C:\Users\azizg\Desktop\pfe-d\data\clarity_datasets\speechocean762\WAVE\SPEAKER9628\096280014.WAV,I SMILED AND WALKED OUT THE DOOR,5,10.0,5,5,5
train,096280015,9628,m,26,C:\Users\azizg\Desktop\pfe-d\data\clarity_datasets\speechocean762\WAVE\SPEAKER9628\096280015.WAV,I WANTED TO SEE WHO SHE WAS,3,10.0,4,5,3
train,096280016,9628,m,26,C:\Users\azizg\Desktop\pfe-d\data\clarity_datasets\speechocean762\WAVE\SPEAKER9628\096280016.WAV,AND HE PUT IT AGAIN,4,10.0,5,5,4
train,096280017,9628,m,26,C:\Users\azizg\Desktop\pfe-d\data\clarity_datasets\speechocean762\WAVE\SPEAKER9628\096280017.WAV,WHAT DO I HAVE TO SAY FOR MYSELF,6,10.0,4,5,5
train,096280018,9628,m,26,C:\Users\azizg\Desktop\pfe-d\data\clarity_datasets\speechocean762\WAVE\SPEAKER9628\096280018.WAV,THIS WAS NOT RIGHT NOT RIGHT AT ALL,3,10.0,5,5,3
train,096280019,9628,m,26,C:\Users\azizg\Desktop\pfe-d\data\clarity_datasets\speechocean762\WAVE\SPEAKER9628\096280019.WAV,I AM SURE YOU KNOW IT,5,10.0,5,5,4
train,096280020,9628,m,26,C:\Users\azizg\Desktop\pfe-d\data\clarity_datasets\speechocean762\WAVE\SPEAKER9628\096280020.WAV,I CAN TAKE THEM OFF IF YOU NEED ME TO,5,10.0,5,4,5
train,096280021,9628,m,26,C:\Users\azizg\Desktop\pfe-d\data\clarity_datasets\speechocean762\WAVE\SPEAKER9628\096280021.WAV,I SAW AT ONCE HOW IT WAS,3,10.0,5,5,3
train,096280022,9628,m,26,C:\Users\azizg\Desktop\pfe-d\data\clarity_datasets\speechocean762\WAVE\SPEAKER9628\096280022.WAV,AND THERE IT STOPPED FOR A MOMENT,4,10.0,4,4,4
train,096280023,9628,m,26,C:\Users\azizg\Desktop\pfe-d\data\clarity_datasets\speechocean762\WAVE\SPEAKER9628\096280023.WAV,NO ONE WOULD GET THE BEST OF HIM,5,10.0,5,5,5
train,096280024,9628,m,26,C:\Users\azizg\Desktop\pfe-d\data\clarity_datasets\speechocean762\WAVE\SPEAKER9628\096280024.WAV,ALL THAT KIND OF THING WAS NOTHING TO HIM NOW,5,10.0,5,5,5
train,096280025,9628,m,26,C:\Users\azizg\Desktop\pfe-d\data\clarity_datasets\speechocean762\WAVE\SPEAKER9628\096280025.WAV,THE PERSON LOOKED AT THE BACK,4,10.0,5,5,4
train,096280026,9628,m,26,C:\Users\azizg\Desktop\pfe-d\data\clarity_datasets\speechocean762\WAVE\SPEAKER9628\096280026.WAV,SHE LOOKED HARD AT THE MAN,8,10.0,5,5,7
train,096280027,9628,m,26,C:\Users\azizg\Desktop\pfe-d\data\clarity_datasets\speechocean762\WAVE\SPEAKER9628\096280027.WAV,NOW THAT HE HAD THE TIME,3,10.0,7,6,3
train,096280028,9628,m,26,C:\Users\azizg\Desktop\pfe-d\data\clarity_datasets\speechocean762\WAVE\SPEAKER9628\096280028.WAV,BUT WHAT ELSE AM I TO DO,4,10.0,5,5,4
train,096280029,9628,m,26,C:\Users\azizg\Desktop\pfe-d\data\clarity_datasets\speechocean762\WAVE\SPEAKER9628\096280029.WAV,HE HAD TO GO THROUGH WITH IT,6,10.0,6,6,5
train,096280030,9628,m,26,C:\Users\azizg\Desktop\pfe-d\data\clarity_datasets\speechocean762\WAVE\SPEAKER9628\096280030.WAV,THERE IT WAS RIGHT NEXT TO HIM,3,10.0,5,6,3
train,096300001,9630,f,33,C:\Users\azizg\Desktop\pfe-d\data\clarity_datasets\speechocean762\WAVE\SPEAKER9630\096300001.WAV,HOW WAS I GOING TO GET OUT OF HERE,6,10.0,7,7,5
train,096300002,9630,f,33,C:\Users\azizg\Desktop\pfe-d\data\clarity_datasets\speechocean762\WAVE\SPEAKER9630\096300002.WAV,HE LOOKED BACK AT HER,7,10.0,7,7,6
train,096300003,9630,f,33,C:\Users\azizg\Desktop\pfe-d\data\clarity_datasets\speechocean762\WAVE\SPEAKER9630\096300003.WAV,AND YOU LIKE IT THAT WAY,5,10.0,7,7,5
train,096300004,9630,f,33,C:\Users\azizg\Desktop\pfe-d\data\clarity_datasets\speechocean762\WAVE\SPEAKER9630\096300004.WAV,BUT THIS IS NOT WHAT SHE HAD WANTED,3,10.0,6,6,3
train,096300005,9630,f,33,C:\Users\azizg\Desktop\pfe-d\data\clarity_datasets\speechocean762\WAVE\SPEAKER9630\096300005.WAV,THEY ARE ONE IN THE SAME,6,10.0,7,7,6
train,096300006,9630,f,33,C:\Users\azizg\Desktop\pfe-d\data\clarity_datasets\speechocean762\WAVE\SPEAKER9630\096300006.WAV,SHE SMILED AND WALKED WITH HIM,5,10.0,7,6,5
train,096300007,9630,f,33,C:\Users\azizg\Desktop\pfe-d\data\clarity_datasets\speechocean762\WAVE\SPEAKER9630\096300007.WAV,THERE IS NO NEED TO GO THERE,3,10.0,7,7,3
train,096300008,9630,f,33,C:\Users\azizg\Desktop\pfe-d\data\clarity_datasets\speechocean762\WAVE\SPEAKER9630\096300008.WAV,SO WHAT THEN WERE WE TO DO,4,8.6,6,6,4
train,096300009,9630,f,33,C:\Users\azizg\Desktop\pfe-d\data\clarity_datasets\speechocean762\WAVE\SPEAKER9630\096300009.WAV,I THINK I WILL RIGHT NOW,7,10.0,7,7,6
train,096300010,9630,f,33,C:\Users\azizg\Desktop\pfe-d\data\clarity_datasets\speechocean762\WAVE\SPEAKER9630\096300010.WAV,YOU LOOK OVER AND YOU SEE A BOY,8,10.0,8,7,7
train,096300011,9630,f,33,C:\Users\azizg\Desktop\pfe-d\data\clarity_datasets\speechocean762\WAVE\SPEAKER9630\096300011.WAV,I SAW YOU TAKE THEM,4,10.0,7,6,4
train,096300012,9630,f,33,C:\Users\azizg\Desktop\pfe-d\data\clarity_datasets\speechocean762\WAVE\SPEAKER9630\096300012.WAV,I THOUGHT TO MYSELF AS I MADE UP MY MIND,6,10.0,7,7,6
train,096300013,9630,f,33,C:\Users\azizg\Desktop\pfe-d\data\clarity_datasets\speechocean762\WAVE\SPEAKER9630\096300013.WAV,THAT IS THEY WOULD IF I HAD ANY FRIENDS,3,10.0,7,7,3
train,096300014,9630,f,33,C:\Users\azizg\Desktop\pfe-d\data\clarity_datasets\speechocean762\WAVE\SPEAKER9630\096300014.WAV,THIS TIME IT WAS A WOMAN,4,10.0,6,6,4
train,096300015,9630,f,33,C:\Users\azizg\Desktop\pfe-d\data\clarity_datasets\speechocean762\WAVE\SPEAKER9630\096300015.WAV,I TURNED AROUND TO FACE IT,7,10.0,7,6,6
train,096300016,9630,f,33,C:\Users\azizg\Desktop\pfe-d\data\clarity_datasets\speechocean762\WAVE\SPEAKER9630\096300016.WAV,IT WAS THE ONLY ROOM WITH THE DOOR STILL CLOSED,3,10.0,7,6,3
train,096300017,9630,f,33,C:\Users\azizg\Desktop\pfe-d\data\clarity_datasets\speechocean762\WAVE\SPEAKER9630\096300017.WAV,AND IT JUST MIGHT BE,6,10.0,7,7,5
train,096300018,9630,f,33,C:\Users\azizg\Desktop\pfe-d\data\clarity_datasets\speechocean762\WAVE\SPEAKER9630\096300018.WAV,I LEFT HER AT HOME,5,10.0,7,7,5
train,096300019,9630,f,33,C:\Users\azizg\Desktop\pfe-d\data\clarity_datasets\speechocean762\WAVE\SPEAKER9630\096300019.WAV,HE LOOKED AWAY FROM IT,3,10.0,7,7,3
train,096300020,9630,f,33,C:\Users\azizg\Desktop\pfe-d\data\clarity_datasets\speechocean762\WAVE\SPEAKER9630\096300020.WAV,BUT IT WAS EVEN SO,4,10.0,7,7,4
train,096340004,9634,m,32,C:\Users\azizg\Desktop\pfe-d\data\clarity_datasets\speechocean762\WAVE\SPEAKER9634\096340004.WAV,BUT AT THE END WHAT DO WE GET,6,10.0,5,5,5
train,096340005,9634,m,32,C:\Users\azizg\Desktop\pfe-d\data\clarity_datasets\speechocean762\WAVE\SPEAKER9634\096340005.WAV,THERE WAS NO WAY OUT OF THIS ROOM,5,10.0,5,5,5
train,096340006,9634,m,32,C:\Users\azizg\Desktop\pfe-d\data\clarity_datasets\speechocean762\WAVE\SPEAKER9634\096340006.WAV,THAT HAD TO BE IT THEN,3,10.0,5,5,3
train,096340007,9634,m,32,C:\Users\azizg\Desktop\pfe-d\data\clarity_datasets\speechocean762\WAVE\SPEAKER9634\096340007.WAV,IT IS A HAND ON MY,4,10.0,4,4,4
train,096340008,9634,m,32,C:\Users\azizg\Desktop\pfe-d\data\clarity_datasets\speechocean762\WAVE\SPEAKER9634\096340008.WAV,HE WILL WANT ME JUST FOR ME,5,10.0,4,4,4
train,096340009,9634,m,32,C:\Users\azizg\Desktop\pfe-d\data\clarity_datasets\speechocean762\WAVE\SPEAKER9634\096340009.WAV,THEY TURNED ALL TO HIM,3,10.0,4,4,3
train,096340010,9634,m,32,C:\Users\azizg\Desktop\pfe-d\data\clarity_datasets\speechocean762\WAVE\SPEAKER9634\096340010.WAV,AND I LIKE HER EYES,4,10.0,4,4,3
train,096340011,9634,m,32,C:\Users\azizg\Desktop\pfe-d\data\clarity_datasets\speechocean762\WAVE\SPEAKER9634\096340011.WAV,BUT HERE NOW HE REALLY WAS,4,10.0,4,3,4
train,096340012,9634,m,32,C:\Users\azizg\Desktop\pfe-d\data\clarity_datasets\speechocean762\WAVE\SPEAKER9634\096340012.WAV,THE OTHER ONE WAS BACK IT WAS TIME AGAIN,3,10.0,3,3,3
train,096340013,9634,m,32,C:\Users\azizg\Desktop\pfe-d\data\clarity_datasets\speechocean762\WAVE\SPEAKER9634\096340013.WAV,YOU ASKED TO SEE IT,4,10.0,3,3,3
train,096340014,9634,m,32,C:\Users\azizg\Desktop\pfe-d\data\clarity_datasets\speechocean762\WAVE\SPEAKER9634\096340014.WAV,I JUST WANTED TO GO UP THERE,5,10.0,4,4,4
train,096340015,9634,m,32,C:\Users\azizg\Desktop\pfe-d\data\clarity_datasets\speechocean762\WAVE\SPEAKER9634\096340015.WAV,I CAN ONLY DO IT ONCE,3,10.0,3,3,2
train,096340016,9634,m,32,C:\Users\azizg\Desktop\pfe-d\data\clarity_datasets\speechocean762\WAVE\SPEAKER9634\096340016.WAV,BUT HOW ARE YOU GOING TO HELP IT,4,10.0,5,4,4
train,096340017,9634,m,32,C:\Users\azizg\Desktop\pfe-d\data\clarity_datasets\speechocean762\WAVE\SPEAKER9634\096340017.WAV,HE WALKED OVER TO THE DOOR AND OPENED IT,5,10.0,3,3,4
train,096340018,9634,m,32,C:\Users\azizg\Desktop\pfe-d\data\clarity_datasets\speechocean762\WAVE\SPEAKER9634\096340018.WAV,THERE WAS SO MUCH MORE TO IT THAN THAT,3,10.0,4,4,3
train,096340019,9634,m,32,C:\Users\azizg\Desktop\pfe-d\data\clarity_datasets\speechocean762\WAVE\SPEAKER9634\096340019.WAV,I LOOKED AROUND BUT I STILL FOUND NO ONE,4,10.0,4,4,4
train,096340020,9634,m,32,C:\Users\azizg\Desktop\pfe-d\data\clarity_datasets\speechocean762\WAVE\SPEAKER9634\096340020.WAV,I KNOW THAT THEY WILL NOT LET ME DOWN,5,10.0,4,4,4
train,096340021,9634,m,32,C:\Users\azizg\Desktop\pfe-d\data\clarity_datasets\speechocean762\WAVE\SPEAKER9634\096340021.WAV,THIS WAS THE GOOD SIDE TO IT,3,10.0,3,3,3
train,096340022,9634,m,32,C:\Users\azizg\Desktop\pfe-d\data\clarity_datasets\speechocean762\WAVE\SPEAKER9634\096340022.WAV,I NEVER SAW HIM LOOKING LIKE THAT,3,10.0,3,3,3
train,096340023,9634,m,32,C:\Users\azizg\Desktop\pfe-d\data\clarity_datasets\speechocean762\WAVE\SPEAKER9634\096340023.WAV,WE HAVE TO DO SOMETHING WITH HIM,5,10.0,4,4,4
train,096390001,9639,m,22,C:\Users\azizg\Desktop\pfe-d\data\clarity_datasets\speechocean762\WAVE\SPEAKER9639\096390001.WAV,I WAS BACK IN THE ROOM,6,10.0,7,7,5
train,096390002,9639,m,22,C:\Users\azizg\Desktop\pfe-d\data\clarity_datasets\speechocean762\WAVE\SPEAKER9639\096390002.WAV,SHE LOOKED UP AT ME AND SMILED,6,10.0,7,7,6
train,096390003,9639,m,22,C:\Users\azizg\Desktop\pfe-d\data\clarity_datasets\speechocean762\WAVE\SPEAKER9639\096390003.WAV,HE WOULD NEVER DO THIS,4,10.0,7,7,4
train,096390004,9639,m,22,C:\Users\azizg\Desktop\pfe-d\data\clarity_datasets\speechocean762\WAVE\SPEAKER9639\096390004.WAV,WHAT COULD YOU DO WITH A GIRL,7,10.0,6,6,6
train,096390005,9639,m,22,C:\Users\azizg\Desktop\pfe-d\data\clarity_datasets\speechocean762\WAVE\SPEAKER9639\096390005.WAV,AND SHE HAD TO BE LIKE HIM,6,10.0,7,7,5
train,096390006,9639,m,22,C:\Users\azizg\Desktop\pfe-d\data\clarity_datasets\speechocean762\WAVE\SPEAKER9639\096390006.WAV,BUT HE WAS STILL THERE,4,10.0,6,6,4
train,096390007,9639,m,22,C:\Users\azizg\Desktop\pfe-d\data\clarity_datasets\speechocean762\WAVE\SPEAKER9639\096390007.WAV,YOU JUST HAVE TO MAN,8,10.0,8,8,8
train,096390008,9639,m,22,C:\Users\azizg\Desktop\pfe-d\data\clarity_datasets\speechocean762\WAVE\SPEAKER9639\096390008.WAV,I WANT TO FIND OUT WHAT THEY CAN DO,7,10.0,7,7,7
train,096390009,9639,m,22,C:\Users\azizg\Desktop\pfe-d\data\clarity_datasets\speechocean762\WAVE\SPEAKER9639\096390009.WAV,HE SAW NO NEED OF IT,7,10.0,7,7,7
train,096390010,9639,m,22,C:\Users\azizg\Desktop\pfe-d\data\clarity_datasets\speechocean762\WAVE\SPEAKER9639\096390010.WAV,THERE WAS BUT ONE THING LEFT TO DO,7,10.0,7,7,7
train,096390011,9639,m,22,C:\Users\azizg\Desktop\pfe-d\data\clarity_datasets\speechocean762\WAVE\SPEAKER9639\096390011.WAV,THEY ALL TURNED TO ME,7,10.0,6,7,6
train,096390012,9639,m,22,C:\Users\azizg\Desktop\pfe-d\data\clarity_datasets\speechocean762\WAVE\SPEAKER9639\096390012.WAV,I THINK I WANTED TO SEE HIM AGAIN,6,10.0,7,7,5
train,096390013,9639,m,22,C:\Users\azizg\Desktop\pfe-d\data\clarity_datasets\speechocean762\WAVE\SPEAKER9639\096390013.WAV,HE LOOKED TO HIS LEFT THEN TO HIS RIGHT,5,10.0,6,7,5
train,096390014,9639,m,22,C:\Users\azizg\Desktop\pfe-d\data\clarity_datasets\speechocean762\WAVE\SPEAKER9639\096390014.WAV,I HAD TO GO TO MY PLACE,8,10.0,8,8,8
train,096390015,9639,m,22,C:\Users\azizg\Desktop\pfe-d\data\clarity_datasets\speechocean762\WAVE\SPEAKER9639\096390015.WAV,IT WILL BE THE END OF THEM,8,10.0,7,7,7
train,096390016,9639,m,22,C:\Users\azizg\Desktop\pfe-d\data\clarity_datasets\speechocean762\WAVE\SPEAKER9639\096390016.WAV,THAT WAS ALL I WAS GOING TO SAY ABOUT IT,6,10.0,7,7,5
train,096390017,9639,m,22,C:\Users\azizg\Desktop\pfe-d\data\clarity_datasets\speechocean762\WAVE\SPEAKER9639\096390017.WAV,I WAS ON TO SOMETHING,7,10.0,7,7,7
train,096390018,9639,m,22,C:\Users\azizg\Desktop\pfe-d\data\clarity_datasets\speechocean762\WAVE\SPEAKER9639\096390018.WAV,SHE TURNED AROUND AND WALKED TO THE DOOR,4,10.0,7,6,4
train,096390019,9639,m,22,C:\Users\azizg\Desktop\pfe-d\data\clarity_datasets\speechocean762\WAVE\SPEAKER9639\096390019.WAV,I MADE IT JUST IN TIME,7,10.0,7,7,6
train,096390020,9639,m,22,C:\Users\azizg\Desktop\pfe-d\data\clarity_datasets\speechocean762\WAVE\SPEAKER9639\096390020.WAV,HE HAD NOTHING ELSE HE WANTED TO DO OUT HERE,3,10.0,6,6,3
train,096430002,9643,f,25,C:\Users\azizg\Desktop\pfe-d\data\clarity_datasets\speechocean762\WAVE\SPEAKER9643\096430002.WAV,SHE PRESENTED HIM WITH A ROSE,4,10.0,5,5,4
train,096430003,9643,f,25,C:\Users\azizg\Desktop\pfe-d\data\clarity_datasets\speechocean762\WAVE\SPEAKER9643\096430003.WAV,AT LAST OUR RANKS WERE BREAKING,5,10.0,5,5,5
train,096430004,9643,f,25,C:\Users\azizg\Desktop\pfe-d\data\clarity_datasets\speechocean762\WAVE\SPEAKER9643\096430004.WAV,NO SUCH LUCK GRACED HER HOWEVER,3,10.0,3,3,3
train,096430005,9643,f,25,C:\Users\azizg\Desktop\pfe-d\data\clarity_datasets\speechocean762\WAVE\SPEAKER9643\096430005.WAV,THE MACHINE MUST HAVE HELPED ME STAY AWAKE,4,10.0,3,3,3
train,096430006,9643,f,25,C:\Users\azizg\Desktop\pfe-d\data\clarity_datasets\speechocean762\WAVE\SPEAKER9643\096430006.WAV,THEY ALL JUMPED UP FROM THEIR SEATS SUDDENLY,5,10.0,3,3,4
train,096430007,9643,f,25,C:\Users\azizg\Desktop\pfe-d\data\clarity_datasets\speechocean762\WAVE\SPEAKER9643\096430007.WAV,IT'S NO PROBLEM SHE WAVED OFF,3,10.0,3,3,3
train,096430008,9643,f,25,C:\Users\azizg\Desktop\pfe-d\data\clarity_datasets\speechocean762\WAVE\SPEAKER9643\096430008.WAV,LET US BEGIN ON THOSE DEBTS,4,10.0,4,4,3
train,096430009,9643,f,25,C:\Users\azizg\Desktop\pfe-d\data\clarity_datasets\speechocean762\WAVE\SPEAKER9643\096430009.WAV,TO RESTORE YOUR LOST ENERGY,5,10.0,3,3,4
train,096430010,9643,f,25,C:\Users\azizg\Desktop\pfe-d\data\clarity_datasets\speechocean762\WAVE\SPEAKER9643\096430010.WAV,WE SHIFT BACK INTO SILENCE,3,10.0,2,2,2
train,096430011,9643,f,25,C:\Users\azizg\Desktop\pfe-d\data\clarity_datasets\speechocean762\WAVE\SPEAKER9643\096430011.WAV,HE NODDED SLOWLY AND IMPRESSIVELY,4,10.0,3,3,3
train,096430012,9643,f,25,C:\Users\azizg\Desktop\pfe-d\data\clarity_datasets\speechocean762\WAVE\SPEAKER9643\096430012.WAV,IT HAD VERY NEARLY COME,3,10.0,1,2,2
train,096430013,9643,f,25,C:\Users\azizg\Desktop\pfe-d\data\clarity_datasets\speechocean762\WAVE\SPEAKER9643\096430013.WAV,YOU KNOW THEY CAN PROBABLY DO THAT,3,10.0,2,2,2
train,096430014,9643,f,25,C:\Users\azizg\Desktop\pfe-d\data\clarity_datasets\speechocean762\WAVE\SPEAKER9643\096430014.WAV,A COOL ONE THIS GENERAL,4,10.0,1,1,3
train,096430015,9643,f,25,C:\Users\azizg\Desktop\pfe-d\data\clarity_datasets\speechocean762\WAVE\SPEAKER9643\096430015.WAV,MAYBE SOON BUT CERTAINLY NOT NOW,5,10.0,2,2,4
train,096430016,9643,f,25,C:\Users\azizg\Desktop\pfe-d\data\clarity_datasets\speechocean762\WAVE\SPEAKER9643\096430016.WAV,EVEN IF IT TAKES SEVERAL YEARS,3,10.0,2,2,2
train,096430017,9643,f,25,C:\Users\azizg\Desktop\pfe-d\data\clarity_datasets\speechocean762\WAVE\SPEAKER9643\096430017.WAV,MY BREATH COMES IN IN SHARP PAINFUL BURSTS,4,10.0,1,1,3
train,096430018,9643,f,25,C:\Users\azizg\Desktop\pfe-d\data\clarity_datasets\speechocean762\WAVE\SPEAKER9643\096430018.WAV,SO EVERYONE WOULD BE SATISFIED,5,10.0,1,1,4
train,096430019,9643,f,25,C:\Users\azizg\Desktop\pfe-d\data\clarity_datasets\speechocean762\WAVE\SPEAKER9643\096430019.WAV,THIS FLOOR LOOKED REALLY RUN DOWN,3,10.0,1,1,2
train,096430020,9643,f,25,C:\Users\azizg\Desktop\pfe-d\data\clarity_datasets\speechocean762\WAVE\SPEAKER9643\096430020.WAV,IN FACT WE FOUND THEM EXCEEDINGLY USEFUL,4,10.0,3,3,3
train,096430021,9643,f,25,C:\Users\azizg\Desktop\pfe-d\data\clarity_datasets\speechocean762\WAVE\SPEAKER9643\096430021.WAV,TAKE OUT OR HOME COOKED,5,10.0,3,3,4
train,096450001,9645,f,20,C:\Users\azizg\Desktop\pfe-d\data\clarity_datasets\speechocean762\WAVE\SPEAKER9645\096450001.WAV,WHY WAS NATURE SO CRUEL,5,10.0,6,7,5
train,096450002,9645,f,20,C:\Users\azizg\Desktop\pfe-d\data\clarity_datasets\speechocean762\WAVE\SPEAKER9645\096450002.WAV,AT THE SAME TIME THE SAME FLOWER,3,10.0,7,7,3
train,096450003,9645,f,20,C:\Users\azizg\Desktop\pfe-d\data\clarity_datasets\speechocean762\WAVE\SPEAKER9645\096450003.WAV,DO YOU THINK ANYONE ELSE IS ALIVE OUT THERE,4,10.0,5,5,4
train,096450004,9645,f,20,C:\Users\azizg\Desktop\pfe-d\data\clarity_datasets\speechocean762\WAVE\SPEAKER9645\096450004.WAV,HE NEVER SHUT HIS EYES,5,10.0,4,4,4
train,096450005,9645,f,20,C:\Users\azizg\Desktop\pfe-d\data\clarity_datasets\speechocean762\WAVE\SPEAKER9645\096450005.WAV,I AM NOT A CHILD NOR YET A FOOL,6,10.0,5,5,5
train,096450006,9645,f,20,C:\Users\azizg\Desktop\pfe-d\data\clarity_datasets\speechocean762\WAVE\SPEAKER9645\096450006.WAV,FINALLY SHE TURNED AND FACED HIM,4,10.0,5,4,4
train,096450007,9645,f,20,C:\Users\azizg\Desktop\pfe-d\data\clarity_datasets\speechocean762\WAVE\SPEAKER9645\096450007.WAV,LET US INSTALL OURSELVES IN THIS HALL,5,10.0,5,4,4
train,096450008,9645,f,20,C:\Users\azizg\Desktop\pfe-d\data\clarity_datasets\speechocean762\WAVE\SPEAKER9645\096450008.WAV,YOU ARE MY HEART NOW,7,10.0,7,6,7
train,096450010,9645,f,20,C:\Users\azizg\Desktop\pfe-d\data\clarity_datasets\speechocean762\WAVE\SPEAKER9645\096450010.WAV,IT LOOKED PEACEFUL DELICATE ALMOST JAPANESE,4,10.0,6,6,4
train,096450011,9645,f,20,C:\Users\azizg\Desktop\pfe-d\data\clarity_datasets\speechocean762\WAVE\SPEAKER9645\096450011.WAV,THE SOLDIER STARED INTO SPACE MIND RACING FURIOUSLY,5,10.0,4,4,4
train,096450012,9645,f,20,C:\Users\azizg\Desktop\pfe-d\data\clarity_datasets\speechocean762\WAVE\SPEAKER9645\096450012.WAV,BETTER THAN OTHER GIRLS THAT'S FOR SURE,6,10.0,7,6,6
train,096450013,9645,f,20,C:\Users\azizg\Desktop\pfe-d\data\clarity_datasets\speechocean762\WAVE\SPEAKER9645\096450013.WAV,AND WHEN THEY GET WHAT THEY WANT THEY WANT MORE,7,10.0,7,7,6
train,096450014,9645,f,20,C:\Users\azizg\Desktop\pfe-d\data\clarity_datasets\speechocean762\WAVE\SPEAKER9645\096450014.WAV,NOT THAT THERE'S ANYTHING WRONG WITH YOUR THING,5,10.0,5,5,5
train,096450015,9645,f,20,C:\Users\azizg\Desktop\pfe-d\data\clarity_datasets\speechocean762\WAVE\SPEAKER9645\096450015.WAV,BUT SHE'S HERE HELPING ME,6,10.0,7,7,6
train,096450016,9645,f,20,C:\Users\azizg\Desktop\pfe-d\data\clarity_datasets\speechocean762\WAVE\SPEAKER9645\096450016.WAV,DEATH ITSELF HAD COME WITHOUT PAIN,4,10.0,4,4,4
train,096450017,9645,f,20,C:\Users\azizg\Desktop\pfe-d\data\clarity_datasets\speechocean762\WAVE\SPEAKER9645\096450017.WAV,REMOVAL OR LESSENING OF EITHER,5,10.0,5,4,4
train,096450018,9645,f,20,C:\Users\azizg\Desktop\pfe-d\data\clarity_datasets\speechocean762\WAVE\SPEAKER9645\096450018.WAV,HIS FATHER CALLED DOWN BELOW,3,10.0,5,5,3
train,096450019,9645,f,20,C:\Users\azizg\Desktop\pfe-d\data\clarity_datasets\speechocean762\WAVE\SPEAKER9645\096450019.WAV,A SILLY BUSINESS ON ALL SIDES,4,10.0,5,5,4
train,096450020,9645,f,20,C:\Users\azizg\Desktop\pfe-d\data\clarity_datasets\speechocean762\WAVE\SPEAKER9645\096450020.WAV,SHE STARTED EATING BEFORE GIVING HER OPINION,5,10.0,4,4,4
train,096450021,9645,f,20,C:\Users\azizg\Desktop\pfe-d\data\clarity_datasets\speechocean762\WAVE\SPEAKER9645\096450021.WAV,FOUR FIVE SIX SEVEN EIGHT NINE,3,10.0,5,5,3
train,096490001,9649,m,20,C:\Users\azizg\Desktop\pfe-d\data\clarity_datasets\speechocean762\WAVE\SPEAKER9649\096490001.WAV,WAS I IN A HOSPITAL OR SOMETHING,6,10.0,6,6,5
train,096490002,9649,m,20,C:\Users\azizg\Desktop\pfe-d\data\clarity_datasets\speechocean762\WAVE\SPEAKER9649\096490002.WAV,HE LOOKED AROUND THE HOTEL RESTAURANT,5,10.0,4,3,4
train,096490003,9649,m,20,C:\Users\azizg\Desktop\pfe-d\data\clarity_datasets\speechocean762\WAVE\SPEAKER9649\096490003.WAV,BEST TO GIVE THEM WHAT THEY WANTED,3,10.0,4,4,3
train,096490004,9649,m,20,C:\Users\azizg\Desktop\pfe-d\data\clarity_datasets\speechocean762\WAVE\SPEAKER9649\096490004.WAV,NOTHING SHOWED THAT ANYTHING HAD OCCURRED,4,10.0,5,4,4
train,096490005,9649,m,20,C:\Users\azizg\Desktop\pfe-d\data\clarity_datasets\speechocean762\WAVE\SPEAKER9649\096490005.WAV,SHE WHISPERED ANGRY AT HER LOSS OF CONTROL,5,10.0,4,3,4
train,096490006,9649,m,20,C:\Users\azizg\Desktop\pfe-d\data\clarity_datasets\speechocean762\WAVE\SPEAKER9649\096490006.WAV,YOU CAN SLEEP HERE TONIGHT,3,10.0,6,6,3
train,096490007,9649,m,20,C:\Users\azizg\Desktop\pfe-d\data\clarity_datasets\speechocean762\WAVE\SPEAKER9649\096490007.WAV,THEY CLEARLY HAVE EVERYTHING THOUGHT THROUGH,4,10.0,4,3,3
train,096490008,9649,m,20,C:\Users\azizg\Desktop\pfe-d\data\clarity_datasets\speechocean762\WAVE\SPEAKER9649\096490008.WAV,A BROKEN LAND SITTING ON BROKEN GROUND,5,10.0,5,4,4
train,096490009,9649,m,20,C:\Users\azizg\Desktop\pfe-d\data\clarity_datasets\speechocean762\WAVE\SPEAKER9649\096490009.WAV,ONCE AGAIN HE HOPED IT WOULD LAST,3,10.0,4,4,3
train,096490010,9649,m,20,C:\Users\azizg\Desktop\pfe-d\data\clarity_datasets\speechocean762\WAVE\SPEAKER9649\096490010.WAV,NO SUCH THING AS TRUST,7,10.0,7,6,6
train,096490011,9649,m,20,C:\Users\azizg\Desktop\pfe-d\data\clarity_datasets\speechocean762\WAVE\SPEAKER9649\096490011.WAV,HER THIN WHITE FINGERS WERE GRIPPING ITS SIDES,3,10.0,1,1,3
train,096490012,9649,m,20,C:\Users\azizg\Desktop\pfe-d\data\clarity_datasets\speechocean762\WAVE\SPEAKER9649\096490012.WAV,IMAGINE TEN TIMES MORE DIRT,3,10.0,5,5,3
train,096490013,9649,m,20,C:\Users\azizg\Desktop\pfe-d\data\clarity_datasets\speechocean762\WAVE\SPEAKER9649\096490013.WAV,IN THIS MOMENT SHE IS HAPPY,6,10.0,7,6,6
train,096490014,9649,m,20,C:\Users\azizg\Desktop\pfe-d\data\clarity_datasets\speechocean762\WAVE\SPEAKER9649\096490014.WAV,WE KNOW WHERE YOU RUN,6,10.0,7,7,6
train,096490015,9649,m,20,C:\Users\azizg\Desktop\pfe-d\data\clarity_datasets\speechocean762\WAVE\SPEAKER9649\096490015.WAV,THINGS ARE MOVING ALONG SO FAST,6,10.0,6,6,5
train,096490016,9649,m,20,C:\Users\azizg\Desktop\pfe-d\data\clarity_datasets\speechocean762\WAVE\SPEAKER9649\096490016.WAV,THROUGH HEARING ONLY HIS VOICE,4,10.0,4,3,3
train,096490017,9649,m,20,C:\Users\azizg\Desktop\pfe-d\data\clarity_datasets\speechocean762\WAVE\SPEAKER9649\096490017.WAV,TWO BULLETS SHOT BUT MISSED,5,10.0,6,6,5
train,096490018,9649,m,20,C:\Users\azizg\Desktop\pfe-d\data\clarity_datasets\speechocean762\WAVE\SPEAKER9649\096490018.WAV,IT ALL ENDS TOO SOON,3,10.0,6,6,3
train,096490019,9649,m,20,C:\Users\azizg\Desktop\pfe-d\data\clarity_datasets\speechocean762\WAVE\SPEAKER9649\096490019.WAV,WHY LEAVE ME PLEASE TELL ME,5,10.0,6,5,5
train,096490020,9649,m,20,C:\Users\azizg\Desktop\pfe-d\data\clarity_datasets\speechocean762\WAVE\SPEAKER9649\096490020.WAV,IT'S NOT FIRST PERSON NOW,4,10.0,5,4,4
