path,label,label_id,dataset,speaker_id
data/emotion_datasets/ravdess/Actor_01/03-01-01-01-01-01-01.wav,neutral_calm,0,ravdess,01
data/emotion_datasets/ravdess/Actor_01/03-01-01-01-01-02-01.wav,neutral_calm,0,ravdess,01
data/emotion_datasets/ravdess/Actor_01/03-01-01-01-02-01-01.wav,neutral_calm,0,ravdess,01
data/emotion_datasets/ravdess/Actor_01/03-01-01-01-02-02-01.wav,neutral_calm,0,ravdess,01
data/emotion_datasets/ravdess/Actor_01/03-01-02-01-01-01-01.wav,neutral_calm,0,ravdess,01
data/emotion_datasets/ravdess/Actor_01/03-01-02-01-01-02-01.wav,neutral_calm,0,ravdess,01
data/emotion_datasets/ravdess/Actor_01/03-01-02-01-02-01-01.wav,neutral_calm,0,ravdess,01
data/emotion_datasets/ravdess/Actor_01/03-01-02-01-02-02-01.wav,neutral_calm,0,ravdess,01
data/emotion_datasets/ravdess/Actor_01/03-01-02-02-01-01-01.wav,neutral_calm,0,ravdess,01
data/emotion_datasets/ravdess/Actor_01/03-01-02-02-01-02-01.wav,neutral_calm,0,ravdess,01
data/emotion_datasets/ravdess/Actor_01/03-01-02-02-02-01-01.wav,neutral_calm,0,ravdess,01
data/emotion_datasets/ravdess/Actor_01/03-01-02-02-02-02-01.wav,neutral_calm,0,ravdess,01
data/emotion_datasets/ravdess/Actor_01/03-01-03-01-01-01-01.wav,energetic_engaged,1,ravdess,01
data/emotion_datasets/ravdess/Actor_01/03-01-03-01-01-02-01.wav,energetic_engaged,1,ravdess,01
data/emotion_datasets/ravdess/Actor_01/03-01-03-01-02-01-01.wav,energetic_engaged,1,ravdess,01
data/emotion_datasets/ravdess/Actor_01/03-01-03-01-02-02-01.wav,energetic_engaged,1,ravdess,01
data/emotion_datasets/ravdess/Actor_01/03-01-03-02-01-01-01.wav,energetic_engaged,1,ravdess,01
data/emotion_datasets/ravdess/Actor_01/03-01-03-02-01-02-01.wav,energetic_engaged,1,ravdess,01
data/emotion_datasets/ravdess/Actor_01/03-01-03-02-02-01-01.wav,energetic_engaged,1,ravdess,01
data/emotion_datasets/ravdess/Actor_01/03-01-03-02-02-02-01.wav,energetic_engaged,1,ravdess,01
data/emotion_datasets/ravdess/Actor_01/03-01-04-01-01-01-01.wav,low_energy,2,ravdess,01
data/emotion_datasets/ravdess/Actor_01/03-01-04-01-01-02-01.wav,low_energy,2,ravdess,01
data/emotion_datasets/ravdess/Actor_01/03-01-04-01-02-01-01.wav,low_energy,2,ravdess,01
data/emotion_datasets/ravdess/Actor_01/03-01-04-01-02-02-01.wav,low_energy,2,ravdess,01
data/emotion_datasets/ravdess/Actor_01/03-01-04-02-01-01-01.wav,low_energy,2,ravdess,01
data/emotion_datasets/ravdess/Actor_01/03-01-04-02-01-02-01.wav,low_energy,2,ravdess,01
data/emotion_datasets/ravdess/Actor_01/03-01-04-02-02-01-01.wav,low_energy,2,ravdess,01
data/emotion_datasets/ravdess/Actor_01/03-01-04-02-02-02-01.wav,low_energy,2,ravdess,01
data/emotion_datasets/ravdess/Actor_01/03-01-05-01-01-01-01.wav,tense_stressed,3,ravdess,01
data/emotion_datasets/ravdess/Actor_01/03-01-05-01-01-02-01.wav,tense_stressed,3,ravdess,01
data/emotion_datasets/ravdess/Actor_01/03-01-05-01-02-01-01.wav,tense_stressed,3,ravdess,01
data/emotion_datasets/ravdess/Actor_01/03-01-05-01-02-02-01.wav,tense_stressed,3,ravdess,01
data/emotion_datasets/ravdess/Actor_01/03-01-05-02-01-01-01.wav,tense_stressed,3,ravdess,01
data/emotion_datasets/ravdess/Actor_01/03-01-05-02-01-02-01.wav,tense_stressed,3,ravdess,01
data/emotion_datasets/ravdess/Actor_01/03-01-05-02-02-01-01.wav,tense_stressed,3,ravdess,01
data/emotion_datasets/ravdess/Actor_01/03-01-05-02-02-02-01.wav,tense_stressed,3,ravdess,01
data/emotion_datasets/ravdess/Actor_01/03-01-06-01-01-01-01.wav,tense_stressed,3,ravdess,01
data/emotion_datasets/ravdess/Actor_01/03-01-06-01-01-02-01.wav,tense_stressed,3,ravdess,01
data/emotion_datasets/ravdess/Actor_01/03-01-06-01-02-01-01.wav,tense_stressed,3,ravdess,01
data/emotion_datasets/ravdess/Actor_01/03-01-06-01-02-02-01.wav,tense_stressed,3,ravdess,01
data/emotion_datasets/ravdess/Actor_01/03-01-06-02-01-01-01.wav,tense_stressed,3,ravdess,01
data/emotion_datasets/ravdess/Actor_01/03-01-06-02-01-02-01.wav,tense_stressed,3,ravdess,01
data/emotion_datasets/ravdess/Actor_01/03-01-06-02-02-01-01.wav,tense_stressed,3,ravdess,01
data/emotion_datasets/ravdess/Actor_01/03-01-06-02-02-02-01.wav,tense_stressed,3,ravdess,01
data/emotion_datasets/ravdess/Actor_01/03-01-07-01-01-01-01.wav,tense_stressed,3,ravdess,01
data/emotion_datasets/ravdess/Actor_01/03-01-07-01-01-02-01.wav,tense_stressed,3,ravdess,01
data/emotion_datasets/ravdess/Actor_01/03-01-07-01-02-01-01.wav,tense_stressed,3,ravdess,01
data/emotion_datasets/ravdess/Actor_01/03-01-07-01-02-02-01.wav,tense_stressed,3,ravdess,01
data/emotion_datasets/ravdess/Actor_01/03-01-07-02-01-01-01.wav,tense_stressed,3,ravdess,01
data/emotion_datasets/ravdess/Actor_01/03-01-07-02-01-02-01.wav,tense_stressed,3,ravdess,01
data/emotion_datasets/ravdess/Actor_01/03-01-07-02-02-01-01.wav,tense_stressed,3,ravdess,01
data/emotion_datasets/ravdess/Actor_01/03-01-07-02-02-02-01.wav,tense_stressed,3,ravdess,01
data/emotion_datasets/ravdess/Actor_01/03-01-08-01-01-01-01.wav,energetic_engaged,1,ravdess,01
data/emotion_datasets/ravdess/Actor_01/03-01-08-01-01-02-01.wav,energetic_engaged,1,ravdess,01
data/emotion_datasets/ravdess/Actor_01/03-01-08-01-02-01-01.wav,energetic_engaged,1,ravdess,01
data/emotion_datasets/ravdess/Actor_01/03-01-08-01-02-02-01.wav,energetic_engaged,1,ravdess,01
data/emotion_datasets/ravdess/Actor_01/03-01-08-02-01-01-01.wav,energetic_engaged,1,ravdess,01
data/emotion_datasets/ravdess/Actor_01/03-01-08-02-01-02-01.wav,energetic_engaged,1,ravdess,01
data/emotion_datasets/ravdess/Actor_01/03-01-08-02-02-01-01.wav,energetic_engaged,1,ravdess,01
data/emotion_datasets/ravdess/Actor_01/03-01-08-02-02-02-01.wav,energetic_engaged,1,ravdess,01
data/emotion_datasets/ravdess/Actor_02/03-01-01-01-01-01-02.wav,neutral_calm,0,ravdess,02
data/emotion_datasets/ravdess/Actor_02/03-01-01-01-01-02-02.wav,neutral_calm,0,ravdess,02
data/emotion_datasets/ravdess/Actor_02/03-01-01-01-02-01-02.wav,neutral_calm,0,ravdess,02
data/emotion_datasets/ravdess/Actor_02/03-01-01-01-02-02-02.wav,neutral_calm,0,ravdess,02
data/emotion_datasets/ravdess/Actor_02/03-01-02-01-01-01-02.wav,neutral_calm,0,ravdess,02
data/emotion_datasets/ravdess/Actor_02/03-01-02-01-01-02-02.wav,neutral_calm,0,ravdess,02
data/emotion_datasets/ravdess/Actor_02/03-01-02-01-02-01-02.wav,neutral_calm,0,ravdess,02
data/emotion_datasets/ravdess/Actor_02/03-01-02-01-02-02-02.wav,neutral_calm,0,ravdess,02
data/emotion_datasets/ravdess/Actor_02/03-01-02-02-01-01-02.wav,neutral_calm,0,ravdess,02
data/emotion_datasets/ravdess/Actor_02/03-01-02-02-01-02-02.wav,neutral_calm,0,ravdess,02
data/emotion_datasets/ravdess/Actor_02/03-01-02-02-02-01-02.wav,neutral_calm,0,ravdess,02
data/emotion_datasets/ravdess/Actor_02/03-01-02-02-02-02-02.wav,neutral_calm,0,ravdess,02
data/emotion_datasets/ravdess/Actor_02/03-01-03-01-01-01-02.wav,energetic_engaged,1,ravdess,02
data/emotion_datasets/ravdess/Actor_02/03-01-03-01-01-02-02.wav,energetic_engaged,1,ravdess,02
data/emotion_datasets/ravdess/Actor_02/03-01-03-01-02-01-02.wav,energetic_engaged,1,ravdess,02
data/emotion_datasets/ravdess/Actor_02/03-01-03-01-02-02-02.wav,energetic_engaged,1,ravdess,02
data/emotion_datasets/ravdess/Actor_02/03-01-03-02-01-01-02.wav,energetic_engaged,1,ravdess,02
data/emotion_datasets/ravdess/Actor_02/03-01-03-02-01-02-02.wav,energetic_engaged,1,ravdess,02
data/emotion_datasets/ravdess/Actor_02/03-01-03-02-02-01-02.wav,energetic_engaged,1,ravdess,02
data/emotion_datasets/ravdess/Actor_02/03-01-03-02-02-02-02.wav,energetic_engaged,1,ravdess,02
data/emotion_datasets/ravdess/Actor_02/03-01-04-01-01-01-02.wav,low_energy,2,ravdess,02
data/emotion_datasets/ravdess/Actor_02/03-01-04-01-01-02-02.wav,low_energy,2,ravdess,02
data/emotion_datasets/ravdess/Actor_02/03-01-04-01-02-01-02.wav,low_energy,2,ravdess,02
data/emotion_datasets/ravdess/Actor_02/03-01-04-01-02-02-02.wav,low_energy,2,ravdess,02
data/emotion_datasets/ravdess/Actor_02/03-01-04-02-01-01-02.wav,low_energy,2,ravdess,02
data/emotion_datasets/ravdess/Actor_02/03-01-04-02-01-02-02.wav,low_energy,2,ravdess,02
data/emotion_datasets/ravdess/Actor_02/03-01-04-02-02-01-02.wav,low_energy,2,ravdess,02
data/emotion_datasets/ravdess/Actor_02/03-01-04-02-02-02-02.wav,low_energy,2,ravdess,02
data/emotion_datasets/ravdess/Actor_02/03-01-05-01-01-01-02.wav,tense_stressed,3,ravdess,02
data/emotion_datasets/ravdess/Actor_02/03-01-05-01-01-02-02.wav,tense_stressed,3,ravdess,02
data/emotion_datasets/ravdess/Actor_02/03-01-05-01-02-01-02.wav,tense_stressed,3,ravdess,02
data/emotion_datasets/ravdess/Actor_02/03-01-05-01-02-02-02.wav,tense_stressed,3,ravdess,02
data/emotion_datasets/ravdess/Actor_02/03-01-05-02-01-01-02.wav,tense_stressed,3,ravdess,02
data/emotion_datasets/ravdess/Actor_02/03-01-05-02-01-02-02.wav,tense_stressed,3,ravdess,02
data/emotion_datasets/ravdess/Actor_02/03-01-05-02-02-01-02.wav,tense_stressed,3,ravdess,02
data/emotion_datasets/ravdess/Actor_02/03-01-05-02-02-02-02.wav,tense_stressed,3,ravdess,02
data/emotion_datasets/ravdess/Actor_02/03-01-06-01-01-01-02.wav,tense_stressed,3,ravdess,02
data/emotion_datasets/ravdess/Actor_02/03-01-06-01-01-02-02.wav,tense_stressed,3,ravdess,02
data/emotion_datasets/ravdess/Actor_02/03-01-06-01-02-01-02.wav,tense_stressed,3,ravdess,02
data/emotion_datasets/ravdess/Actor_02/03-01-06-01-02-02-02.wav,tense_stressed,3,ravdess,02
data/emotion_datasets/ravdess/Actor_02/03-01-06-02-01-01-02.wav,tense_stressed,3,ravdess,02
data/emotion_datasets/ravdess/Actor_02/03-01-06-02-01-02-02.wav,tense_stressed,3,ravdess,02
data/emotion_datasets/ravdess/Actor_02/03-01-06-02-02-01-02.wav,tense_stressed,3,ravdess,02
data/emotion_datasets/ravdess/Actor_02/03-01-06-02-02-02-02.wav,tense_stressed,3,ravdess,02
data/emotion_datasets/ravdess/Actor_02/03-01-07-01-01-01-02.wav,tense_stressed,3,ravdess,02
data/emotion_datasets/ravdess/Actor_02/03-01-07-01-01-02-02.wav,tense_stressed,3,ravdess,02
data/emotion_datasets/ravdess/Actor_02/03-01-07-01-02-01-02.wav,tense_stressed,3,ravdess,02
data/emotion_datasets/ravdess/Actor_02/03-01-07-01-02-02-02.wav,tense_stressed,3,ravdess,02
data/emotion_datasets/ravdess/Actor_02/03-01-07-02-01-01-02.wav,tense_stressed,3,ravdess,02
data/emotion_datasets/ravdess/Actor_02/03-01-07-02-01-02-02.wav,tense_stressed,3,ravdess,02
data/emotion_datasets/ravdess/Actor_02/03-01-07-02-02-01-02.wav,tense_stressed,3,ravdess,02
data/emotion_datasets/ravdess/Actor_02/03-01-07-02-02-02-02.wav,tense_stressed,3,ravdess,02
data/emotion_datasets/ravdess/Actor_02/03-01-08-01-01-01-02.wav,energetic_engaged,1,ravdess,02
data/emotion_datasets/ravdess/Actor_02/03-01-08-01-01-02-02.wav,energetic_engaged,1,ravdess,02
data/emotion_datasets/ravdess/Actor_02/03-01-08-01-02-01-02.wav,energetic_engaged,1,ravdess,02
data/emotion_datasets/ravdess/Actor_02/03-01-08-01-02-02-02.wav,energetic_engaged,1,ravdess,02
data/emotion_datasets/ravdess/Actor_02/03-01-08-02-01-01-02.wav,energetic_engaged,1,ravdess,02
data/emotion_datasets/ravdess/Actor_02/03-01-08-02-01-02-02.wav,energetic_engaged,1,ravdess,02
data/emotion_datasets/ravdess/Actor_02/03-01-08-02-02-01-02.wav,energetic_engaged,1,ravdess,02
data/emotion_datasets/ravdess/Actor_02/03-01-08-02-02-02-02.wav,energetic_engaged,1,ravdess,02
data/emotion_datasets/ravdess/Actor_03/03-01-01-01-01-01-03.wav,neutral_calm,0,ravdess,03
data/emotion_datasets/ravdess/Actor_03/03-01-01-01-01-02-03.wav,neutral_calm,0,ravdess,03
data/emotion_datasets/ravdess/Actor_03/03-01-01-01-02-01-03.wav,neutral_calm,0,ravdess,03
data/emotion_datasets/ravdess/Actor_03/03-01-01-01-02-02-03.wav,neutral_calm,0,ravdess,03
data/emotion_datasets/ravdess/Actor_03/03-01-02-01-01-01-03.wav,neutral_calm,0,ravdess,03
data/emotion_datasets/ravdess/Actor_03/03-01-02-01-01-02-03.wav,neutral_calm,0,ravdess,03
data/emotion_datasets/ravdess/Actor_03/03-01-02-01-02-01-03.wav,neutral_calm,0,ravdess,03
data/emotion_datasets/ravdess/Actor_03/03-01-02-01-02-02-03.wav,neutral_calm,0,ravdess,03
data/emotion_datasets/ravdess/Actor_03/03-01-02-02-01-01-03.wav,neutral_calm,0,ravdess,03
data/emotion_datasets/ravdess/Actor_03/03-01-02-02-01-02-03.wav,neutral_calm,0,ravdess,03
data/emotion_datasets/ravdess/Actor_03/03-01-02-02-02-01-03.wav,neutral_calm,0,ravdess,03
data/emotion_datasets/ravdess/Actor_03/03-01-02-02-02-02-03.wav,neutral_calm,0,ravdess,03
data/emotion_datasets/ravdess/Actor_03/03-01-03-01-01-01-03.wav,energetic_engaged,1,ravdess,03
data/emotion_datasets/ravdess/Actor_03/03-01-03-01-01-02-03.wav,energetic_engaged,1,ravdess,03
data/emotion_datasets/ravdess/Actor_03/03-01-03-01-02-01-03.wav,energetic_engaged,1,ravdess,03
data/emotion_datasets/ravdess/Actor_03/03-01-03-01-02-02-03.wav,energetic_engaged,1,ravdess,03
data/emotion_datasets/ravdess/Actor_03/03-01-03-02-01-01-03.wav,energetic_engaged,1,ravdess,03
data/emotion_datasets/ravdess/Actor_03/03-01-03-02-01-02-03.wav,energetic_engaged,1,ravdess,03
data/emotion_datasets/ravdess/Actor_03/03-01-03-02-02-01-03.wav,energetic_engaged,1,ravdess,03
data/emotion_datasets/ravdess/Actor_03/03-01-03-02-02-02-03.wav,energetic_engaged,1,ravdess,03
data/emotion_datasets/ravdess/Actor_03/03-01-04-01-01-01-03.wav,low_energy,2,ravdess,03
data/emotion_datasets/ravdess/Actor_03/03-01-04-01-01-02-03.wav,low_energy,2,ravdess,03
data/emotion_datasets/ravdess/Actor_03/03-01-04-01-02-01-03.wav,low_energy,2,ravdess,03
data/emotion_datasets/ravdess/Actor_03/03-01-04-01-02-02-03.wav,low_energy,2,ravdess,03
data/emotion_datasets/ravdess/Actor_03/03-01-04-02-01-01-03.wav,low_energy,2,ravdess,03
data/emotion_datasets/ravdess/Actor_03/03-01-04-02-01-02-03.wav,low_energy,2,ravdess,03
data/emotion_datasets/ravdess/Actor_03/03-01-04-02-02-01-03.wav,low_energy,2,ravdess,03
data/emotion_datasets/ravdess/Actor_03/03-01-04-02-02-02-03.wav,low_energy,2,ravdess,03
data/emotion_datasets/ravdess/Actor_03/03-01-05-01-01-01-03.wav,tense_stressed,3,ravdess,03
data/emotion_datasets/ravdess/Actor_03/03-01-05-01-01-02-03.wav,tense_stressed,3,ravdess,03
data/emotion_datasets/ravdess/Actor_03/03-01-05-01-02-01-03.wav,tense_stressed,3,ravdess,03
data/emotion_datasets/ravdess/Actor_03/03-01-05-01-02-02-03.wav,tense_stressed,3,ravdess,03
data/emotion_datasets/ravdess/Actor_03/03-01-05-02-01-01-03.wav,tense_stressed,3,ravdess,03
data/emotion_datasets/ravdess/Actor_03/03-01-05-02-01-02-03.wav,tense_stressed,3,ravdess,03
data/emotion_datasets/ravdess/Actor_03/03-01-05-02-02-01-03.wav,tense_stressed,3,ravdess,03
data/emotion_datasets/ravdess/Actor_03/03-01-05-02-02-02-03.wav,tense_stressed,3,ravdess,03
data/emotion_datasets/ravdess/Actor_03/03-01-06-01-01-01-03.wav,tense_stressed,3,ravdess,03
data/emotion_datasets/ravdess/Actor_03/03-01-06-01-01-02-03.wav,tense_stressed,3,ravdess,03
data/emotion_datasets/ravdess/Actor_03/03-01-06-01-02-01-03.wav,tense_stressed,3,ravdess,03
data/emotion_datasets/ravdess/Actor_03/03-01-06-01-02-02-03.wav,tense_stressed,3,ravdess,03
data/emotion_datasets/ravdess/Actor_03/03-01-06-02-01-01-03.wav,tense_stressed,3,ravdess,03
data/emotion_datasets/ravdess/Actor_03/03-01-06-02-01-02-03.wav,tense_stressed,3,ravdess,03
data/emotion_datasets/ravdess/Actor_03/03-01-06-02-02-01-03.wav,tense_stressed,3,ravdess,03
data/emotion_datasets/ravdess/Actor_03/03-01-06-02-02-02-03.wav,tense_stressed,3,ravdess,03
data/emotion_datasets/ravdess/Actor_03/03-01-07-01-01-01-03.wav,tense_stressed,3,ravdess,03
data/emotion_datasets/ravdess/Actor_03/03-01-07-01-01-02-03.wav,tense_stressed,3,ravdess,03
data/emotion_datasets/ravdess/Actor_03/03-01-07-01-02-01-03.wav,tense_stressed,3,ravdess,03
data/emotion_datasets/ravdess/Actor_03/03-01-07-01-02-02-03.wav,tense_stressed,3,ravdess,03
data/emotion_datasets/ravdess/Actor_03/03-01-07-02-01-01-03.wav,tense_stressed,3,ravdess,03
data/emotion_datasets/ravdess/Actor_03/03-01-07-02-01-02-03.wav,tense_stressed,3,ravdess,03
data/emotion_datasets/ravdess/Actor_03/03-01-07-02-02-01-03.wav,tense_stressed,3,ravdess,03
data/emotion_datasets/ravdess/Actor_03/03-01-07-02-02-02-03.wav,tense_stressed,3,ravdess,03
data/emotion_datasets/ravdess/Actor_03/03-01-08-01-01-01-03.wav,energetic_engaged,1,ravdess,03
data/emotion_datasets/ravdess/Actor_03/03-01-08-01-01-02-03.wav,energetic_engaged,1,ravdess,03
data/emotion_datasets/ravdess/Actor_03/03-01-08-01-02-01-03.wav,energetic_engaged,1,ravdess,03
data/emotion_datasets/ravdess/Actor_03/03-01-08-01-02-02-03.wav,energetic_engaged,1,ravdess,03
data/emotion_datasets/ravdess/Actor_03/03-01-08-02-01-01-03.wav,energetic_engaged,1,ravdess,03
data/emotion_datasets/ravdess/Actor_03/03-01-08-02-01-02-03.wav,energetic_engaged,1,ravdess,03
data/emotion_datasets/ravdess/Actor_03/03-01-08-02-02-01-03.wav,energetic_engaged,1,ravdess,03
data/emotion_datasets/ravdess/Actor_03/03-01-08-02-02-02-03.wav,energetic_engaged,1,ravdess,03
data/emotion_datasets/ravdess/Actor_04/03-01-01-01-01-01-04.wav,neutral_calm,0,ravdess,04
data/emotion_datasets/ravdess/Actor_04/03-01-01-01-01-02-04.wav,neutral_calm,0,ravdess,04
data/emotion_datasets/ravdess/Actor_04/03-01-01-01-02-01-04.wav,neutral_calm,0,ravdess,04
data/emotion_datasets/ravdess/Actor_04/03-01-01-01-02-02-04.wav,neutral_calm,0,ravdess,04
data/emotion_datasets/ravdess/Actor_04/03-01-02-01-01-01-04.wav,neutral_calm,0,ravdess,04
data/emotion_datasets/ravdess/Actor_04/03-01-02-01-01-02-04.wav,neutral_calm,0,ravdess,04
data/emotion_datasets/ravdess/Actor_04/03-01-02-01-02-01-04.wav,neutral_calm,0,ravdess,04
data/emotion_datasets/ravdess/Actor_04/03-01-02-01-02-02-04.wav,neutral_calm,0,ravdess,04
data/emotion_datasets/ravdess/Actor_04/03-01-02-02-01-01-04.wav,neutral_calm,0,ravdess,04
data/emotion_datasets/ravdess/Actor_04/03-01-02-02-01-02-04.wav,neutral_calm,0,ravdess,04
data/emotion_datasets/ravdess/Actor_04/03-01-02-02-02-01-04.wav,neutral_calm,0,ravdess,04
data/emotion_datasets/ravdess/Actor_04/03-01-02-02-02-02-04.wav,neutral_calm,0,ravdess,04
data/emotion_datasets/ravdess/Actor_04/03-01-03-01-01-01-04.wav,energetic_engaged,1,ravdess,04
data/emotion_datasets/ravdess/Actor_04/03-01-03-01-01-02-04.wav,energetic_engaged,1,ravdess,04
data/emotion_datasets/ravdess/Actor_04/03-01-03-01-02-01-04.wav,energetic_engaged,1,ravdess,04
data/emotion_datasets/ravdess/Actor_04/03-01-03-01-02-02-04.wav,energetic_engaged,1,ravdess,04
data/emotion_datasets/ravdess/Actor_04/03-01-03-02-01-01-04.wav,energetic_engaged,1,ravdess,04
data/emotion_datasets/ravdess/Actor_04/03-01-03-02-01-02-04.wav,energetic_engaged,1,ravdess,04
data/emotion_datasets/ravdess/Actor_04/03-01-03-02-02-01-04.wav,energetic_engaged,1,ravdess,04
data/emotion_datasets/ravdess/Actor_04/03-01-03-02-02-02-04.wav,energetic_engaged,1,ravdess,04
data/emotion_datasets/ravdess/Actor_04/03-01-04-01-01-01-04.wav,low_energy,2,ravdess,04
data/emotion_datasets/ravdess/Actor_04/03-01-04-01-01-02-04.wav,low_energy,2,ravdess,04
data/emotion_datasets/ravdess/Actor_04/03-01-04-01-02-01-04.wav,low_energy,2,ravdess,04
data/emotion_datasets/ravdess/Actor_04/03-01-04-01-02-02-04.wav,low_energy,2,ravdess,04
data/emotion_datasets/ravdess/Actor_04/03-01-04-02-01-01-04.wav,low_energy,2,ravdess,04
data/emotion_datasets/ravdess/Actor_04/03-01-04-02-01-02-04.wav,low_energy,2,ravdess,04
data/emotion_datasets/ravdess/Actor_04/03-01-04-02-02-01-04.wav,low_energy,2,ravdess,04
data/emotion_datasets/ravdess/Actor_04/03-01-04-02-02-02-04.wav,low_energy,2,ravdess,04
data/emotion_datasets/ravdess/Actor_04/03-01-05-01-01-01-04.wav,tense_stressed,3,ravdess,04
data/emotion_datasets/ravdess/Actor_04/03-01-05-01-01-02-04.wav,tense_stressed,3,ravdess,04
data/emotion_datasets/ravdess/Actor_04/03-01-05-01-02-01-04.wav,tense_stressed,3,ravdess,04
data/emotion_datasets/ravdess/Actor_04/03-01-05-01-02-02-04.wav,tense_stressed,3,ravdess,04
data/emotion_datasets/ravdess/Actor_04/03-01-05-02-01-01-04.wav,tense_stressed,3,ravdess,04
data/emotion_datasets/ravdess/Actor_04/03-01-05-02-01-02-04.wav,tense_stressed,3,ravdess,04
data/emotion_datasets/ravdess/Actor_04/03-01-05-02-02-01-04.wav,tense_stressed,3,ravdess,04
data/emotion_datasets/ravdess/Actor_04/03-01-05-02-02-02-04.wav,tense_stressed,3,ravdess,04
data/emotion_datasets/ravdess/Actor_04/03-01-06-01-01-01-04.wav,tense_stressed,3,ravdess,04
data/emotion_datasets/ravdess/Actor_04/03-01-06-01-01-02-04.wav,tense_stressed,3,ravdess,04
data/emotion_datasets/ravdess/Actor_04/03-01-06-01-02-01-04.wav,tense_stressed,3,ravdess,04
data/emotion_datasets/ravdess/Actor_04/03-01-06-01-02-02-04.wav,tense_stressed,3,ravdess,04
data/emotion_datasets/ravdess/Actor_04/03-01-06-02-01-01-04.wav,tense_stressed,3,ravdess,04
data/emotion_datasets/ravdess/Actor_04/03-01-06-02-01-02-04.wav,tense_stressed,3,ravdess,04
data/emotion_datasets/ravdess/Actor_04/03-01-06-02-02-01-04.wav,tense_stressed,3,ravdess,04
data/emotion_datasets/ravdess/Actor_04/03-01-06-02-02-02-04.wav,tense_stressed,3,ravdess,04
data/emotion_datasets/ravdess/Actor_04/03-01-07-01-01-01-04.wav,tense_stressed,3,ravdess,04
data/emotion_datasets/ravdess/Actor_04/03-01-07-01-01-02-04.wav,tense_stressed,3,ravdess,04
data/emotion_datasets/ravdess/Actor_04/03-01-07-01-02-01-04.wav,tense_stressed,3,ravdess,04
data/emotion_datasets/ravdess/Actor_04/03-01-07-01-02-02-04.wav,tense_stressed,3,ravdess,04
data/emotion_datasets/ravdess/Actor_04/03-01-07-02-01-01-04.wav,tense_stressed,3,ravdess,04
data/emotion_datasets/ravdess/Actor_04/03-01-07-02-01-02-04.wav,tense_stressed,3,ravdess,04
data/emotion_datasets/ravdess/Actor_04/03-01-07-02-02-01-04.wav,tense_stressed,3,ravdess,04
data/emotion_datasets/ravdess/Actor_04/03-01-07-02-02-02-04.wav,tense_stressed,3,ravdess,04
data/emotion_datasets/ravdess/Actor_04/03-01-08-01-01-01-04.wav,energetic_engaged,1,ravdess,04
data/emotion_datasets/ravdess/Actor_04/03-01-08-01-01-02-04.wav,energetic_engaged,1,ravdess,04
data/emotion_datasets/ravdess/Actor_04/03-01-08-01-02-01-04.wav,energetic_engaged,1,ravdess,04
data/emotion_datasets/ravdess/Actor_04/03-01-08-01-02-02-04.wav,energetic_engaged,1,ravdess,04
data/emotion_datasets/ravdess/Actor_04/03-01-08-02-01-01-04.wav,energetic_engaged,1,ravdess,04
data/emotion_datasets/ravdess/Actor_04/03-01-08-02-01-02-04.wav,energetic_engaged,1,ravdess,04
data/emotion_datasets/ravdess/Actor_04/03-01-08-02-02-01-04.wav,energetic_engaged,1,ravdess,04
data/emotion_datasets/ravdess/Actor_04/03-01-08-02-02-02-04.wav,energetic_engaged,1,ravdess,04
data/emotion_datasets/ravdess/Actor_05/03-01-01-01-01-01-05.wav,neutral_calm,0,ravdess,05
data/emotion_datasets/ravdess/Actor_05/03-01-01-01-01-02-05.wav,neutral_calm,0,ravdess,05
data/emotion_datasets/ravdess/Actor_05/03-01-01-01-02-01-05.wav,neutral_calm,0,ravdess,05
data/emotion_datasets/ravdess/Actor_05/03-01-01-01-02-02-05.wav,neutral_calm,0,ravdess,05
data/emotion_datasets/ravdess/Actor_05/03-01-02-01-01-01-05.wav,neutral_calm,0,ravdess,05
data/emotion_datasets/ravdess/Actor_05/03-01-02-01-01-02-05.wav,neutral_calm,0,ravdess,05
data/emotion_datasets/ravdess/Actor_05/03-01-02-01-02-01-05.wav,neutral_calm,0,ravdess,05
data/emotion_datasets/ravdess/Actor_05/03-01-02-01-02-02-05.wav,neutral_calm,0,ravdess,05
data/emotion_datasets/ravdess/Actor_05/03-01-02-02-01-01-05.wav,neutral_calm,0,ravdess,05
data/emotion_datasets/ravdess/Actor_05/03-01-02-02-01-02-05.wav,neutral_calm,0,ravdess,05
data/emotion_datasets/ravdess/Actor_05/03-01-02-02-02-01-05.wav,neutral_calm,0,ravdess,05
data/emotion_datasets/ravdess/Actor_05/03-01-02-02-02-02-05.wav,neutral_calm,0,ravdess,05
data/emotion_datasets/ravdess/Actor_05/03-01-03-01-01-01-05.wav,energetic_engaged,1,ravdess,05
data/emotion_datasets/ravdess/Actor_05/03-01-03-01-01-02-05.wav,energetic_engaged,1,ravdess,05
data/emotion_datasets/ravdess/Actor_05/03-01-03-01-02-01-05.wav,energetic_engaged,1,ravdess,05
data/emotion_datasets/ravdess/Actor_05/03-01-03-01-02-02-05.wav,energetic_engaged,1,ravdess,05
data/emotion_datasets/ravdess/Actor_05/03-01-03-02-01-01-05.wav,energetic_engaged,1,ravdess,05
data/emotion_datasets/ravdess/Actor_05/03-01-03-02-01-02-05.wav,energetic_engaged,1,ravdess,05
data/emotion_datasets/ravdess/Actor_05/03-01-03-02-02-01-05.wav,energetic_engaged,1,ravdess,05
data/emotion_datasets/ravdess/Actor_05/03-01-03-02-02-02-05.wav,energetic_engaged,1,ravdess,05
data/emotion_datasets/ravdess/Actor_05/03-01-04-01-01-01-05.wav,low_energy,2,ravdess,05
data/emotion_datasets/ravdess/Actor_05/03-01-04-01-01-02-05.wav,low_energy,2,ravdess,05
data/emotion_datasets/ravdess/Actor_05/03-01-04-01-02-01-05.wav,low_energy,2,ravdess,05
data/emotion_datasets/ravdess/Actor_05/03-01-04-01-02-02-05.wav,low_energy,2,ravdess,05
data/emotion_datasets/ravdess/Actor_05/03-01-04-02-01-01-05.wav,low_energy,2,ravdess,05
data/emotion_datasets/ravdess/Actor_05/03-01-04-02-01-02-05.wav,low_energy,2,ravdess,05
data/emotion_datasets/ravdess/Actor_05/03-01-04-02-02-01-05.wav,low_energy,2,ravdess,05
data/emotion_datasets/ravdess/Actor_05/03-01-04-02-02-02-05.wav,low_energy,2,ravdess,05
data/emotion_datasets/ravdess/Actor_05/03-01-05-01-01-01-05.wav,tense_stressed,3,ravdess,05
data/emotion_datasets/ravdess/Actor_05/03-01-05-01-01-02-05.wav,tense_stressed,3,ravdess,05
data/emotion_datasets/ravdess/Actor_05/03-01-05-01-02-01-05.wav,tense_stressed,3,ravdess,05
data/emotion_datasets/ravdess/Actor_05/03-01-05-01-02-02-05.wav,tense_stressed,3,ravdess,05
data/emotion_datasets/ravdess/Actor_05/03-01-05-02-01-01-05.wav,tense_stressed,3,ravdess,05
data/emotion_datasets/ravdess/Actor_05/03-01-05-02-01-02-05.wav,tense_stressed,3,ravdess,05
data/emotion_datasets/ravdess/Actor_05/03-01-05-02-02-01-05.wav,tense_stressed,3,ravdess,05
data/emotion_datasets/ravdess/Actor_05/03-01-05-02-02-02-05.wav,tense_stressed,3,ravdess,05
data/emotion_datasets/ravdess/Actor_05/03-01-06-01-01-01-05.wav,tense_stressed,3,ravdess,05
data/emotion_datasets/ravdess/Actor_05/03-01-06-01-01-02-05.wav,tense_stressed,3,ravdess,05
data/emotion_datasets/ravdess/Actor_05/03-01-06-01-02-01-05.wav,tense_stressed,3,ravdess,05
data/emotion_datasets/ravdess/Actor_05/03-01-06-01-02-02-05.wav,tense_stressed,3,ravdess,05
data/emotion_datasets/ravdess/Actor_05/03-01-06-02-01-01-05.wav,tense_stressed,3,ravdess,05
data/emotion_datasets/ravdess/Actor_05/03-01-06-02-01-02-05.wav,tense_stressed,3,ravdess,05
data/emotion_datasets/ravdess/Actor_05/03-01-06-02-02-01-05.wav,tense_stressed,3,ravdess,05
data/emotion_datasets/ravdess/Actor_05/03-01-06-02-02-02-05.wav,tense_stressed,3,ravdess,05
data/emotion_datasets/ravdess/Actor_05/03-01-07-01-01-01-05.wav,tense_stressed,3,ravdess,05
data/emotion_datasets/ravdess/Actor_05/03-01-07-01-01-02-05.wav,tense_stressed,3,ravdess,05
data/emotion_datasets/ravdess/Actor_05/03-01-07-01-02-01-05.wav,tense_stressed,3,ravdess,05
data/emotion_datasets/ravdess/Actor_05/03-01-07-01-02-02-05.wav,tense_stressed,3,ravdess,05
data/emotion_datasets/ravdess/Actor_05/03-01-07-02-01-01-05.wav,tense_stressed,3,ravdess,05
data/emotion_datasets/ravdess/Actor_05/03-01-07-02-01-02-05.wav,tense_stressed,3,ravdess,05
data/emotion_datasets/ravdess/Actor_05/03-01-07-02-02-01-05.wav,tense_stressed,3,ravdess,05
data/emotion_datasets/ravdess/Actor_05/03-01-07-02-02-02-05.wav,tense_stressed,3,ravdess,05
data/emotion_datasets/ravdess/Actor_05/03-01-08-01-01-01-05.wav,energetic_engaged,1,ravdess,05
data/emotion_datasets/ravdess/Actor_05/03-01-08-01-01-02-05.wav,energetic_engaged,1,ravdess,05
data/emotion_datasets/ravdess/Actor_05/03-01-08-01-02-01-05.wav,energetic_engaged,1,ravdess,05
data/emotion_datasets/ravdess/Actor_05/03-01-08-01-02-02-05.wav,energetic_engaged,1,ravdess,05
data/emotion_datasets/ravdess/Actor_05/03-01-08-02-01-01-05.wav,energetic_engaged,1,ravdess,05
data/emotion_datasets/ravdess/Actor_05/03-01-08-02-01-02-05.wav,energetic_engaged,1,ravdess,05
data/emotion_datasets/ravdess/Actor_05/03-01-08-02-02-01-05.wav,energetic_engaged,1,ravdess,05
data/emotion_datasets/ravdess/Actor_05/03-01-08-02-02-02-05.wav,energetic_engaged,1,ravdess,05
data/emotion_datasets/ravdess/Actor_06/03-01-01-01-01-01-06.wav,neutral_calm,0,ravdess,06
data/emotion_datasets/ravdess/Actor_06/03-01-01-01-01-02-06.wav,neutral_calm,0,ravdess,06
data/emotion_datasets/ravdess/Actor_06/03-01-01-01-02-01-06.wav,neutral_calm,0,ravdess,06
data/emotion_datasets/ravdess/Actor_06/03-01-01-01-02-02-06.wav,neutral_calm,0,ravdess,06
data/emotion_datasets/ravdess/Actor_06/03-01-02-01-01-01-06.wav,neutral_calm,0,ravdess,06
data/emotion_datasets/ravdess/Actor_06/03-01-02-01-01-02-06.wav,neutral_calm,0,ravdess,06
data/emotion_datasets/ravdess/Actor_06/03-01-02-01-02-01-06.wav,neutral_calm,0,ravdess,06
data/emotion_datasets/ravdess/Actor_06/03-01-02-01-02-02-06.wav,neutral_calm,0,ravdess,06
data/emotion_datasets/ravdess/Actor_06/03-01-02-02-01-01-06.wav,neutral_calm,0,ravdess,06
data/emotion_datasets/ravdess/Actor_06/03-01-02-02-01-02-06.wav,neutral_calm,0,ravdess,06
data/emotion_datasets/ravdess/Actor_06/03-01-02-02-02-01-06.wav,neutral_calm,0,ravdess,06
data/emotion_datasets/ravdess/Actor_06/03-01-02-02-02-02-06.wav,neutral_calm,0,ravdess,06
data/emotion_datasets/ravdess/Actor_06/03-01-03-01-01-01-06.wav,energetic_engaged,1,ravdess,06
data/emotion_datasets/ravdess/Actor_06/03-01-03-01-01-02-06.wav,energetic_engaged,1,ravdess,06
data/emotion_datasets/ravdess/Actor_06/03-01-03-01-02-01-06.wav,energetic_engaged,1,ravdess,06
data/emotion_datasets/ravdess/Actor_06/03-01-03-01-02-02-06.wav,energetic_engaged,1,ravdess,06
data/emotion_datasets/ravdess/Actor_06/03-01-03-02-01-01-06.wav,energetic_engaged,1,ravdess,06
data/emotion_datasets/ravdess/Actor_06/03-01-03-02-01-02-06.wav,energetic_engaged,1,ravdess,06
data/emotion_datasets/ravdess/Actor_06/03-01-03-02-02-01-06.wav,energetic_engaged,1,ravdess,06
data/emotion_datasets/ravdess/Actor_06/03-01-03-02-02-02-06.wav,energetic_engaged,1,ravdess,06
data/emotion_datasets/ravdess/Actor_06/03-01-04-01-01-01-06.wav,low_energy,2,ravdess,06
data/emotion_datasets/ravdess/Actor_06/03-01-04-01-01-02-06.wav,low_energy,2,ravdess,06
data/emotion_datasets/ravdess/Actor_06/03-01-04-01-02-01-06.wav,low_energy,2,ravdess,06
data/emotion_datasets/ravdess/Actor_06/03-01-04-01-02-02-06.wav,low_energy,2,ravdess,06
data/emotion_datasets/ravdess/Actor_06/03-01-04-02-01-01-06.wav,low_energy,2,ravdess,06
data/emotion_datasets/ravdess/Actor_06/03-01-04-02-01-02-06.wav,low_energy,2,ravdess,06
data/emotion_datasets/ravdess/Actor_06/03-01-04-02-02-01-06.wav,low_energy,2,ravdess,06
data/emotion_datasets/ravdess/Actor_06/03-01-04-02-02-02-06.wav,low_energy,2,ravdess,06
data/emotion_datasets/ravdess/Actor_06/03-01-05-01-01-01-06.wav,tense_stressed,3,ravdess,06
data/emotion_datasets/ravdess/Actor_06/03-01-05-01-01-02-06.wav,tense_stressed,3,ravdess,06
data/emotion_datasets/ravdess/Actor_06/03-01-05-01-02-01-06.wav,tense_stressed,3,ravdess,06
data/emotion_datasets/ravdess/Actor_06/03-01-05-01-02-02-06.wav,tense_stressed,3,ravdess,06
data/emotion_datasets/ravdess/Actor_06/03-01-05-02-01-01-06.wav,tense_stressed,3,ravdess,06
data/emotion_datasets/ravdess/Actor_06/03-01-05-02-01-02-06.wav,tense_stressed,3,ravdess,06
data/emotion_datasets/ravdess/Actor_06/03-01-05-02-02-01-06.wav,tense_stressed,3,ravdess,06
data/emotion_datasets/ravdess/Actor_06/03-01-05-02-02-02-06.wav,tense_stressed,3,ravdess,06
data/emotion_datasets/ravdess/Actor_06/03-01-06-01-01-01-06.wav,tense_stressed,3,ravdess,06
data/emotion_datasets/ravdess/Actor_06/03-01-06-01-01-02-06.wav,tense_stressed,3,ravdess,06
data/emotion_datasets/ravdess/Actor_06/03-01-06-01-02-01-06.wav,tense_stressed,3,ravdess,06
data/emotion_datasets/ravdess/Actor_06/03-01-06-01-02-02-06.wav,tense_stressed,3,ravdess,06
data/emotion_datasets/ravdess/Actor_06/03-01-06-02-01-01-06.wav,tense_stressed,3,ravdess,06
data/emotion_datasets/ravdess/Actor_06/03-01-06-02-01-02-06.wav,tense_stressed,3,ravdess,06
data/emotion_datasets/ravdess/Actor_06/03-01-06-02-02-01-06.wav,tense_stressed,3,ravdess,06
data/emotion_datasets/ravdess/Actor_06/03-01-06-02-02-02-06.wav,tense_stressed,3,ravdess,06
data/emotion_datasets/ravdess/Actor_06/03-01-07-01-01-01-06.wav,tense_stressed,3,ravdess,06
data/emotion_datasets/ravdess/Actor_06/03-01-07-01-01-02-06.wav,tense_stressed,3,ravdess,06
data/emotion_datasets/ravdess/Actor_06/03-01-07-01-02-01-06.wav,tense_stressed,3,ravdess,06
data/emotion_datasets/ravdess/Actor_06/03-01-07-01-02-02-06.wav,tense_stressed,3,ravdess,06
data/emotion_datasets/ravdess/Actor_06/03-01-07-02-01-01-06.wav,tense_stressed,3,ravdess,06
data/emotion_datasets/ravdess/Actor_06/03-01-07-02-01-02-06.wav,tense_stressed,3,ravdess,06
data/emotion_datasets/ravdess/Actor_06/03-01-07-02-02-01-06.wav,tense_stressed,3,ravdess,06
data/emotion_datasets/ravdess/Actor_06/03-01-07-02-02-02-06.wav,tense_stressed,3,ravdess,06
data/emotion_datasets/ravdess/Actor_06/03-01-08-01-01-01-06.wav,energetic_engaged,1,ravdess,06
data/emotion_datasets/ravdess/Actor_06/03-01-08-01-01-02-06.wav,energetic_engaged,1,ravdess,06
data/emotion_datasets/ravdess/Actor_06/03-01-08-01-02-01-06.wav,energetic_engaged,1,ravdess,06
data/emotion_datasets/ravdess/Actor_06/03-01-08-01-02-02-06.wav,energetic_engaged,1,ravdess,06
data/emotion_datasets/ravdess/Actor_06/03-01-08-02-01-01-06.wav,energetic_engaged,1,ravdess,06
data/emotion_datasets/ravdess/Actor_06/03-01-08-02-01-02-06.wav,energetic_engaged,1,ravdess,06
data/emotion_datasets/ravdess/Actor_06/03-01-08-02-02-01-06.wav,energetic_engaged,1,ravdess,06
data/emotion_datasets/ravdess/Actor_06/03-01-08-02-02-02-06.wav,energetic_engaged,1,ravdess,06
data/emotion_datasets/ravdess/Actor_07/03-01-01-01-01-01-07.wav,neutral_calm,0,ravdess,07
data/emotion_datasets/ravdess/Actor_07/03-01-01-01-01-02-07.wav,neutral_calm,0,ravdess,07
data/emotion_datasets/ravdess/Actor_07/03-01-01-01-02-01-07.wav,neutral_calm,0,ravdess,07
data/emotion_datasets/ravdess/Actor_07/03-01-01-01-02-02-07.wav,neutral_calm,0,ravdess,07
data/emotion_datasets/ravdess/Actor_07/03-01-02-01-01-01-07.wav,neutral_calm,0,ravdess,07
data/emotion_datasets/ravdess/Actor_07/03-01-02-01-01-02-07.wav,neutral_calm,0,ravdess,07
data/emotion_datasets/ravdess/Actor_07/03-01-02-01-02-01-07.wav,neutral_calm,0,ravdess,07
data/emotion_datasets/ravdess/Actor_07/03-01-02-01-02-02-07.wav,neutral_calm,0,ravdess,07
data/emotion_datasets/ravdess/Actor_07/03-01-02-02-01-01-07.wav,neutral_calm,0,ravdess,07
data/emotion_datasets/ravdess/Actor_07/03-01-02-02-01-02-07.wav,neutral_calm,0,ravdess,07
data/emotion_datasets/ravdess/Actor_07/03-01-02-02-02-01-07.wav,neutral_calm,0,ravdess,07
data/emotion_datasets/ravdess/Actor_07/03-01-02-02-02-02-07.wav,neutral_calm,0,ravdess,07
data/emotion_datasets/ravdess/Actor_07/03-01-03-01-01-01-07.wav,energetic_engaged,1,ravdess,07
data/emotion_datasets/ravdess/Actor_07/03-01-03-01-01-02-07.wav,energetic_engaged,1,ravdess,07
data/emotion_datasets/ravdess/Actor_07/03-01-03-01-02-01-07.wav,energetic_engaged,1,ravdess,07
data/emotion_datasets/ravdess/Actor_07/03-01-03-01-02-02-07.wav,energetic_engaged,1,ravdess,07
data/emotion_datasets/ravdess/Actor_07/03-01-03-02-01-01-07.wav,energetic_engaged,1,ravdess,07
data/emotion_datasets/ravdess/Actor_07/03-01-03-02-01-02-07.wav,energetic_engaged,1,ravdess,07
data/emotion_datasets/ravdess/Actor_07/03-01-03-02-02-01-07.wav,energetic_engaged,1,ravdess,07
data/emotion_datasets/ravdess/Actor_07/03-01-03-02-02-02-07.wav,energetic_engaged,1,ravdess,07
data/emotion_datasets/ravdess/Actor_07/03-01-04-01-01-01-07.wav,low_energy,2,ravdess,07
data/emotion_datasets/ravdess/Actor_07/03-01-04-01-01-02-07.wav,low_energy,2,ravdess,07
data/emotion_datasets/ravdess/Actor_07/03-01-04-01-02-01-07.wav,low_energy,2,ravdess,07
data/emotion_datasets/ravdess/Actor_07/03-01-04-01-02-02-07.wav,low_energy,2,ravdess,07
data/emotion_datasets/ravdess/Actor_07/03-01-04-02-01-01-07.wav,low_energy,2,ravdess,07
data/emotion_datasets/ravdess/Actor_07/03-01-04-02-01-02-07.wav,low_energy,2,ravdess,07
data/emotion_datasets/ravdess/Actor_07/03-01-04-02-02-01-07.wav,low_energy,2,ravdess,07
data/emotion_datasets/ravdess/Actor_07/03-01-04-02-02-02-07.wav,low_energy,2,ravdess,07
data/emotion_datasets/ravdess/Actor_07/03-01-05-01-01-01-07.wav,tense_stressed,3,ravdess,07
data/emotion_datasets/ravdess/Actor_07/03-01-05-01-01-02-07.wav,tense_stressed,3,ravdess,07
data/emotion_datasets/ravdess/Actor_07/03-01-05-01-02-01-07.wav,tense_stressed,3,ravdess,07
data/emotion_datasets/ravdess/Actor_07/03-01-05-01-02-02-07.wav,tense_stressed,3,ravdess,07
data/emotion_datasets/ravdess/Actor_07/03-01-05-02-01-01-07.wav,tense_stressed,3,ravdess,07
data/emotion_datasets/ravdess/Actor_07/03-01-05-02-01-02-07.wav,tense_stressed,3,ravdess,07
data/emotion_datasets/ravdess/Actor_07/03-01-05-02-02-01-07.wav,tense_stressed,3,ravdess,07
data/emotion_datasets/ravdess/Actor_07/03-01-05-02-02-02-07.wav,tense_stressed,3,ravdess,07
data/emotion_datasets/ravdess/Actor_07/03-01-06-01-01-01-07.wav,tense_stressed,3,ravdess,07
data/emotion_datasets/ravdess/Actor_07/03-01-06-01-01-02-07.wav,tense_stressed,3,ravdess,07
data/emotion_datasets/ravdess/Actor_07/03-01-06-01-02-01-07.wav,tense_stressed,3,ravdess,07
data/emotion_datasets/ravdess/Actor_07/03-01-06-01-02-02-07.wav,tense_stressed,3,ravdess,07
data/emotion_datasets/ravdess/Actor_07/03-01-06-02-01-01-07.wav,tense_stressed,3,ravdess,07
data/emotion_datasets/ravdess/Actor_07/03-01-06-02-01-02-07.wav,tense_stressed,3,ravdess,07
data/emotion_datasets/ravdess/Actor_07/03-01-06-02-02-01-07.wav,tense_stressed,3,ravdess,07
data/emotion_datasets/ravdess/Actor_07/03-01-06-02-02-02-07.wav,tense_stressed,3,ravdess,07
data/emotion_datasets/ravdess/Actor_07/03-01-07-01-01-01-07.wav,tense_stressed,3,ravdess,07
data/emotion_datasets/ravdess/Actor_07/03-01-07-01-01-02-07.wav,tense_stressed,3,ravdess,07
data/emotion_datasets/ravdess/Actor_07/03-01-07-01-02-01-07.wav,tense_stressed,3,ravdess,07
data/emotion_datasets/ravdess/Actor_07/03-01-07-01-02-02-07.wav,tense_stressed,3,ravdess,07
data/emotion_datasets/ravdess/Actor_07/03-01-07-02-01-01-07.wav,tense_stressed,3,ravdess,07
data/emotion_datasets/ravdess/Actor_07/03-01-07-02-01-02-07.wav,tense_stressed,3,ravdess,07
data/emotion_datasets/ravdess/Actor_07/03-01-07-02-02-01-07.wav,tense_stressed,3,ravdess,07
data/emotion_datasets/ravdess/Actor_07/03-01-07-02-02-02-07.wav,tense_stressed,3,ravdess,07
data/emotion_datasets/ravdess/Actor_07/03-01-08-01-01-01-07.wav,energetic_engaged,1,ravdess,07
data/emotion_datasets/ravdess/Actor_07/03-01-08-01-01-02-07.wav,energetic_engaged,1,ravdess,07
data/emotion_datasets/ravdess/Actor_07/03-01-08-01-02-01-07.wav,energetic_engaged,1,ravdess,07
data/emotion_datasets/ravdess/Actor_07/03-01-08-01-02-02-07.wav,energetic_engaged,1,ravdess,07
data/emotion_datasets/ravdess/Actor_07/03-01-08-02-01-01-07.wav,energetic_engaged,1,ravdess,07
data/emotion_datasets/ravdess/Actor_07/03-01-08-02-01-02-07.wav,energetic_engaged,1,ravdess,07
data/emotion_datasets/ravdess/Actor_07/03-01-08-02-02-01-07.wav,energetic_engaged,1,ravdess,07
data/emotion_datasets/ravdess/Actor_07/03-01-08-02-02-02-07.wav,energetic_engaged,1,ravdess,07
data/emotion_datasets/ravdess/Actor_08/03-01-01-01-01-01-08.wav,neutral_calm,0,ravdess,08
data/emotion_datasets/ravdess/Actor_08/03-01-01-01-01-02-08.wav,neutral_calm,0,ravdess,08
data/emotion_datasets/ravdess/Actor_08/03-01-01-01-02-01-08.wav,neutral_calm,0,ravdess,08
data/emotion_datasets/ravdess/Actor_08/03-01-01-01-02-02-08.wav,neutral_calm,0,ravdess,08
data/emotion_datasets/ravdess/Actor_08/03-01-02-01-01-01-08.wav,neutral_calm,0,ravdess,08
data/emotion_datasets/ravdess/Actor_08/03-01-02-01-01-02-08.wav,neutral_calm,0,ravdess,08
data/emotion_datasets/ravdess/Actor_08/03-01-02-01-02-01-08.wav,neutral_calm,0,ravdess,08
data/emotion_datasets/ravdess/Actor_08/03-01-02-01-02-02-08.wav,neutral_calm,0,ravdess,08
data/emotion_datasets/ravdess/Actor_08/03-01-02-02-01-01-08.wav,neutral_calm,0,ravdess,08
data/emotion_datasets/ravdess/Actor_08/03-01-02-02-01-02-08.wav,neutral_calm,0,ravdess,08
data/emotion_datasets/ravdess/Actor_08/03-01-02-02-02-01-08.wav,neutral_calm,0,ravdess,08
data/emotion_datasets/ravdess/Actor_08/03-01-02-02-02-02-08.wav,neutral_calm,0,ravdess,08
data/emotion_datasets/ravdess/Actor_08/03-01-03-01-01-01-08.wav,energetic_engaged,1,ravdess,08
data/emotion_datasets/ravdess/Actor_08/03-01-03-01-01-02-08.wav,energetic_engaged,1,ravdess,08
data/emotion_datasets/ravdess/Actor_08/03-01-03-01-02-01-08.wav,energetic_engaged,1,ravdess,08
data/emotion_datasets/ravdess/Actor_08/03-01-03-01-02-02-08.wav,energetic_engaged,1,ravdess,08
data/emotion_datasets/ravdess/Actor_08/03-01-03-02-01-01-08.wav,energetic_engaged,1,ravdess,08
data/emotion_datasets/ravdess/Actor_08/03-01-03-02-01-02-08.wav,energetic_engaged,1,ravdess,08
data/emotion_datasets/ravdess/Actor_08/03-01-03-02-02-01-08.wav,energetic_engaged,1,ravdess,08
data/emotion_datasets/ravdess/Actor_08/03-01-03-02-02-02-08.wav,energetic_engaged,1,ravdess,08
data/emotion_datasets/ravdess/Actor_08/03-01-04-01-01-01-08.wav,low_energy,2,ravdess,08
data/emotion_datasets/ravdess/Actor_08/03-01-04-01-01-02-08.wav,low_energy,2,ravdess,08
data/emotion_datasets/ravdess/Actor_08/03-01-04-01-02-01-08.wav,low_energy,2,ravdess,08
data/emotion_datasets/ravdess/Actor_08/03-01-04-01-02-02-08.wav,low_energy,2,ravdess,08
data/emotion_datasets/ravdess/Actor_08/03-01-04-02-01-01-08.wav,low_energy,2,ravdess,08
data/emotion_datasets/ravdess/Actor_08/03-01-04-02-01-02-08.wav,low_energy,2,ravdess,08
data/emotion_datasets/ravdess/Actor_08/03-01-04-02-02-01-08.wav,low_energy,2,ravdess,08
data/emotion_datasets/ravdess/Actor_08/03-01-04-02-02-02-08.wav,low_energy,2,ravdess,08
data/emotion_datasets/ravdess/Actor_08/03-01-05-01-01-01-08.wav,tense_stressed,3,ravdess,08
data/emotion_datasets/ravdess/Actor_08/03-01-05-01-01-02-08.wav,tense_stressed,3,ravdess,08
data/emotion_datasets/ravdess/Actor_08/03-01-05-01-02-01-08.wav,tense_stressed,3,ravdess,08
data/emotion_datasets/ravdess/Actor_08/03-01-05-01-02-02-08.wav,tense_stressed,3,ravdess,08
data/emotion_datasets/ravdess/Actor_08/03-01-05-02-01-01-08.wav,tense_stressed,3,ravdess,08
data/emotion_datasets/ravdess/Actor_08/03-01-05-02-01-02-08.wav,tense_stressed,3,ravdess,08
data/emotion_datasets/ravdess/Actor_08/03-01-05-02-02-01-08.wav,tense_stressed,3,ravdess,08
data/emotion_datasets/ravdess/Actor_08/03-01-05-02-02-02-08.wav,tense_stressed,3,ravdess,08
data/emotion_datasets/ravdess/Actor_08/03-01-06-01-01-01-08.wav,tense_stressed,3,ravdess,08
data/emotion_datasets/ravdess/Actor_08/03-01-06-01-01-02-08.wav,tense_stressed,3,ravdess,08
data/emotion_datasets/ravdess/Actor_08/03-01-06-01-02-01-08.wav,tense_stressed,3,ravdess,08
data/emotion_datasets/ravdess/Actor_08/03-01-06-01-02-02-08.wav,tense_stressed,3,ravdess,08
data/emotion_datasets/ravdess/Actor_08/03-01-06-02-01-01-08.wav,tense_stressed,3,ravdess,08
data/emotion_datasets/ravdess/Actor_08/03-01-06-02-01-02-08.wav,tense_stressed,3,ravdess,08
data/emotion_datasets/ravdess/Actor_08/03-01-06-02-02-01-08.wav,tense_stressed,3,ravdess,08
data/emotion_datasets/ravdess/Actor_08/03-01-06-02-02-02-08.wav,tense_stressed,3,ravdess,08
data/emotion_datasets/ravdess/Actor_08/03-01-07-01-01-01-08.wav,tense_stressed,3,ravdess,08
data/emotion_datasets/ravdess/Actor_08/03-01-07-01-01-02-08.wav,tense_stressed,3,ravdess,08
data/emotion_datasets/ravdess/Actor_08/03-01-07-01-02-01-08.wav,tense_stressed,3,ravdess,08
data/emotion_datasets/ravdess/Actor_08/03-01-07-01-02-02-08.wav,tense_stressed,3,ravdess,08
data/emotion_datasets/ravdess/Actor_08/03-01-07-02-01-01-08.wav,tense_stressed,3,ravdess,08
data/emotion_datasets/ravdess/Actor_08/03-01-07-02-01-02-08.wav,tense_stressed,3,ravdess,08
data/emotion_datasets/ravdess/Actor_08/03-01-07-02-02-01-08.wav,tense_stressed,3,ravdess,08
data/emotion_datasets/ravdess/Actor_08/03-01-07-02-02-02-08.wav,tense_stressed,3,ravdess,08
data/emotion_datasets/ravdess/Actor_08/03-01-08-01-01-01-08.wav,energetic_engaged,1,ravdess,08
data/emotion_datasets/ravdess/Actor_08/03-01-08-01-01-02-08.wav,energetic_engaged,1,ravdess,08
data/emotion_datasets/ravdess/Actor_08/03-01-08-01-02-01-08.wav,energetic_engaged,1,ravdess,08
data/emotion_datasets/ravdess/Actor_08/03-01-08-01-02-02-08.wav,energetic_engaged,1,ravdess,08
data/emotion_datasets/ravdess/Actor_08/03-01-08-02-01-01-08.wav,energetic_engaged,1,ravdess,08
data/emotion_datasets/ravdess/Actor_08/03-01-08-02-01-02-08.wav,energetic_engaged,1,ravdess,08
data/emotion_datasets/ravdess/Actor_08/03-01-08-02-02-01-08.wav,energetic_engaged,1,ravdess,08
data/emotion_datasets/ravdess/Actor_08/03-01-08-02-02-02-08.wav,energetic_engaged,1,ravdess,08
data/emotion_datasets/ravdess/Actor_09/03-01-01-01-01-01-09.wav,neutral_calm,0,ravdess,09
data/emotion_datasets/ravdess/Actor_09/03-01-01-01-01-02-09.wav,neutral_calm,0,ravdess,09
data/emotion_datasets/ravdess/Actor_09/03-01-01-01-02-01-09.wav,neutral_calm,0,ravdess,09
data/emotion_datasets/ravdess/Actor_09/03-01-01-01-02-02-09.wav,neutral_calm,0,ravdess,09
data/emotion_datasets/ravdess/Actor_09/03-01-02-01-01-01-09.wav,neutral_calm,0,ravdess,09
data/emotion_datasets/ravdess/Actor_09/03-01-02-01-01-02-09.wav,neutral_calm,0,ravdess,09
data/emotion_datasets/ravdess/Actor_09/03-01-02-01-02-01-09.wav,neutral_calm,0,ravdess,09
data/emotion_datasets/ravdess/Actor_09/03-01-02-01-02-02-09.wav,neutral_calm,0,ravdess,09
data/emotion_datasets/ravdess/Actor_09/03-01-02-02-01-01-09.wav,neutral_calm,0,ravdess,09
data/emotion_datasets/ravdess/Actor_09/03-01-02-02-01-02-09.wav,neutral_calm,0,ravdess,09
data/emotion_datasets/ravdess/Actor_09/03-01-02-02-02-01-09.wav,neutral_calm,0,ravdess,09
data/emotion_datasets/ravdess/Actor_09/03-01-02-02-02-02-09.wav,neutral_calm,0,ravdess,09
data/emotion_datasets/ravdess/Actor_09/03-01-03-01-01-01-09.wav,energetic_engaged,1,ravdess,09
data/emotion_datasets/ravdess/Actor_09/03-01-03-01-01-02-09.wav,energetic_engaged,1,ravdess,09
data/emotion_datasets/ravdess/Actor_09/03-01-03-01-02-01-09.wav,energetic_engaged,1,ravdess,09
data/emotion_datasets/ravdess/Actor_09/03-01-03-01-02-02-09.wav,energetic_engaged,1,ravdess,09
data/emotion_datasets/ravdess/Actor_09/03-01-03-02-01-01-09.wav,energetic_engaged,1,ravdess,09
data/emotion_datasets/ravdess/Actor_09/03-01-03-02-01-02-09.wav,energetic_engaged,1,ravdess,09
data/emotion_datasets/ravdess/Actor_09/03-01-03-02-02-01-09.wav,energetic_engaged,1,ravdess,09
data/emotion_datasets/ravdess/Actor_09/03-01-03-02-02-02-09.wav,energetic_engaged,1,ravdess,09
data/emotion_datasets/ravdess/Actor_09/03-01-04-01-01-01-09.wav,low_energy,2,ravdess,09
data/emotion_datasets/ravdess/Actor_09/03-01-04-01-01-02-09.wav,low_energy,2,ravdess,09
data/emotion_datasets/ravdess/Actor_09/03-01-04-01-02-01-09.wav,low_energy,2,ravdess,09
data/emotion_datasets/ravdess/Actor_09/03-01-04-01-02-02-09.wav,low_energy,2,ravdess,09
data/emotion_datasets/ravdess/Actor_09/03-01-04-02-01-01-09.wav,low_energy,2,ravdess,09
data/emotion_datasets/ravdess/Actor_09/03-01-04-02-01-02-09.wav,low_energy,2,ravdess,09
data/emotion_datasets/ravdess/Actor_09/03-01-04-02-02-01-09.wav,low_energy,2,ravdess,09
data/emotion_datasets/ravdess/Actor_09/03-01-04-02-02-02-09.wav,low_energy,2,ravdess,09
data/emotion_datasets/ravdess/Actor_09/03-01-05-01-01-01-09.wav,tense_stressed,3,ravdess,09
data/emotion_datasets/ravdess/Actor_09/03-01-05-01-01-02-09.wav,tense_stressed,3,ravdess,09
data/emotion_datasets/ravdess/Actor_09/03-01-05-01-02-01-09.wav,tense_stressed,3,ravdess,09
data/emotion_datasets/ravdess/Actor_09/03-01-05-01-02-02-09.wav,tense_stressed,3,ravdess,09
data/emotion_datasets/ravdess/Actor_09/03-01-05-02-01-01-09.wav,tense_stressed,3,ravdess,09
data/emotion_datasets/ravdess/Actor_09/03-01-05-02-01-02-09.wav,tense_stressed,3,ravdess,09
data/emotion_datasets/ravdess/Actor_09/03-01-05-02-02-01-09.wav,tense_stressed,3,ravdess,09
data/emotion_datasets/ravdess/Actor_09/03-01-05-02-02-02-09.wav,tense_stressed,3,ravdess,09
data/emotion_datasets/ravdess/Actor_09/03-01-06-01-01-01-09.wav,tense_stressed,3,ravdess,09
data/emotion_datasets/ravdess/Actor_09/03-01-06-01-01-02-09.wav,tense_stressed,3,ravdess,09
data/emotion_datasets/ravdess/Actor_09/03-01-06-01-02-01-09.wav,tense_stressed,3,ravdess,09
data/emotion_datasets/ravdess/Actor_09/03-01-06-01-02-02-09.wav,tense_stressed,3,ravdess,09
data/emotion_datasets/ravdess/Actor_09/03-01-06-02-01-01-09.wav,tense_stressed,3,ravdess,09
data/emotion_datasets/ravdess/Actor_09/03-01-06-02-01-02-09.wav,tense_stressed,3,ravdess,09
data/emotion_datasets/ravdess/Actor_09/03-01-06-02-02-01-09.wav,tense_stressed,3,ravdess,09
data/emotion_datasets/ravdess/Actor_09/03-01-06-02-02-02-09.wav,tense_stressed,3,ravdess,09
data/emotion_datasets/ravdess/Actor_09/03-01-07-01-01-01-09.wav,tense_stressed,3,ravdess,09
data/emotion_datasets/ravdess/Actor_09/03-01-07-01-01-02-09.wav,tense_stressed,3,ravdess,09
data/emotion_datasets/ravdess/Actor_09/03-01-07-01-02-01-09.wav,tense_stressed,3,ravdess,09
data/emotion_datasets/ravdess/Actor_09/03-01-07-01-02-02-09.wav,tense_stressed,3,ravdess,09
data/emotion_datasets/ravdess/Actor_09/03-01-07-02-01-01-09.wav,tense_stressed,3,ravdess,09
data/emotion_datasets/ravdess/Actor_09/03-01-07-02-01-02-09.wav,tense_stressed,3,ravdess,09
data/emotion_datasets/ravdess/Actor_09/03-01-07-02-02-01-09.wav,tense_stressed,3,ravdess,09
data/emotion_datasets/ravdess/Actor_09/03-01-07-02-02-02-09.wav,tense_stressed,3,ravdess,09
data/emotion_datasets/ravdess/Actor_09/03-01-08-01-01-01-09.wav,energetic_engaged,1,ravdess,09
data/emotion_datasets/ravdess/Actor_09/03-01-08-01-01-02-09.wav,energetic_engaged,1,ravdess,09
data/emotion_datasets/ravdess/Actor_09/03-01-08-01-02-01-09.wav,energetic_engaged,1,ravdess,09
data/emotion_datasets/ravdess/Actor_09/03-01-08-01-02-02-09.wav,energetic_engaged,1,ravdess,09
data/emotion_datasets/ravdess/Actor_09/03-01-08-02-01-01-09.wav,energetic_engaged,1,ravdess,09
data/emotion_datasets/ravdess/Actor_09/03-01-08-02-01-02-09.wav,energetic_engaged,1,ravdess,09
data/emotion_datasets/ravdess/Actor_09/03-01-08-02-02-01-09.wav,energetic_engaged,1,ravdess,09
data/emotion_datasets/ravdess/Actor_09/03-01-08-02-02-02-09.wav,energetic_engaged,1,ravdess,09
data/emotion_datasets/ravdess/Actor_10/03-01-01-01-01-01-10.wav,neutral_calm,0,ravdess,10
data/emotion_datasets/ravdess/Actor_10/03-01-01-01-01-02-10.wav,neutral_calm,0,ravdess,10
data/emotion_datasets/ravdess/Actor_10/03-01-01-01-02-01-10.wav,neutral_calm,0,ravdess,10
data/emotion_datasets/ravdess/Actor_10/03-01-01-01-02-02-10.wav,neutral_calm,0,ravdess,10
data/emotion_datasets/ravdess/Actor_10/03-01-02-01-01-01-10.wav,neutral_calm,0,ravdess,10
data/emotion_datasets/ravdess/Actor_10/03-01-02-01-01-02-10.wav,neutral_calm,0,ravdess,10
data/emotion_datasets/ravdess/Actor_10/03-01-02-01-02-01-10.wav,neutral_calm,0,ravdess,10
data/emotion_datasets/ravdess/Actor_10/03-01-02-01-02-02-10.wav,neutral_calm,0,ravdess,10
data/emotion_datasets/ravdess/Actor_10/03-01-02-02-01-01-10.wav,neutral_calm,0,ravdess,10
data/emotion_datasets/ravdess/Actor_10/03-01-02-02-01-02-10.wav,neutral_calm,0,ravdess,10
data/emotion_datasets/ravdess/Actor_10/03-01-02-02-02-01-10.wav,neutral_calm,0,ravdess,10
data/emotion_datasets/ravdess/Actor_10/03-01-02-02-02-02-10.wav,neutral_calm,0,ravdess,10
data/emotion_datasets/ravdess/Actor_10/03-01-03-01-01-01-10.wav,energetic_engaged,1,ravdess,10
data/emotion_datasets/ravdess/Actor_10/03-01-03-01-01-02-10.wav,energetic_engaged,1,ravdess,10
data/emotion_datasets/ravdess/Actor_10/03-01-03-01-02-01-10.wav,energetic_engaged,1,ravdess,10
data/emotion_datasets/ravdess/Actor_10/03-01-03-01-02-02-10.wav,energetic_engaged,1,ravdess,10
data/emotion_datasets/ravdess/Actor_10/03-01-03-02-01-01-10.wav,energetic_engaged,1,ravdess,10
data/emotion_datasets/ravdess/Actor_10/03-01-03-02-01-02-10.wav,energetic_engaged,1,ravdess,10
data/emotion_datasets/ravdess/Actor_10/03-01-03-02-02-01-10.wav,energetic_engaged,1,ravdess,10
data/emotion_datasets/ravdess/Actor_10/03-01-03-02-02-02-10.wav,energetic_engaged,1,ravdess,10
data/emotion_datasets/ravdess/Actor_10/03-01-04-01-01-01-10.wav,low_energy,2,ravdess,10
data/emotion_datasets/ravdess/Actor_10/03-01-04-01-01-02-10.wav,low_energy,2,ravdess,10
data/emotion_datasets/ravdess/Actor_10/03-01-04-01-02-01-10.wav,low_energy,2,ravdess,10
data/emotion_datasets/ravdess/Actor_10/03-01-04-01-02-02-10.wav,low_energy,2,ravdess,10
data/emotion_datasets/ravdess/Actor_10/03-01-04-02-01-01-10.wav,low_energy,2,ravdess,10
data/emotion_datasets/ravdess/Actor_10/03-01-04-02-01-02-10.wav,low_energy,2,ravdess,10
data/emotion_datasets/ravdess/Actor_10/03-01-04-02-02-01-10.wav,low_energy,2,ravdess,10
data/emotion_datasets/ravdess/Actor_10/03-01-04-02-02-02-10.wav,low_energy,2,ravdess,10
data/emotion_datasets/ravdess/Actor_10/03-01-05-01-01-01-10.wav,tense_stressed,3,ravdess,10
data/emotion_datasets/ravdess/Actor_10/03-01-05-01-01-02-10.wav,tense_stressed,3,ravdess,10
data/emotion_datasets/ravdess/Actor_10/03-01-05-01-02-01-10.wav,tense_stressed,3,ravdess,10
data/emotion_datasets/ravdess/Actor_10/03-01-05-01-02-02-10.wav,tense_stressed,3,ravdess,10
data/emotion_datasets/ravdess/Actor_10/03-01-05-02-01-01-10.wav,tense_stressed,3,ravdess,10
data/emotion_datasets/ravdess/Actor_10/03-01-05-02-01-02-10.wav,tense_stressed,3,ravdess,10
data/emotion_datasets/ravdess/Actor_10/03-01-05-02-02-01-10.wav,tense_stressed,3,ravdess,10
data/emotion_datasets/ravdess/Actor_10/03-01-05-02-02-02-10.wav,tense_stressed,3,ravdess,10
data/emotion_datasets/ravdess/Actor_10/03-01-06-01-01-01-10.wav,tense_stressed,3,ravdess,10
data/emotion_datasets/ravdess/Actor_10/03-01-06-01-01-02-10.wav,tense_stressed,3,ravdess,10
data/emotion_datasets/ravdess/Actor_10/03-01-06-01-02-01-10.wav,tense_stressed,3,ravdess,10
data/emotion_datasets/ravdess/Actor_10/03-01-06-01-02-02-10.wav,tense_stressed,3,ravdess,10
data/emotion_datasets/ravdess/Actor_10/03-01-06-02-01-01-10.wav,tense_stressed,3,ravdess,10
data/emotion_datasets/ravdess/Actor_10/03-01-06-02-01-02-10.wav,tense_stressed,3,ravdess,10
data/emotion_datasets/ravdess/Actor_10/03-01-06-02-02-01-10.wav,tense_stressed,3,ravdess,10
data/emotion_datasets/ravdess/Actor_10/03-01-06-02-02-02-10.wav,tense_stressed,3,ravdess,10
data/emotion_datasets/ravdess/Actor_10/03-01-07-01-01-01-10.wav,tense_stressed,3,ravdess,10
data/emotion_datasets/ravdess/Actor_10/03-01-07-01-01-02-10.wav,tense_stressed,3,ravdess,10
data/emotion_datasets/ravdess/Actor_10/03-01-07-01-02-01-10.wav,tense_stressed,3,ravdess,10
data/emotion_datasets/ravdess/Actor_10/03-01-07-01-02-02-10.wav,tense_stressed,3,ravdess,10
data/emotion_datasets/ravdess/Actor_10/03-01-07-02-01-01-10.wav,tense_stressed,3,ravdess,10
data/emotion_datasets/ravdess/Actor_10/03-01-07-02-01-02-10.wav,tense_stressed,3,ravdess,10
data/emotion_datasets/ravdess/Actor_10/03-01-07-02-02-01-10.wav,tense_stressed,3,ravdess,10
data/emotion_datasets/ravdess/Actor_10/03-01-07-02-02-02-10.wav,tense_stressed,3,ravdess,10
data/emotion_datasets/ravdess/Actor_10/03-01-08-01-01-01-10.wav,energetic_engaged,1,ravdess,10
data/emotion_datasets/ravdess/Actor_10/03-01-08-01-01-02-10.wav,energetic_engaged,1,ravdess,10
data/emotion_datasets/ravdess/Actor_10/03-01-08-01-02-01-10.wav,energetic_engaged,1,ravdess,10
data/emotion_datasets/ravdess/Actor_10/03-01-08-01-02-02-10.wav,energetic_engaged,1,ravdess,10
data/emotion_datasets/ravdess/Actor_10/03-01-08-02-01-01-10.wav,energetic_engaged,1,ravdess,10
data/emotion_datasets/ravdess/Actor_10/03-01-08-02-01-02-10.wav,energetic_engaged,1,ravdess,10
data/emotion_datasets/ravdess/Actor_10/03-01-08-02-02-01-10.wav,energetic_engaged,1,ravdess,10
data/emotion_datasets/ravdess/Actor_10/03-01-08-02-02-02-10.wav,energetic_engaged,1,ravdess,10
data/emotion_datasets/ravdess/Actor_11/03-01-01-01-01-01-11.wav,neutral_calm,0,ravdess,11
data/emotion_datasets/ravdess/Actor_11/03-01-01-01-01-02-11.wav,neutral_calm,0,ravdess,11
data/emotion_datasets/ravdess/Actor_11/03-01-01-01-02-01-11.wav,neutral_calm,0,ravdess,11
data/emotion_datasets/ravdess/Actor_11/03-01-01-01-02-02-11.wav,neutral_calm,0,ravdess,11
data/emotion_datasets/ravdess/Actor_11/03-01-02-01-01-01-11.wav,neutral_calm,0,ravdess,11
data/emotion_datasets/ravdess/Actor_11/03-01-02-01-01-02-11.wav,neutral_calm,0,ravdess,11
data/emotion_datasets/ravdess/Actor_11/03-01-02-01-02-01-11.wav,neutral_calm,0,ravdess,11
data/emotion_datasets/ravdess/Actor_11/03-01-02-01-02-02-11.wav,neutral_calm,0,ravdess,11
data/emotion_datasets/ravdess/Actor_11/03-01-02-02-01-01-11.wav,neutral_calm,0,ravdess,11
data/emotion_datasets/ravdess/Actor_11/03-01-02-02-01-02-11.wav,neutral_calm,0,ravdess,11
data/emotion_datasets/ravdess/Actor_11/03-01-02-02-02-01-11.wav,neutral_calm,0,ravdess,11
data/emotion_datasets/ravdess/Actor_11/03-01-02-02-02-02-11.wav,neutral_calm,0,ravdess,11
data/emotion_datasets/ravdess/Actor_11/03-01-03-01-01-01-11.wav,energetic_engaged,1,ravdess,11
data/emotion_datasets/ravdess/Actor_11/03-01-03-01-01-02-11.wav,energetic_engaged,1,ravdess,11
data/emotion_datasets/ravdess/Actor_11/03-01-03-01-02-01-11.wav,energetic_engaged,1,ravdess,11
data/emotion_datasets/ravdess/Actor_11/03-01-03-01-02-02-11.wav,energetic_engaged,1,ravdess,11
data/emotion_datasets/ravdess/Actor_11/03-01-03-02-01-01-11.wav,energetic_engaged,1,ravdess,11
data/emotion_datasets/ravdess/Actor_11/03-01-03-02-01-02-11.wav,energetic_engaged,1,ravdess,11
data/emotion_datasets/ravdess/Actor_11/03-01-03-02-02-01-11.wav,energetic_engaged,1,ravdess,11
data/emotion_datasets/ravdess/Actor_11/03-01-03-02-02-02-11.wav,energetic_engaged,1,ravdess,11
data/emotion_datasets/ravdess/Actor_11/03-01-04-01-01-01-11.wav,low_energy,2,ravdess,11
data/emotion_datasets/ravdess/Actor_11/03-01-04-01-01-02-11.wav,low_energy,2,ravdess,11
data/emotion_datasets/ravdess/Actor_11/03-01-04-01-02-01-11.wav,low_energy,2,ravdess,11
data/emotion_datasets/ravdess/Actor_11/03-01-04-01-02-02-11.wav,low_energy,2,ravdess,11
data/emotion_datasets/ravdess/Actor_11/03-01-04-02-01-01-11.wav,low_energy,2,ravdess,11
data/emotion_datasets/ravdess/Actor_11/03-01-04-02-01-02-11.wav,low_energy,2,ravdess,11
data/emotion_datasets/ravdess/Actor_11/03-01-04-02-02-01-11.wav,low_energy,2,ravdess,11
data/emotion_datasets/ravdess/Actor_11/03-01-04-02-02-02-11.wav,low_energy,2,ravdess,11
data/emotion_datasets/ravdess/Actor_11/03-01-05-01-01-01-11.wav,tense_stressed,3,ravdess,11
data/emotion_datasets/ravdess/Actor_11/03-01-05-01-01-02-11.wav,tense_stressed,3,ravdess,11
data/emotion_datasets/ravdess/Actor_11/03-01-05-01-02-01-11.wav,tense_stressed,3,ravdess,11
data/emotion_datasets/ravdess/Actor_11/03-01-05-01-02-02-11.wav,tense_stressed,3,ravdess,11
data/emotion_datasets/ravdess/Actor_11/03-01-05-02-01-01-11.wav,tense_stressed,3,ravdess,11
data/emotion_datasets/ravdess/Actor_11/03-01-05-02-01-02-11.wav,tense_stressed,3,ravdess,11
data/emotion_datasets/ravdess/Actor_11/03-01-05-02-02-01-11.wav,tense_stressed,3,ravdess,11
data/emotion_datasets/ravdess/Actor_11/03-01-05-02-02-02-11.wav,tense_stressed,3,ravdess,11
data/emotion_datasets/ravdess/Actor_11/03-01-06-01-01-01-11.wav,tense_stressed,3,ravdess,11
data/emotion_datasets/ravdess/Actor_11/03-01-06-01-01-02-11.wav,tense_stressed,3,ravdess,11
data/emotion_datasets/ravdess/Actor_11/03-01-06-01-02-01-11.wav,tense_stressed,3,ravdess,11
data/emotion_datasets/ravdess/Actor_11/03-01-06-01-02-02-11.wav,tense_stressed,3,ravdess,11
data/emotion_datasets/ravdess/Actor_11/03-01-06-02-01-01-11.wav,tense_stressed,3,ravdess,11
data/emotion_datasets/ravdess/Actor_11/03-01-06-02-01-02-11.wav,tense_stressed,3,ravdess,11
data/emotion_datasets/ravdess/Actor_11/03-01-06-02-02-01-11.wav,tense_stressed,3,ravdess,11
data/emotion_datasets/ravdess/Actor_11/03-01-06-02-02-02-11.wav,tense_stressed,3,ravdess,11
data/emotion_datasets/ravdess/Actor_11/03-01-07-01-01-01-11.wav,tense_stressed,3,ravdess,11
data/emotion_datasets/ravdess/Actor_11/03-01-07-01-01-02-11.wav,tense_stressed,3,ravdess,11
data/emotion_datasets/ravdess/Actor_11/03-01-07-01-02-01-11.wav,tense_stressed,3,ravdess,11
data/emotion_datasets/ravdess/Actor_11/03-01-07-01-02-02-11.wav,tense_stressed,3,ravdess,11
data/emotion_datasets/ravdess/Actor_11/03-01-07-02-01-01-11.wav,tense_stressed,3,ravdess,11
data/emotion_datasets/ravdess/Actor_11/03-01-07-02-01-02-11.wav,tense_stressed,3,ravdess,11
data/emotion_datasets/ravdess/Actor_11/03-01-07-02-02-01-11.wav,tense_stressed,3,ravdess,11
data/emotion_datasets/ravdess/Actor_11/03-01-07-02-02-02-11.wav,tense_stressed,3,ravdess,11
data/emotion_datasets/ravdess/Actor_11/03-01-08-01-01-01-11.wav,energetic_engaged,1,ravdess,11
data/emotion_datasets/ravdess/Actor_11/03-01-08-01-01-02-11.wav,energetic_engaged,1,ravdess,11
data/emotion_datasets/ravdess/Actor_11/03-01-08-01-02-01-11.wav,energetic_engaged,1,ravdess,11
data/emotion_datasets/ravdess/Actor_11/03-01-08-01-02-02-11.wav,energetic_engaged,1,ravdess,11
data/emotion_datasets/ravdess/Actor_11/03-01-08-02-01-01-11.wav,energetic_engaged,1,ravdess,11
data/emotion_datasets/ravdess/Actor_11/03-01-08-02-01-02-11.wav,energetic_engaged,1,ravdess,11
data/emotion_datasets/ravdess/Actor_11/03-01-08-02-02-01-11.wav,energetic_engaged,1,ravdess,11
data/emotion_datasets/ravdess/Actor_11/03-01-08-02-02-02-11.wav,energetic_engaged,1,ravdess,11
data/emotion_datasets/ravdess/Actor_12/03-01-01-01-01-01-12.wav,neutral_calm,0,ravdess,12
data/emotion_datasets/ravdess/Actor_12/03-01-01-01-01-02-12.wav,neutral_calm,0,ravdess,12
data/emotion_datasets/ravdess/Actor_12/03-01-01-01-02-01-12.wav,neutral_calm,0,ravdess,12
data/emotion_datasets/ravdess/Actor_12/03-01-01-01-02-02-12.wav,neutral_calm,0,ravdess,12
data/emotion_datasets/ravdess/Actor_12/03-01-02-01-01-01-12.wav,neutral_calm,0,ravdess,12
data/emotion_datasets/ravdess/Actor_12/03-01-02-01-01-02-12.wav,neutral_calm,0,ravdess,12
data/emotion_datasets/ravdess/Actor_12/03-01-02-01-02-01-12.wav,neutral_calm,0,ravdess,12
data/emotion_datasets/ravdess/Actor_12/03-01-02-01-02-02-12.wav,neutral_calm,0,ravdess,12
data/emotion_datasets/ravdess/Actor_12/03-01-02-02-01-01-12.wav,neutral_calm,0,ravdess,12
data/emotion_datasets/ravdess/Actor_12/03-01-02-02-01-02-12.wav,neutral_calm,0,ravdess,12
data/emotion_datasets/ravdess/Actor_12/03-01-02-02-02-01-12.wav,neutral_calm,0,ravdess,12
data/emotion_datasets/ravdess/Actor_12/03-01-02-02-02-02-12.wav,neutral_calm,0,ravdess,12
data/emotion_datasets/ravdess/Actor_12/03-01-03-01-01-01-12.wav,energetic_engaged,1,ravdess,12
data/emotion_datasets/ravdess/Actor_12/03-01-03-01-01-02-12.wav,energetic_engaged,1,ravdess,12
data/emotion_datasets/ravdess/Actor_12/03-01-03-01-02-01-12.wav,energetic_engaged,1,ravdess,12
data/emotion_datasets/ravdess/Actor_12/03-01-03-01-02-02-12.wav,energetic_engaged,1,ravdess,12
data/emotion_datasets/ravdess/Actor_12/03-01-03-02-01-01-12.wav,energetic_engaged,1,ravdess,12
data/emotion_datasets/ravdess/Actor_12/03-01-03-02-01-02-12.wav,energetic_engaged,1,ravdess,12
data/emotion_datasets/ravdess/Actor_12/03-01-03-02-02-01-12.wav,energetic_engaged,1,ravdess,12
data/emotion_datasets/ravdess/Actor_12/03-01-03-02-02-02-12.wav,energetic_engaged,1,ravdess,12
data/emotion_datasets/ravdess/Actor_12/03-01-04-01-01-01-12.wav,low_energy,2,ravdess,12
data/emotion_datasets/ravdess/Actor_12/03-01-04-01-01-02-12.wav,low_energy,2,ravdess,12
data/emotion_datasets/ravdess/Actor_12/03-01-04-01-02-01-12.wav,low_energy,2,ravdess,12
data/emotion_datasets/ravdess/Actor_12/03-01-04-01-02-02-12.wav,low_energy,2,ravdess,12
data/emotion_datasets/ravdess/Actor_12/03-01-04-02-01-01-12.wav,low_energy,2,ravdess,12
data/emotion_datasets/ravdess/Actor_12/03-01-04-02-01-02-12.wav,low_energy,2,ravdess,12
data/emotion_datasets/ravdess/Actor_12/03-01-04-02-02-01-12.wav,low_energy,2,ravdess,12
data/emotion_datasets/ravdess/Actor_12/03-01-04-02-02-02-12.wav,low_energy,2,ravdess,12
data/emotion_datasets/ravdess/Actor_12/03-01-05-01-01-01-12.wav,tense_stressed,3,ravdess,12
data/emotion_datasets/ravdess/Actor_12/03-01-05-01-01-02-12.wav,tense_stressed,3,ravdess,12
data/emotion_datasets/ravdess/Actor_12/03-01-05-01-02-01-12.wav,tense_stressed,3,ravdess,12
data/emotion_datasets/ravdess/Actor_12/03-01-05-01-02-02-12.wav,tense_stressed,3,ravdess,12
data/emotion_datasets/ravdess/Actor_12/03-01-05-02-01-01-12.wav,tense_stressed,3,ravdess,12
data/emotion_datasets/ravdess/Actor_12/03-01-05-02-01-02-12.wav,tense_stressed,3,ravdess,12
data/emotion_datasets/ravdess/Actor_12/03-01-05-02-02-01-12.wav,tense_stressed,3,ravdess,12
data/emotion_datasets/ravdess/Actor_12/03-01-05-02-02-02-12.wav,tense_stressed,3,ravdess,12
data/emotion_datasets/ravdess/Actor_12/03-01-06-01-01-01-12.wav,tense_stressed,3,ravdess,12
data/emotion_datasets/ravdess/Actor_12/03-01-06-01-01-02-12.wav,tense_stressed,3,ravdess,12
data/emotion_datasets/ravdess/Actor_12/03-01-06-01-02-01-12.wav,tense_stressed,3,ravdess,12
data/emotion_datasets/ravdess/Actor_12/03-01-06-01-02-02-12.wav,tense_stressed,3,ravdess,12
data/emotion_datasets/ravdess/Actor_12/03-01-06-02-01-01-12.wav,tense_stressed,3,ravdess,12
data/emotion_datasets/ravdess/Actor_12/03-01-06-02-01-02-12.wav,tense_stressed,3,ravdess,12
data/emotion_datasets/ravdess/Actor_12/03-01-06-02-02-01-12.wav,tense_stressed,3,ravdess,12
data/emotion_datasets/ravdess/Actor_12/03-01-06-02-02-02-12.wav,tense_stressed,3,ravdess,12
data/emotion_datasets/ravdess/Actor_12/03-01-07-01-01-01-12.wav,tense_stressed,3,ravdess,12
data/emotion_datasets/ravdess/Actor_12/03-01-07-01-01-02-12.wav,tense_stressed,3,ravdess,12
data/emotion_datasets/ravdess/Actor_12/03-01-07-01-02-01-12.wav,tense_stressed,3,ravdess,12
data/emotion_datasets/ravdess/Actor_12/03-01-07-01-02-02-12.wav,tense_stressed,3,ravdess,12
data/emotion_datasets/ravdess/Actor_12/03-01-07-02-01-01-12.wav,tense_stressed,3,ravdess,12
data/emotion_datasets/ravdess/Actor_12/03-01-07-02-01-02-12.wav,tense_stressed,3,ravdess,12
data/emotion_datasets/ravdess/Actor_12/03-01-07-02-02-01-12.wav,tense_stressed,3,ravdess,12
data/emotion_datasets/ravdess/Actor_12/03-01-07-02-02-02-12.wav,tense_stressed,3,ravdess,12
data/emotion_datasets/ravdess/Actor_12/03-01-08-01-01-01-12.wav,energetic_engaged,1,ravdess,12
data/emotion_datasets/ravdess/Actor_12/03-01-08-01-01-02-12.wav,energetic_engaged,1,ravdess,12
data/emotion_datasets/ravdess/Actor_12/03-01-08-01-02-01-12.wav,energetic_engaged,1,ravdess,12
data/emotion_datasets/ravdess/Actor_12/03-01-08-01-02-02-12.wav,energetic_engaged,1,ravdess,12
data/emotion_datasets/ravdess/Actor_12/03-01-08-02-01-01-12.wav,energetic_engaged,1,ravdess,12
data/emotion_datasets/ravdess/Actor_12/03-01-08-02-01-02-12.wav,energetic_engaged,1,ravdess,12
data/emotion_datasets/ravdess/Actor_12/03-01-08-02-02-01-12.wav,energetic_engaged,1,ravdess,12
data/emotion_datasets/ravdess/Actor_12/03-01-08-02-02-02-12.wav,energetic_engaged,1,ravdess,12
data/emotion_datasets/ravdess/Actor_13/03-01-01-01-01-01-13.wav,neutral_calm,0,ravdess,13
data/emotion_datasets/ravdess/Actor_13/03-01-01-01-01-02-13.wav,neutral_calm,0,ravdess,13
data/emotion_datasets/ravdess/Actor_13/03-01-01-01-02-01-13.wav,neutral_calm,0,ravdess,13
data/emotion_datasets/ravdess/Actor_13/03-01-01-01-02-02-13.wav,neutral_calm,0,ravdess,13
data/emotion_datasets/ravdess/Actor_13/03-01-02-01-01-01-13.wav,neutral_calm,0,ravdess,13
data/emotion_datasets/ravdess/Actor_13/03-01-02-01-01-02-13.wav,neutral_calm,0,ravdess,13
data/emotion_datasets/ravdess/Actor_13/03-01-02-01-02-01-13.wav,neutral_calm,0,ravdess,13
data/emotion_datasets/ravdess/Actor_13/03-01-02-01-02-02-13.wav,neutral_calm,0,ravdess,13
data/emotion_datasets/ravdess/Actor_13/03-01-02-02-01-01-13.wav,neutral_calm,0,ravdess,13
data/emotion_datasets/ravdess/Actor_13/03-01-02-02-01-02-13.wav,neutral_calm,0,ravdess,13
data/emotion_datasets/ravdess/Actor_13/03-01-02-02-02-01-13.wav,neutral_calm,0,ravdess,13
data/emotion_datasets/ravdess/Actor_13/03-01-02-02-02-02-13.wav,neutral_calm,0,ravdess,13
data/emotion_datasets/ravdess/Actor_13/03-01-03-01-01-01-13.wav,energetic_engaged,1,ravdess,13
data/emotion_datasets/ravdess/Actor_13/03-01-03-01-01-02-13.wav,energetic_engaged,1,ravdess,13
data/emotion_datasets/ravdess/Actor_13/03-01-03-01-02-01-13.wav,energetic_engaged,1,ravdess,13
data/emotion_datasets/ravdess/Actor_13/03-01-03-01-02-02-13.wav,energetic_engaged,1,ravdess,13
data/emotion_datasets/ravdess/Actor_13/03-01-03-02-01-01-13.wav,energetic_engaged,1,ravdess,13
data/emotion_datasets/ravdess/Actor_13/03-01-03-02-01-02-13.wav,energetic_engaged,1,ravdess,13
data/emotion_datasets/ravdess/Actor_13/03-01-03-02-02-01-13.wav,energetic_engaged,1,ravdess,13
data/emotion_datasets/ravdess/Actor_13/03-01-03-02-02-02-13.wav,energetic_engaged,1,ravdess,13
data/emotion_datasets/ravdess/Actor_13/03-01-04-01-01-01-13.wav,low_energy,2,ravdess,13
data/emotion_datasets/ravdess/Actor_13/03-01-04-01-01-02-13.wav,low_energy,2,ravdess,13
data/emotion_datasets/ravdess/Actor_13/03-01-04-01-02-01-13.wav,low_energy,2,ravdess,13
data/emotion_datasets/ravdess/Actor_13/03-01-04-01-02-02-13.wav,low_energy,2,ravdess,13
data/emotion_datasets/ravdess/Actor_13/03-01-04-02-01-01-13.wav,low_energy,2,ravdess,13
data/emotion_datasets/ravdess/Actor_13/03-01-04-02-01-02-13.wav,low_energy,2,ravdess,13
data/emotion_datasets/ravdess/Actor_13/03-01-04-02-02-01-13.wav,low_energy,2,ravdess,13
data/emotion_datasets/ravdess/Actor_13/03-01-04-02-02-02-13.wav,low_energy,2,ravdess,13
data/emotion_datasets/ravdess/Actor_13/03-01-05-01-01-01-13.wav,tense_stressed,3,ravdess,13
data/emotion_datasets/ravdess/Actor_13/03-01-05-01-01-02-13.wav,tense_stressed,3,ravdess,13
data/emotion_datasets/ravdess/Actor_13/03-01-05-01-02-01-13.wav,tense_stressed,3,ravdess,13
data/emotion_datasets/ravdess/Actor_13/03-01-05-01-02-02-13.wav,tense_stressed,3,ravdess,13
data/emotion_datasets/ravdess/Actor_13/03-01-05-02-01-01-13.wav,tense_stressed,3,ravdess,13
data/emotion_datasets/ravdess/Actor_13/03-01-05-02-01-02-13.wav,tense_stressed,3,ravdess,13
data/emotion_datasets/ravdess/Actor_13/03-01-05-02-02-01-13.wav,tense_stressed,3,ravdess,13
data/emotion_datasets/ravdess/Actor_13/03-01-05-02-02-02-13.wav,tense_stressed,3,ravdess,13
data/emotion_datasets/ravdess/Actor_13/03-01-06-01-01-01-13.wav,tense_stressed,3,ravdess,13
data/emotion_datasets/ravdess/Actor_13/03-01-06-01-01-02-13.wav,tense_stressed,3,ravdess,13
data/emotion_datasets/ravdess/Actor_13/03-01-06-01-02-01-13.wav,tense_stressed,3,ravdess,13
data/emotion_datasets/ravdess/Actor_13/03-01-06-01-02-02-13.wav,tense_stressed,3,ravdess,13
data/emotion_datasets/ravdess/Actor_13/03-01-06-02-01-01-13.wav,tense_stressed,3,ravdess,13
data/emotion_datasets/ravdess/Actor_13/03-01-06-02-01-02-13.wav,tense_stressed,3,ravdess,13
data/emotion_datasets/ravdess/Actor_13/03-01-06-02-02-01-13.wav,tense_stressed,3,ravdess,13
data/emotion_datasets/ravdess/Actor_13/03-01-06-02-02-02-13.wav,tense_stressed,3,ravdess,13
data/emotion_datasets/ravdess/Actor_13/03-01-07-01-01-01-13.wav,tense_stressed,3,ravdess,13
data/emotion_datasets/ravdess/Actor_13/03-01-07-01-01-02-13.wav,tense_stressed,3,ravdess,13
data/emotion_datasets/ravdess/Actor_13/03-01-07-01-02-01-13.wav,tense_stressed,3,ravdess,13
data/emotion_datasets/ravdess/Actor_13/03-01-07-01-02-02-13.wav,tense_stressed,3,ravdess,13
data/emotion_datasets/ravdess/Actor_13/03-01-07-02-01-01-13.wav,tense_stressed,3,ravdess,13
data/emotion_datasets/ravdess/Actor_13/03-01-07-02-01-02-13.wav,tense_stressed,3,ravdess,13
data/emotion_datasets/ravdess/Actor_13/03-01-07-02-02-01-13.wav,tense_stressed,3,ravdess,13
data/emotion_datasets/ravdess/Actor_13/03-01-07-02-02-02-13.wav,tense_stressed,3,ravdess,13
data/emotion_datasets/ravdess/Actor_13/03-01-08-01-01-01-13.wav,energetic_engaged,1,ravdess,13
data/emotion_datasets/ravdess/Actor_13/03-01-08-01-01-02-13.wav,energetic_engaged,1,ravdess,13
data/emotion_datasets/ravdess/Actor_13/03-01-08-01-02-01-13.wav,energetic_engaged,1,ravdess,13
data/emotion_datasets/ravdess/Actor_13/03-01-08-01-02-02-13.wav,energetic_engaged,1,ravdess,13
data/emotion_datasets/ravdess/Actor_13/03-01-08-02-01-01-13.wav,energetic_engaged,1,ravdess,13
data/emotion_datasets/ravdess/Actor_13/03-01-08-02-01-02-13.wav,energetic_engaged,1,ravdess,13
data/emotion_datasets/ravdess/Actor_13/03-01-08-02-02-01-13.wav,energetic_engaged,1,ravdess,13
data/emotion_datasets/ravdess/Actor_13/03-01-08-02-02-02-13.wav,energetic_engaged,1,ravdess,13
data/emotion_datasets/ravdess/Actor_14/03-01-01-01-01-01-14.wav,neutral_calm,0,ravdess,14
data/emotion_datasets/ravdess/Actor_14/03-01-01-01-01-02-14.wav,neutral_calm,0,ravdess,14
data/emotion_datasets/ravdess/Actor_14/03-01-01-01-02-01-14.wav,neutral_calm,0,ravdess,14
data/emotion_datasets/ravdess/Actor_14/03-01-01-01-02-02-14.wav,neutral_calm,0,ravdess,14
data/emotion_datasets/ravdess/Actor_14/03-01-02-01-01-01-14.wav,neutral_calm,0,ravdess,14
data/emotion_datasets/ravdess/Actor_14/03-01-02-01-01-02-14.wav,neutral_calm,0,ravdess,14
data/emotion_datasets/ravdess/Actor_14/03-01-02-01-02-01-14.wav,neutral_calm,0,ravdess,14
data/emotion_datasets/ravdess/Actor_14/03-01-02-01-02-02-14.wav,neutral_calm,0,ravdess,14
data/emotion_datasets/ravdess/Actor_14/03-01-02-02-01-01-14.wav,neutral_calm,0,ravdess,14
data/emotion_datasets/ravdess/Actor_14/03-01-02-02-01-02-14.wav,neutral_calm,0,ravdess,14
data/emotion_datasets/ravdess/Actor_14/03-01-02-02-02-01-14.wav,neutral_calm,0,ravdess,14
data/emotion_datasets/ravdess/Actor_14/03-01-02-02-02-02-14.wav,neutral_calm,0,ravdess,14
data/emotion_datasets/ravdess/Actor_14/03-01-03-01-01-01-14.wav,energetic_engaged,1,ravdess,14
data/emotion_datasets/ravdess/Actor_14/03-01-03-01-01-02-14.wav,energetic_engaged,1,ravdess,14
data/emotion_datasets/ravdess/Actor_14/03-01-03-01-02-01-14.wav,energetic_engaged,1,ravdess,14
data/emotion_datasets/ravdess/Actor_14/03-01-03-01-02-02-14.wav,energetic_engaged,1,ravdess,14
data/emotion_datasets/ravdess/Actor_14/03-01-03-02-01-01-14.wav,energetic_engaged,1,ravdess,14
data/emotion_datasets/ravdess/Actor_14/03-01-03-02-01-02-14.wav,energetic_engaged,1,ravdess,14
data/emotion_datasets/ravdess/Actor_14/03-01-03-02-02-01-14.wav,energetic_engaged,1,ravdess,14
data/emotion_datasets/ravdess/Actor_14/03-01-03-02-02-02-14.wav,energetic_engaged,1,ravdess,14
data/emotion_datasets/ravdess/Actor_14/03-01-04-01-01-01-14.wav,low_energy,2,ravdess,14
data/emotion_datasets/ravdess/Actor_14/03-01-04-01-01-02-14.wav,low_energy,2,ravdess,14
data/emotion_datasets/ravdess/Actor_14/03-01-04-01-02-01-14.wav,low_energy,2,ravdess,14
data/emotion_datasets/ravdess/Actor_14/03-01-04-01-02-02-14.wav,low_energy,2,ravdess,14
data/emotion_datasets/ravdess/Actor_14/03-01-04-02-01-01-14.wav,low_energy,2,ravdess,14
data/emotion_datasets/ravdess/Actor_14/03-01-04-02-01-02-14.wav,low_energy,2,ravdess,14
data/emotion_datasets/ravdess/Actor_14/03-01-04-02-02-01-14.wav,low_energy,2,ravdess,14
data/emotion_datasets/ravdess/Actor_14/03-01-04-02-02-02-14.wav,low_energy,2,ravdess,14
data/emotion_datasets/ravdess/Actor_14/03-01-05-01-01-01-14.wav,tense_stressed,3,ravdess,14
data/emotion_datasets/ravdess/Actor_14/03-01-05-01-01-02-14.wav,tense_stressed,3,ravdess,14
data/emotion_datasets/ravdess/Actor_14/03-01-05-01-02-01-14.wav,tense_stressed,3,ravdess,14
data/emotion_datasets/ravdess/Actor_14/03-01-05-01-02-02-14.wav,tense_stressed,3,ravdess,14
data/emotion_datasets/ravdess/Actor_14/03-01-05-02-01-01-14.wav,tense_stressed,3,ravdess,14
data/emotion_datasets/ravdess/Actor_14/03-01-05-02-01-02-14.wav,tense_stressed,3,ravdess,14
data/emotion_datasets/ravdess/Actor_14/03-01-05-02-02-01-14.wav,tense_stressed,3,ravdess,14
data/emotion_datasets/ravdess/Actor_14/03-01-05-02-02-02-14.wav,tense_stressed,3,ravdess,14
data/emotion_datasets/ravdess/Actor_14/03-01-06-01-01-01-14.wav,tense_stressed,3,ravdess,14
data/emotion_datasets/ravdess/Actor_14/03-01-06-01-01-02-14.wav,tense_stressed,3,ravdess,14
data/emotion_datasets/ravdess/Actor_14/03-01-06-01-02-01-14.wav,tense_stressed,3,ravdess,14
data/emotion_datasets/ravdess/Actor_14/03-01-06-01-02-02-14.wav,tense_stressed,3,ravdess,14
data/emotion_datasets/ravdess/Actor_14/03-01-06-02-01-01-14.wav,tense_stressed,3,ravdess,14
data/emotion_datasets/ravdess/Actor_14/03-01-06-02-01-02-14.wav,tense_stressed,3,ravdess,14
data/emotion_datasets/ravdess/Actor_14/03-01-06-02-02-01-14.wav,tense_stressed,3,ravdess,14
data/emotion_datasets/ravdess/Actor_14/03-01-06-02-02-02-14.wav,tense_stressed,3,ravdess,14
data/emotion_datasets/ravdess/Actor_14/03-01-07-01-01-01-14.wav,tense_stressed,3,ravdess,14
data/emotion_datasets/ravdess/Actor_14/03-01-07-01-01-02-14.wav,tense_stressed,3,ravdess,14
data/emotion_datasets/ravdess/Actor_14/03-01-07-01-02-01-14.wav,tense_stressed,3,ravdess,14
data/emotion_datasets/ravdess/Actor_14/03-01-07-01-02-02-14.wav,tense_stressed,3,ravdess,14
data/emotion_datasets/ravdess/Actor_14/03-01-07-02-01-01-14.wav,tense_stressed,3,ravdess,14
data/emotion_datasets/ravdess/Actor_14/03-01-07-02-01-02-14.wav,tense_stressed,3,ravdess,14
data/emotion_datasets/ravdess/Actor_14/03-01-07-02-02-01-14.wav,tense_stressed,3,ravdess,14
data/emotion_datasets/ravdess/Actor_14/03-01-07-02-02-02-14.wav,tense_stressed,3,ravdess,14
data/emotion_datasets/ravdess/Actor_14/03-01-08-01-01-01-14.wav,energetic_engaged,1,ravdess,14
data/emotion_datasets/ravdess/Actor_14/03-01-08-01-01-02-14.wav,energetic_engaged,1,ravdess,14
data/emotion_datasets/ravdess/Actor_14/03-01-08-01-02-01-14.wav,energetic_engaged,1,ravdess,14
data/emotion_datasets/ravdess/Actor_14/03-01-08-01-02-02-14.wav,energetic_engaged,1,ravdess,14
data/emotion_datasets/ravdess/Actor_14/03-01-08-02-01-01-14.wav,energetic_engaged,1,ravdess,14
data/emotion_datasets/ravdess/Actor_14/03-01-08-02-01-02-14.wav,energetic_engaged,1,ravdess,14
data/emotion_datasets/ravdess/Actor_14/03-01-08-02-02-01-14.wav,energetic_engaged,1,ravdess,14
data/emotion_datasets/ravdess/Actor_14/03-01-08-02-02-02-14.wav,energetic_engaged,1,ravdess,14
data/emotion_datasets/ravdess/Actor_15/03-01-01-01-01-01-15.wav,neutral_calm,0,ravdess,15
data/emotion_datasets/ravdess/Actor_15/03-01-01-01-01-02-15.wav,neutral_calm,0,ravdess,15
data/emotion_datasets/ravdess/Actor_15/03-01-01-01-02-01-15.wav,neutral_calm,0,ravdess,15
data/emotion_datasets/ravdess/Actor_15/03-01-01-01-02-02-15.wav,neutral_calm,0,ravdess,15
data/emotion_datasets/ravdess/Actor_15/03-01-02-01-01-01-15.wav,neutral_calm,0,ravdess,15
data/emotion_datasets/ravdess/Actor_15/03-01-02-01-01-02-15.wav,neutral_calm,0,ravdess,15
data/emotion_datasets/ravdess/Actor_15/03-01-02-01-02-01-15.wav,neutral_calm,0,ravdess,15
data/emotion_datasets/ravdess/Actor_15/03-01-02-01-02-02-15.wav,neutral_calm,0,ravdess,15
data/emotion_datasets/ravdess/Actor_15/03-01-02-02-01-01-15.wav,neutral_calm,0,ravdess,15
data/emotion_datasets/ravdess/Actor_15/03-01-02-02-01-02-15.wav,neutral_calm,0,ravdess,15
data/emotion_datasets/ravdess/Actor_15/03-01-02-02-02-01-15.wav,neutral_calm,0,ravdess,15
data/emotion_datasets/ravdess/Actor_15/03-01-02-02-02-02-15.wav,neutral_calm,0,ravdess,15
data/emotion_datasets/ravdess/Actor_15/03-01-03-01-01-01-15.wav,energetic_engaged,1,ravdess,15
data/emotion_datasets/ravdess/Actor_15/03-01-03-01-01-02-15.wav,energetic_engaged,1,ravdess,15
data/emotion_datasets/ravdess/Actor_15/03-01-03-01-02-01-15.wav,energetic_engaged,1,ravdess,15
data/emotion_datasets/ravdess/Actor_15/03-01-03-01-02-02-15.wav,energetic_engaged,1,ravdess,15
data/emotion_datasets/ravdess/Actor_15/03-01-03-02-01-01-15.wav,energetic_engaged,1,ravdess,15
data/emotion_datasets/ravdess/Actor_15/03-01-03-02-01-02-15.wav,energetic_engaged,1,ravdess,15
data/emotion_datasets/ravdess/Actor_15/03-01-03-02-02-01-15.wav,energetic_engaged,1,ravdess,15
data/emotion_datasets/ravdess/Actor_15/03-01-03-02-02-02-15.wav,energetic_engaged,1,ravdess,15
data/emotion_datasets/ravdess/Actor_15/03-01-04-01-01-01-15.wav,low_energy,2,ravdess,15
data/emotion_datasets/ravdess/Actor_15/03-01-04-01-01-02-15.wav,low_energy,2,ravdess,15
data/emotion_datasets/ravdess/Actor_15/03-01-04-01-02-01-15.wav,low_energy,2,ravdess,15
data/emotion_datasets/ravdess/Actor_15/03-01-04-01-02-02-15.wav,low_energy,2,ravdess,15
data/emotion_datasets/ravdess/Actor_15/03-01-04-02-01-01-15.wav,low_energy,2,ravdess,15
data/emotion_datasets/ravdess/Actor_15/03-01-04-02-01-02-15.wav,low_energy,2,ravdess,15
data/emotion_datasets/ravdess/Actor_15/03-01-04-02-02-01-15.wav,low_energy,2,ravdess,15
data/emotion_datasets/ravdess/Actor_15/03-01-04-02-02-02-15.wav,low_energy,2,ravdess,15
data/emotion_datasets/ravdess/Actor_15/03-01-05-01-01-01-15.wav,tense_stressed,3,ravdess,15
data/emotion_datasets/ravdess/Actor_15/03-01-05-01-01-02-15.wav,tense_stressed,3,ravdess,15
data/emotion_datasets/ravdess/Actor_15/03-01-05-01-02-01-15.wav,tense_stressed,3,ravdess,15
data/emotion_datasets/ravdess/Actor_15/03-01-05-01-02-02-15.wav,tense_stressed,3,ravdess,15
data/emotion_datasets/ravdess/Actor_15/03-01-05-02-01-01-15.wav,tense_stressed,3,ravdess,15
data/emotion_datasets/ravdess/Actor_15/03-01-05-02-01-02-15.wav,tense_stressed,3,ravdess,15
data/emotion_datasets/ravdess/Actor_15/03-01-05-02-02-01-15.wav,tense_stressed,3,ravdess,15
data/emotion_datasets/ravdess/Actor_15/03-01-05-02-02-02-15.wav,tense_stressed,3,ravdess,15
data/emotion_datasets/ravdess/Actor_15/03-01-06-01-01-01-15.wav,tense_stressed,3,ravdess,15
data/emotion_datasets/ravdess/Actor_15/03-01-06-01-01-02-15.wav,tense_stressed,3,ravdess,15
data/emotion_datasets/ravdess/Actor_15/03-01-06-01-02-01-15.wav,tense_stressed,3,ravdess,15
data/emotion_datasets/ravdess/Actor_15/03-01-06-01-02-02-15.wav,tense_stressed,3,ravdess,15
data/emotion_datasets/ravdess/Actor_15/03-01-06-02-01-01-15.wav,tense_stressed,3,ravdess,15
data/emotion_datasets/ravdess/Actor_15/03-01-06-02-01-02-15.wav,tense_stressed,3,ravdess,15
data/emotion_datasets/ravdess/Actor_15/03-01-06-02-02-01-15.wav,tense_stressed,3,ravdess,15
data/emotion_datasets/ravdess/Actor_15/03-01-06-02-02-02-15.wav,tense_stressed,3,ravdess,15
data/emotion_datasets/ravdess/Actor_15/03-01-07-01-01-01-15.wav,tense_stressed,3,ravdess,15
data/emotion_datasets/ravdess/Actor_15/03-01-07-01-01-02-15.wav,tense_stressed,3,ravdess,15
data/emotion_datasets/ravdess/Actor_15/03-01-07-01-02-01-15.wav,tense_stressed,3,ravdess,15
data/emotion_datasets/ravdess/Actor_15/03-01-07-01-02-02-15.wav,tense_stressed,3,ravdess,15
data/emotion_datasets/ravdess/Actor_15/03-01-07-02-01-01-15.wav,tense_stressed,3,ravdess,15
data/emotion_datasets/ravdess/Actor_15/03-01-07-02-01-02-15.wav,tense_stressed,3,ravdess,15
data/emotion_datasets/ravdess/Actor_15/03-01-07-02-02-01-15.wav,tense_stressed,3,ravdess,15
data/emotion_datasets/ravdess/Actor_15/03-01-07-02-02-02-15.wav,tense_stressed,3,ravdess,15
data/emotion_datasets/ravdess/Actor_15/03-01-08-01-01-01-15.wav,energetic_engaged,1,ravdess,15
data/emotion_datasets/ravdess/Actor_15/03-01-08-01-01-02-15.wav,energetic_engaged,1,ravdess,15
data/emotion_datasets/ravdess/Actor_15/03-01-08-01-02-01-15.wav,energetic_engaged,1,ravdess,15
data/emotion_datasets/ravdess/Actor_15/03-01-08-01-02-02-15.wav,energetic_engaged,1,ravdess,15
data/emotion_datasets/ravdess/Actor_15/03-01-08-02-01-01-15.wav,energetic_engaged,1,ravdess,15
data/emotion_datasets/ravdess/Actor_15/03-01-08-02-01-02-15.wav,energetic_engaged,1,ravdess,15
data/emotion_datasets/ravdess/Actor_15/03-01-08-02-02-01-15.wav,energetic_engaged,1,ravdess,15
data/emotion_datasets/ravdess/Actor_15/03-01-08-02-02-02-15.wav,energetic_engaged,1,ravdess,15
data/emotion_datasets/ravdess/Actor_16/03-01-01-01-01-01-16.wav,neutral_calm,0,ravdess,16
data/emotion_datasets/ravdess/Actor_16/03-01-01-01-01-02-16.wav,neutral_calm,0,ravdess,16
data/emotion_datasets/ravdess/Actor_16/03-01-01-01-02-01-16.wav,neutral_calm,0,ravdess,16
data/emotion_datasets/ravdess/Actor_16/03-01-01-01-02-02-16.wav,neutral_calm,0,ravdess,16
data/emotion_datasets/ravdess/Actor_16/03-01-02-01-01-01-16.wav,neutral_calm,0,ravdess,16
data/emotion_datasets/ravdess/Actor_16/03-01-02-01-01-02-16.wav,neutral_calm,0,ravdess,16
data/emotion_datasets/ravdess/Actor_16/03-01-02-01-02-01-16.wav,neutral_calm,0,ravdess,16
data/emotion_datasets/ravdess/Actor_16/03-01-02-01-02-02-16.wav,neutral_calm,0,ravdess,16
data/emotion_datasets/ravdess/Actor_16/03-01-02-02-01-01-16.wav,neutral_calm,0,ravdess,16
data/emotion_datasets/ravdess/Actor_16/03-01-02-02-01-02-16.wav,neutral_calm,0,ravdess,16
data/emotion_datasets/ravdess/Actor_16/03-01-02-02-02-01-16.wav,neutral_calm,0,ravdess,16
data/emotion_datasets/ravdess/Actor_16/03-01-02-02-02-02-16.wav,neutral_calm,0,ravdess,16
data/emotion_datasets/ravdess/Actor_16/03-01-03-01-01-01-16.wav,energetic_engaged,1,ravdess,16
data/emotion_datasets/ravdess/Actor_16/03-01-03-01-01-02-16.wav,energetic_engaged,1,ravdess,16
data/emotion_datasets/ravdess/Actor_16/03-01-03-01-02-01-16.wav,energetic_engaged,1,ravdess,16
data/emotion_datasets/ravdess/Actor_16/03-01-03-01-02-02-16.wav,energetic_engaged,1,ravdess,16
data/emotion_datasets/ravdess/Actor_16/03-01-03-02-01-01-16.wav,energetic_engaged,1,ravdess,16
data/emotion_datasets/ravdess/Actor_16/03-01-03-02-01-02-16.wav,energetic_engaged,1,ravdess,16
data/emotion_datasets/ravdess/Actor_16/03-01-03-02-02-01-16.wav,energetic_engaged,1,ravdess,16
data/emotion_datasets/ravdess/Actor_16/03-01-03-02-02-02-16.wav,energetic_engaged,1,ravdess,16
data/emotion_datasets/ravdess/Actor_16/03-01-04-01-01-01-16.wav,low_energy,2,ravdess,16
data/emotion_datasets/ravdess/Actor_16/03-01-04-01-01-02-16.wav,low_energy,2,ravdess,16
data/emotion_datasets/ravdess/Actor_16/03-01-04-01-02-01-16.wav,low_energy,2,ravdess,16
data/emotion_datasets/ravdess/Actor_16/03-01-04-01-02-02-16.wav,low_energy,2,ravdess,16
data/emotion_datasets/ravdess/Actor_16/03-01-04-02-01-01-16.wav,low_energy,2,ravdess,16
data/emotion_datasets/ravdess/Actor_16/03-01-04-02-01-02-16.wav,low_energy,2,ravdess,16
data/emotion_datasets/ravdess/Actor_16/03-01-04-02-02-01-16.wav,low_energy,2,ravdess,16
data/emotion_datasets/ravdess/Actor_16/03-01-04-02-02-02-16.wav,low_energy,2,ravdess,16
data/emotion_datasets/ravdess/Actor_16/03-01-05-01-01-01-16.wav,tense_stressed,3,ravdess,16
data/emotion_datasets/ravdess/Actor_16/03-01-05-01-01-02-16.wav,tense_stressed,3,ravdess,16
data/emotion_datasets/ravdess/Actor_16/03-01-05-01-02-01-16.wav,tense_stressed,3,ravdess,16
data/emotion_datasets/ravdess/Actor_16/03-01-05-01-02-02-16.wav,tense_stressed,3,ravdess,16
data/emotion_datasets/ravdess/Actor_16/03-01-05-02-01-01-16.wav,tense_stressed,3,ravdess,16
data/emotion_datasets/ravdess/Actor_16/03-01-05-02-01-02-16.wav,tense_stressed,3,ravdess,16
data/emotion_datasets/ravdess/Actor_16/03-01-05-02-02-01-16.wav,tense_stressed,3,ravdess,16
data/emotion_datasets/ravdess/Actor_16/03-01-05-02-02-02-16.wav,tense_stressed,3,ravdess,16
data/emotion_datasets/ravdess/Actor_16/03-01-06-01-01-01-16.wav,tense_stressed,3,ravdess,16
data/emotion_datasets/ravdess/Actor_16/03-01-06-01-01-02-16.wav,tense_stressed,3,ravdess,16
data/emotion_datasets/ravdess/Actor_16/03-01-06-01-02-01-16.wav,tense_stressed,3,ravdess,16
data/emotion_datasets/ravdess/Actor_16/03-01-06-01-02-02-16.wav,tense_stressed,3,ravdess,16
data/emotion_datasets/ravdess/Actor_16/03-01-06-02-01-01-16.wav,tense_stressed,3,ravdess,16
data/emotion_datasets/ravdess/Actor_16/03-01-06-02-01-02-16.wav,tense_stressed,3,ravdess,16
data/emotion_datasets/ravdess/Actor_16/03-01-06-02-02-01-16.wav,tense_stressed,3,ravdess,16
data/emotion_datasets/ravdess/Actor_16/03-01-06-02-02-02-16.wav,tense_stressed,3,ravdess,16
data/emotion_datasets/ravdess/Actor_16/03-01-07-01-01-01-16.wav,tense_stressed,3,ravdess,16
data/emotion_datasets/ravdess/Actor_16/03-01-07-01-01-02-16.wav,tense_stressed,3,ravdess,16
data/emotion_datasets/ravdess/Actor_16/03-01-07-01-02-01-16.wav,tense_stressed,3,ravdess,16
data/emotion_datasets/ravdess/Actor_16/03-01-07-01-02-02-16.wav,tense_stressed,3,ravdess,16
data/emotion_datasets/ravdess/Actor_16/03-01-07-02-01-01-16.wav,tense_stressed,3,ravdess,16
data/emotion_datasets/ravdess/Actor_16/03-01-07-02-01-02-16.wav,tense_stressed,3,ravdess,16
data/emotion_datasets/ravdess/Actor_16/03-01-07-02-02-01-16.wav,tense_stressed,3,ravdess,16
data/emotion_datasets/ravdess/Actor_16/03-01-07-02-02-02-16.wav,tense_stressed,3,ravdess,16
data/emotion_datasets/ravdess/Actor_16/03-01-08-01-01-01-16.wav,energetic_engaged,1,ravdess,16
data/emotion_datasets/ravdess/Actor_16/03-01-08-01-01-02-16.wav,energetic_engaged,1,ravdess,16
data/emotion_datasets/ravdess/Actor_16/03-01-08-01-02-01-16.wav,energetic_engaged,1,ravdess,16
data/emotion_datasets/ravdess/Actor_16/03-01-08-01-02-02-16.wav,energetic_engaged,1,ravdess,16
data/emotion_datasets/ravdess/Actor_16/03-01-08-02-01-01-16.wav,energetic_engaged,1,ravdess,16
data/emotion_datasets/ravdess/Actor_16/03-01-08-02-01-02-16.wav,energetic_engaged,1,ravdess,16
data/emotion_datasets/ravdess/Actor_16/03-01-08-02-02-01-16.wav,energetic_engaged,1,ravdess,16
data/emotion_datasets/ravdess/Actor_16/03-01-08-02-02-02-16.wav,energetic_engaged,1,ravdess,16
data/emotion_datasets/ravdess/Actor_17/03-01-01-01-01-01-17.wav,neutral_calm,0,ravdess,17
data/emotion_datasets/ravdess/Actor_17/03-01-01-01-01-02-17.wav,neutral_calm,0,ravdess,17
data/emotion_datasets/ravdess/Actor_17/03-01-01-01-02-01-17.wav,neutral_calm,0,ravdess,17
data/emotion_datasets/ravdess/Actor_17/03-01-01-01-02-02-17.wav,neutral_calm,0,ravdess,17
data/emotion_datasets/ravdess/Actor_17/03-01-02-01-01-01-17.wav,neutral_calm,0,ravdess,17
data/emotion_datasets/ravdess/Actor_17/03-01-02-01-01-02-17.wav,neutral_calm,0,ravdess,17
data/emotion_datasets/ravdess/Actor_17/03-01-02-01-02-01-17.wav,neutral_calm,0,ravdess,17
data/emotion_datasets/ravdess/Actor_17/03-01-02-01-02-02-17.wav,neutral_calm,0,ravdess,17
data/emotion_datasets/ravdess/Actor_17/03-01-02-02-01-01-17.wav,neutral_calm,0,ravdess,17
data/emotion_datasets/ravdess/Actor_17/03-01-02-02-01-02-17.wav,neutral_calm,0,ravdess,17
data/emotion_datasets/ravdess/Actor_17/03-01-02-02-02-01-17.wav,neutral_calm,0,ravdess,17
data/emotion_datasets/ravdess/Actor_17/03-01-02-02-02-02-17.wav,neutral_calm,0,ravdess,17
data/emotion_datasets/ravdess/Actor_17/03-01-03-01-01-01-17.wav,energetic_engaged,1,ravdess,17
data/emotion_datasets/ravdess/Actor_17/03-01-03-01-01-02-17.wav,energetic_engaged,1,ravdess,17
data/emotion_datasets/ravdess/Actor_17/03-01-03-01-02-01-17.wav,energetic_engaged,1,ravdess,17
data/emotion_datasets/ravdess/Actor_17/03-01-03-01-02-02-17.wav,energetic_engaged,1,ravdess,17
data/emotion_datasets/ravdess/Actor_17/03-01-03-02-01-01-17.wav,energetic_engaged,1,ravdess,17
data/emotion_datasets/ravdess/Actor_17/03-01-03-02-01-02-17.wav,energetic_engaged,1,ravdess,17
data/emotion_datasets/ravdess/Actor_17/03-01-03-02-02-01-17.wav,energetic_engaged,1,ravdess,17
data/emotion_datasets/ravdess/Actor_17/03-01-03-02-02-02-17.wav,energetic_engaged,1,ravdess,17
data/emotion_datasets/ravdess/Actor_17/03-01-04-01-01-01-17.wav,low_energy,2,ravdess,17
data/emotion_datasets/ravdess/Actor_17/03-01-04-01-01-02-17.wav,low_energy,2,ravdess,17
data/emotion_datasets/ravdess/Actor_17/03-01-04-01-02-01-17.wav,low_energy,2,ravdess,17
data/emotion_datasets/ravdess/Actor_17/03-01-04-01-02-02-17.wav,low_energy,2,ravdess,17
data/emotion_datasets/ravdess/Actor_17/03-01-04-02-01-01-17.wav,low_energy,2,ravdess,17
data/emotion_datasets/ravdess/Actor_17/03-01-04-02-01-02-17.wav,low_energy,2,ravdess,17
data/emotion_datasets/ravdess/Actor_17/03-01-04-02-02-01-17.wav,low_energy,2,ravdess,17
data/emotion_datasets/ravdess/Actor_17/03-01-04-02-02-02-17.wav,low_energy,2,ravdess,17
data/emotion_datasets/ravdess/Actor_17/03-01-05-01-01-01-17.wav,tense_stressed,3,ravdess,17
data/emotion_datasets/ravdess/Actor_17/03-01-05-01-01-02-17.wav,tense_stressed,3,ravdess,17
data/emotion_datasets/ravdess/Actor_17/03-01-05-01-02-01-17.wav,tense_stressed,3,ravdess,17
data/emotion_datasets/ravdess/Actor_17/03-01-05-01-02-02-17.wav,tense_stressed,3,ravdess,17
data/emotion_datasets/ravdess/Actor_17/03-01-05-02-01-01-17.wav,tense_stressed,3,ravdess,17
data/emotion_datasets/ravdess/Actor_17/03-01-05-02-01-02-17.wav,tense_stressed,3,ravdess,17
data/emotion_datasets/ravdess/Actor_17/03-01-05-02-02-01-17.wav,tense_stressed,3,ravdess,17
data/emotion_datasets/ravdess/Actor_17/03-01-05-02-02-02-17.wav,tense_stressed,3,ravdess,17
data/emotion_datasets/ravdess/Actor_17/03-01-06-01-01-01-17.wav,tense_stressed,3,ravdess,17
data/emotion_datasets/ravdess/Actor_17/03-01-06-01-01-02-17.wav,tense_stressed,3,ravdess,17
data/emotion_datasets/ravdess/Actor_17/03-01-06-01-02-01-17.wav,tense_stressed,3,ravdess,17
data/emotion_datasets/ravdess/Actor_17/03-01-06-01-02-02-17.wav,tense_stressed,3,ravdess,17
data/emotion_datasets/ravdess/Actor_17/03-01-06-02-01-01-17.wav,tense_stressed,3,ravdess,17
data/emotion_datasets/ravdess/Actor_17/03-01-06-02-01-02-17.wav,tense_stressed,3,ravdess,17
data/emotion_datasets/ravdess/Actor_17/03-01-06-02-02-01-17.wav,tense_stressed,3,ravdess,17
data/emotion_datasets/ravdess/Actor_17/03-01-06-02-02-02-17.wav,tense_stressed,3,ravdess,17
data/emotion_datasets/ravdess/Actor_17/03-01-07-01-01-01-17.wav,tense_stressed,3,ravdess,17
data/emotion_datasets/ravdess/Actor_17/03-01-07-01-01-02-17.wav,tense_stressed,3,ravdess,17
data/emotion_datasets/ravdess/Actor_17/03-01-07-01-02-01-17.wav,tense_stressed,3,ravdess,17
data/emotion_datasets/ravdess/Actor_17/03-01-07-01-02-02-17.wav,tense_stressed,3,ravdess,17
data/emotion_datasets/ravdess/Actor_17/03-01-07-02-01-01-17.wav,tense_stressed,3,ravdess,17
data/emotion_datasets/ravdess/Actor_17/03-01-07-02-01-02-17.wav,tense_stressed,3,ravdess,17
data/emotion_datasets/ravdess/Actor_17/03-01-07-02-02-01-17.wav,tense_stressed,3,ravdess,17
data/emotion_datasets/ravdess/Actor_17/03-01-07-02-02-02-17.wav,tense_stressed,3,ravdess,17
data/emotion_datasets/ravdess/Actor_17/03-01-08-01-01-01-17.wav,energetic_engaged,1,ravdess,17
data/emotion_datasets/ravdess/Actor_17/03-01-08-01-01-02-17.wav,energetic_engaged,1,ravdess,17
data/emotion_datasets/ravdess/Actor_17/03-01-08-01-02-01-17.wav,energetic_engaged,1,ravdess,17
data/emotion_datasets/ravdess/Actor_17/03-01-08-01-02-02-17.wav,energetic_engaged,1,ravdess,17
data/emotion_datasets/ravdess/Actor_17/03-01-08-02-01-01-17.wav,energetic_engaged,1,ravdess,17
data/emotion_datasets/ravdess/Actor_17/03-01-08-02-01-02-17.wav,energetic_engaged,1,ravdess,17
data/emotion_datasets/ravdess/Actor_17/03-01-08-02-02-01-17.wav,energetic_engaged,1,ravdess,17
data/emotion_datasets/ravdess/Actor_17/03-01-08-02-02-02-17.wav,energetic_engaged,1,ravdess,17
data/emotion_datasets/ravdess/Actor_18/03-01-01-01-01-01-18.wav,neutral_calm,0,ravdess,18
data/emotion_datasets/ravdess/Actor_18/03-01-01-01-01-02-18.wav,neutral_calm,0,ravdess,18
data/emotion_datasets/ravdess/Actor_18/03-01-01-01-02-01-18.wav,neutral_calm,0,ravdess,18
data/emotion_datasets/ravdess/Actor_18/03-01-01-01-02-02-18.wav,neutral_calm,0,ravdess,18
data/emotion_datasets/ravdess/Actor_18/03-01-02-01-01-01-18.wav,neutral_calm,0,ravdess,18
data/emotion_datasets/ravdess/Actor_18/03-01-02-01-01-02-18.wav,neutral_calm,0,ravdess,18
data/emotion_datasets/ravdess/Actor_18/03-01-02-01-02-01-18.wav,neutral_calm,0,ravdess,18
data/emotion_datasets/ravdess/Actor_18/03-01-02-01-02-02-18.wav,neutral_calm,0,ravdess,18
data/emotion_datasets/ravdess/Actor_18/03-01-02-02-01-01-18.wav,neutral_calm,0,ravdess,18
data/emotion_datasets/ravdess/Actor_18/03-01-02-02-01-02-18.wav,neutral_calm,0,ravdess,18
data/emotion_datasets/ravdess/Actor_18/03-01-02-02-02-01-18.wav,neutral_calm,0,ravdess,18
data/emotion_datasets/ravdess/Actor_18/03-01-02-02-02-02-18.wav,neutral_calm,0,ravdess,18
data/emotion_datasets/ravdess/Actor_18/03-01-03-01-01-01-18.wav,energetic_engaged,1,ravdess,18
data/emotion_datasets/ravdess/Actor_18/03-01-03-01-01-02-18.wav,energetic_engaged,1,ravdess,18
data/emotion_datasets/ravdess/Actor_18/03-01-03-01-02-01-18.wav,energetic_engaged,1,ravdess,18
data/emotion_datasets/ravdess/Actor_18/03-01-03-01-02-02-18.wav,energetic_engaged,1,ravdess,18
data/emotion_datasets/ravdess/Actor_18/03-01-03-02-01-01-18.wav,energetic_engaged,1,ravdess,18
data/emotion_datasets/ravdess/Actor_18/03-01-03-02-01-02-18.wav,energetic_engaged,1,ravdess,18
data/emotion_datasets/ravdess/Actor_18/03-01-03-02-02-01-18.wav,energetic_engaged,1,ravdess,18
data/emotion_datasets/ravdess/Actor_18/03-01-03-02-02-02-18.wav,energetic_engaged,1,ravdess,18
data/emotion_datasets/ravdess/Actor_18/03-01-04-01-01-01-18.wav,low_energy,2,ravdess,18
data/emotion_datasets/ravdess/Actor_18/03-01-04-01-01-02-18.wav,low_energy,2,ravdess,18
data/emotion_datasets/ravdess/Actor_18/03-01-04-01-02-01-18.wav,low_energy,2,ravdess,18
data/emotion_datasets/ravdess/Actor_18/03-01-04-01-02-02-18.wav,low_energy,2,ravdess,18
data/emotion_datasets/ravdess/Actor_18/03-01-04-02-01-01-18.wav,low_energy,2,ravdess,18
data/emotion_datasets/ravdess/Actor_18/03-01-04-02-01-02-18.wav,low_energy,2,ravdess,18
data/emotion_datasets/ravdess/Actor_18/03-01-04-02-02-01-18.wav,low_energy,2,ravdess,18
data/emotion_datasets/ravdess/Actor_18/03-01-04-02-02-02-18.wav,low_energy,2,ravdess,18
data/emotion_datasets/ravdess/Actor_18/03-01-05-01-01-01-18.wav,tense_stressed,3,ravdess,18
data/emotion_datasets/ravdess/Actor_18/03-01-05-01-01-02-18.wav,tense_stressed,3,ravdess,18
data/emotion_datasets/ravdess/Actor_18/03-01-05-01-02-01-18.wav,tense_stressed,3,ravdess,18
data/emotion_datasets/ravdess/Actor_18/03-01-05-01-02-02-18.wav,tense_stressed,3,ravdess,18
data/emotion_datasets/ravdess/Actor_18/03-01-05-02-01-01-18.wav,tense_stressed,3,ravdess,18
data/emotion_datasets/ravdess/Actor_18/03-01-05-02-01-02-18.wav,tense_stressed,3,ravdess,18
data/emotion_datasets/ravdess/Actor_18/03-01-05-02-02-01-18.wav,tense_stressed,3,ravdess,18
data/emotion_datasets/ravdess/Actor_18/03-01-05-02-02-02-18.wav,tense_stressed,3,ravdess,18
data/emotion_datasets/ravdess/Actor_18/03-01-06-01-01-01-18.wav,tense_stressed,3,ravdess,18
data/emotion_datasets/ravdess/Actor_18/03-01-06-01-01-02-18.wav,tense_stressed,3,ravdess,18
data/emotion_datasets/ravdess/Actor_18/03-01-06-01-02-01-18.wav,tense_stressed,3,ravdess,18
data/emotion_datasets/ravdess/Actor_18/03-01-06-01-02-02-18.wav,tense_stressed,3,ravdess,18
data/emotion_datasets/ravdess/Actor_18/03-01-06-02-01-01-18.wav,tense_stressed,3,ravdess,18
data/emotion_datasets/ravdess/Actor_18/03-01-06-02-01-02-18.wav,tense_stressed,3,ravdess,18
data/emotion_datasets/ravdess/Actor_18/03-01-06-02-02-01-18.wav,tense_stressed,3,ravdess,18
data/emotion_datasets/ravdess/Actor_18/03-01-06-02-02-02-18.wav,tense_stressed,3,ravdess,18
data/emotion_datasets/ravdess/Actor_18/03-01-07-01-01-01-18.wav,tense_stressed,3,ravdess,18
data/emotion_datasets/ravdess/Actor_18/03-01-07-01-01-02-18.wav,tense_stressed,3,ravdess,18
data/emotion_datasets/ravdess/Actor_18/03-01-07-01-02-01-18.wav,tense_stressed,3,ravdess,18
data/emotion_datasets/ravdess/Actor_18/03-01-07-01-02-02-18.wav,tense_stressed,3,ravdess,18
data/emotion_datasets/ravdess/Actor_18/03-01-07-02-01-01-18.wav,tense_stressed,3,ravdess,18
data/emotion_datasets/ravdess/Actor_18/03-01-07-02-01-02-18.wav,tense_stressed,3,ravdess,18
data/emotion_datasets/ravdess/Actor_18/03-01-07-02-02-01-18.wav,tense_stressed,3,ravdess,18
data/emotion_datasets/ravdess/Actor_18/03-01-07-02-02-02-18.wav,tense_stressed,3,ravdess,18
data/emotion_datasets/ravdess/Actor_18/03-01-08-01-01-01-18.wav,energetic_engaged,1,ravdess,18
data/emotion_datasets/ravdess/Actor_18/03-01-08-01-01-02-18.wav,energetic_engaged,1,ravdess,18
data/emotion_datasets/ravdess/Actor_18/03-01-08-01-02-01-18.wav,energetic_engaged,1,ravdess,18
data/emotion_datasets/ravdess/Actor_18/03-01-08-01-02-02-18.wav,energetic_engaged,1,ravdess,18
data/emotion_datasets/ravdess/Actor_18/03-01-08-02-01-01-18.wav,energetic_engaged,1,ravdess,18
data/emotion_datasets/ravdess/Actor_18/03-01-08-02-01-02-18.wav,energetic_engaged,1,ravdess,18
data/emotion_datasets/ravdess/Actor_18/03-01-08-02-02-01-18.wav,energetic_engaged,1,ravdess,18
data/emotion_datasets/ravdess/Actor_18/03-01-08-02-02-02-18.wav,energetic_engaged,1,ravdess,18
data/emotion_datasets/ravdess/Actor_19/03-01-01-01-01-01-19.wav,neutral_calm,0,ravdess,19
data/emotion_datasets/ravdess/Actor_19/03-01-01-01-01-02-19.wav,neutral_calm,0,ravdess,19
data/emotion_datasets/ravdess/Actor_19/03-01-01-01-02-01-19.wav,neutral_calm,0,ravdess,19
data/emotion_datasets/ravdess/Actor_19/03-01-01-01-02-02-19.wav,neutral_calm,0,ravdess,19
data/emotion_datasets/ravdess/Actor_19/03-01-02-01-01-01-19.wav,neutral_calm,0,ravdess,19
data/emotion_datasets/ravdess/Actor_19/03-01-02-01-01-02-19.wav,neutral_calm,0,ravdess,19
data/emotion_datasets/ravdess/Actor_19/03-01-02-01-02-01-19.wav,neutral_calm,0,ravdess,19
data/emotion_datasets/ravdess/Actor_19/03-01-02-01-02-02-19.wav,neutral_calm,0,ravdess,19
data/emotion_datasets/ravdess/Actor_19/03-01-02-02-01-01-19.wav,neutral_calm,0,ravdess,19
data/emotion_datasets/ravdess/Actor_19/03-01-02-02-01-02-19.wav,neutral_calm,0,ravdess,19
data/emotion_datasets/ravdess/Actor_19/03-01-02-02-02-01-19.wav,neutral_calm,0,ravdess,19
data/emotion_datasets/ravdess/Actor_19/03-01-02-02-02-02-19.wav,neutral_calm,0,ravdess,19
data/emotion_datasets/ravdess/Actor_19/03-01-03-01-01-01-19.wav,energetic_engaged,1,ravdess,19
data/emotion_datasets/ravdess/Actor_19/03-01-03-01-01-02-19.wav,energetic_engaged,1,ravdess,19
data/emotion_datasets/ravdess/Actor_19/03-01-03-01-02-01-19.wav,energetic_engaged,1,ravdess,19
data/emotion_datasets/ravdess/Actor_19/03-01-03-01-02-02-19.wav,energetic_engaged,1,ravdess,19
data/emotion_datasets/ravdess/Actor_19/03-01-03-02-01-01-19.wav,energetic_engaged,1,ravdess,19
data/emotion_datasets/ravdess/Actor_19/03-01-03-02-01-02-19.wav,energetic_engaged,1,ravdess,19
data/emotion_datasets/ravdess/Actor_19/03-01-03-02-02-01-19.wav,energetic_engaged,1,ravdess,19
data/emotion_datasets/ravdess/Actor_19/03-01-03-02-02-02-19.wav,energetic_engaged,1,ravdess,19
data/emotion_datasets/ravdess/Actor_19/03-01-04-01-01-01-19.wav,low_energy,2,ravdess,19
data/emotion_datasets/ravdess/Actor_19/03-01-04-01-01-02-19.wav,low_energy,2,ravdess,19
data/emotion_datasets/ravdess/Actor_19/03-01-04-01-02-01-19.wav,low_energy,2,ravdess,19
data/emotion_datasets/ravdess/Actor_19/03-01-04-01-02-02-19.wav,low_energy,2,ravdess,19
data/emotion_datasets/ravdess/Actor_19/03-01-04-02-01-01-19.wav,low_energy,2,ravdess,19
data/emotion_datasets/ravdess/Actor_19/03-01-04-02-01-02-19.wav,low_energy,2,ravdess,19
data/emotion_datasets/ravdess/Actor_19/03-01-04-02-02-01-19.wav,low_energy,2,ravdess,19
data/emotion_datasets/ravdess/Actor_19/03-01-04-02-02-02-19.wav,low_energy,2,ravdess,19
data/emotion_datasets/ravdess/Actor_19/03-01-05-01-01-01-19.wav,tense_stressed,3,ravdess,19
data/emotion_datasets/ravdess/Actor_19/03-01-05-01-01-02-19.wav,tense_stressed,3,ravdess,19
data/emotion_datasets/ravdess/Actor_19/03-01-05-01-02-01-19.wav,tense_stressed,3,ravdess,19
data/emotion_datasets/ravdess/Actor_19/03-01-05-01-02-02-19.wav,tense_stressed,3,ravdess,19
data/emotion_datasets/ravdess/Actor_19/03-01-05-02-01-01-19.wav,tense_stressed,3,ravdess,19
data/emotion_datasets/ravdess/Actor_19/03-01-05-02-01-02-19.wav,tense_stressed,3,ravdess,19
data/emotion_datasets/ravdess/Actor_19/03-01-05-02-02-01-19.wav,tense_stressed,3,ravdess,19
data/emotion_datasets/ravdess/Actor_19/03-01-05-02-02-02-19.wav,tense_stressed,3,ravdess,19
data/emotion_datasets/ravdess/Actor_19/03-01-06-01-01-01-19.wav,tense_stressed,3,ravdess,19
data/emotion_datasets/ravdess/Actor_19/03-01-06-01-01-02-19.wav,tense_stressed,3,ravdess,19
data/emotion_datasets/ravdess/Actor_19/03-01-06-01-02-01-19.wav,tense_stressed,3,ravdess,19
data/emotion_datasets/ravdess/Actor_19/03-01-06-01-02-02-19.wav,tense_stressed,3,ravdess,19
data/emotion_datasets/ravdess/Actor_19/03-01-06-02-01-01-19.wav,tense_stressed,3,ravdess,19
data/emotion_datasets/ravdess/Actor_19/03-01-06-02-01-02-19.wav,tense_stressed,3,ravdess,19
data/emotion_datasets/ravdess/Actor_19/03-01-06-02-02-01-19.wav,tense_stressed,3,ravdess,19
data/emotion_datasets/ravdess/Actor_19/03-01-06-02-02-02-19.wav,tense_stressed,3,ravdess,19
data/emotion_datasets/ravdess/Actor_19/03-01-07-01-01-01-19.wav,tense_stressed,3,ravdess,19
data/emotion_datasets/ravdess/Actor_19/03-01-07-01-01-02-19.wav,tense_stressed,3,ravdess,19
data/emotion_datasets/ravdess/Actor_19/03-01-07-01-02-01-19.wav,tense_stressed,3,ravdess,19
data/emotion_datasets/ravdess/Actor_19/03-01-07-01-02-02-19.wav,tense_stressed,3,ravdess,19
data/emotion_datasets/ravdess/Actor_19/03-01-07-02-01-01-19.wav,tense_stressed,3,ravdess,19
data/emotion_datasets/ravdess/Actor_19/03-01-07-02-01-02-19.wav,tense_stressed,3,ravdess,19
data/emotion_datasets/ravdess/Actor_19/03-01-07-02-02-01-19.wav,tense_stressed,3,ravdess,19
data/emotion_datasets/ravdess/Actor_19/03-01-07-02-02-02-19.wav,tense_stressed,3,ravdess,19
data/emotion_datasets/ravdess/Actor_19/03-01-08-01-01-01-19.wav,energetic_engaged,1,ravdess,19
data/emotion_datasets/ravdess/Actor_19/03-01-08-01-01-02-19.wav,energetic_engaged,1,ravdess,19
data/emotion_datasets/ravdess/Actor_19/03-01-08-01-02-01-19.wav,energetic_engaged,1,ravdess,19
data/emotion_datasets/ravdess/Actor_19/03-01-08-01-02-02-19.wav,energetic_engaged,1,ravdess,19
data/emotion_datasets/ravdess/Actor_19/03-01-08-02-01-01-19.wav,energetic_engaged,1,ravdess,19
data/emotion_datasets/ravdess/Actor_19/03-01-08-02-01-02-19.wav,energetic_engaged,1,ravdess,19
data/emotion_datasets/ravdess/Actor_19/03-01-08-02-02-01-19.wav,energetic_engaged,1,ravdess,19
data/emotion_datasets/ravdess/Actor_19/03-01-08-02-02-02-19.wav,energetic_engaged,1,ravdess,19
data/emotion_datasets/ravdess/Actor_20/03-01-01-01-01-01-20.wav,neutral_calm,0,ravdess,20
data/emotion_datasets/ravdess/Actor_20/03-01-01-01-01-02-20.wav,neutral_calm,0,ravdess,20
data/emotion_datasets/ravdess/Actor_20/03-01-01-01-02-01-20.wav,neutral_calm,0,ravdess,20
data/emotion_datasets/ravdess/Actor_20/03-01-01-01-02-02-20.wav,neutral_calm,0,ravdess,20
data/emotion_datasets/ravdess/Actor_20/03-01-02-01-01-01-20.wav,neutral_calm,0,ravdess,20
data/emotion_datasets/ravdess/Actor_20/03-01-02-01-01-02-20.wav,neutral_calm,0,ravdess,20
data/emotion_datasets/ravdess/Actor_20/03-01-02-01-02-01-20.wav,neutral_calm,0,ravdess,20
data/emotion_datasets/ravdess/Actor_20/03-01-02-01-02-02-20.wav,neutral_calm,0,ravdess,20
data/emotion_datasets/ravdess/Actor_20/03-01-02-02-01-01-20.wav,neutral_calm,0,ravdess,20
data/emotion_datasets/ravdess/Actor_20/03-01-02-02-01-02-20.wav,neutral_calm,0,ravdess,20
data/emotion_datasets/ravdess/Actor_20/03-01-02-02-02-01-20.wav,neutral_calm,0,ravdess,20
data/emotion_datasets/ravdess/Actor_20/03-01-02-02-02-02-20.wav,neutral_calm,0,ravdess,20
data/emotion_datasets/ravdess/Actor_20/03-01-03-01-01-01-20.wav,energetic_engaged,1,ravdess,20
data/emotion_datasets/ravdess/Actor_20/03-01-03-01-01-02-20.wav,energetic_engaged,1,ravdess,20
data/emotion_datasets/ravdess/Actor_20/03-01-03-01-02-01-20.wav,energetic_engaged,1,ravdess,20
data/emotion_datasets/ravdess/Actor_20/03-01-03-01-02-02-20.wav,energetic_engaged,1,ravdess,20
data/emotion_datasets/ravdess/Actor_20/03-01-03-02-01-01-20.wav,energetic_engaged,1,ravdess,20
data/emotion_datasets/ravdess/Actor_20/03-01-03-02-01-02-20.wav,energetic_engaged,1,ravdess,20
data/emotion_datasets/ravdess/Actor_20/03-01-03-02-02-01-20.wav,energetic_engaged,1,ravdess,20
data/emotion_datasets/ravdess/Actor_20/03-01-03-02-02-02-20.wav,energetic_engaged,1,ravdess,20
data/emotion_datasets/ravdess/Actor_20/03-01-04-01-01-01-20.wav,low_energy,2,ravdess,20
data/emotion_datasets/ravdess/Actor_20/03-01-04-01-01-02-20.wav,low_energy,2,ravdess,20
data/emotion_datasets/ravdess/Actor_20/03-01-04-01-02-01-20.wav,low_energy,2,ravdess,20
data/emotion_datasets/ravdess/Actor_20/03-01-04-01-02-02-20.wav,low_energy,2,ravdess,20
data/emotion_datasets/ravdess/Actor_20/03-01-04-02-01-01-20.wav,low_energy,2,ravdess,20
data/emotion_datasets/ravdess/Actor_20/03-01-04-02-01-02-20.wav,low_energy,2,ravdess,20
data/emotion_datasets/ravdess/Actor_20/03-01-04-02-02-01-20.wav,low_energy,2,ravdess,20
data/emotion_datasets/ravdess/Actor_20/03-01-04-02-02-02-20.wav,low_energy,2,ravdess,20
data/emotion_datasets/ravdess/Actor_20/03-01-05-01-01-01-20.wav,tense_stressed,3,ravdess,20
data/emotion_datasets/ravdess/Actor_20/03-01-05-01-01-02-20.wav,tense_stressed,3,ravdess,20
data/emotion_datasets/ravdess/Actor_20/03-01-05-01-02-01-20.wav,tense_stressed,3,ravdess,20
data/emotion_datasets/ravdess/Actor_20/03-01-05-01-02-02-20.wav,tense_stressed,3,ravdess,20
data/emotion_datasets/ravdess/Actor_20/03-01-05-02-01-01-20.wav,tense_stressed,3,ravdess,20
data/emotion_datasets/ravdess/Actor_20/03-01-05-02-01-02-20.wav,tense_stressed,3,ravdess,20
data/emotion_datasets/ravdess/Actor_20/03-01-05-02-02-01-20.wav,tense_stressed,3,ravdess,20
data/emotion_datasets/ravdess/Actor_20/03-01-05-02-02-02-20.wav,tense_stressed,3,ravdess,20
data/emotion_datasets/ravdess/Actor_20/03-01-06-01-01-01-20.wav,tense_stressed,3,ravdess,20
data/emotion_datasets/ravdess/Actor_20/03-01-06-01-01-02-20.wav,tense_stressed,3,ravdess,20
data/emotion_datasets/ravdess/Actor_20/03-01-06-01-02-01-20.wav,tense_stressed,3,ravdess,20
data/emotion_datasets/ravdess/Actor_20/03-01-06-01-02-02-20.wav,tense_stressed,3,ravdess,20
data/emotion_datasets/ravdess/Actor_20/03-01-06-02-01-01-20.wav,tense_stressed,3,ravdess,20
data/emotion_datasets/ravdess/Actor_20/03-01-06-02-01-02-20.wav,tense_stressed,3,ravdess,20
data/emotion_datasets/ravdess/Actor_20/03-01-06-02-02-01-20.wav,tense_stressed,3,ravdess,20
data/emotion_datasets/ravdess/Actor_20/03-01-06-02-02-02-20.wav,tense_stressed,3,ravdess,20
data/emotion_datasets/ravdess/Actor_20/03-01-07-01-01-01-20.wav,tense_stressed,3,ravdess,20
data/emotion_datasets/ravdess/Actor_20/03-01-07-01-01-02-20.wav,tense_stressed,3,ravdess,20
data/emotion_datasets/ravdess/Actor_20/03-01-07-01-02-01-20.wav,tense_stressed,3,ravdess,20
data/emotion_datasets/ravdess/Actor_20/03-01-07-01-02-02-20.wav,tense_stressed,3,ravdess,20
data/emotion_datasets/ravdess/Actor_20/03-01-07-02-01-01-20.wav,tense_stressed,3,ravdess,20
data/emotion_datasets/ravdess/Actor_20/03-01-07-02-01-02-20.wav,tense_stressed,3,ravdess,20
data/emotion_datasets/ravdess/Actor_20/03-01-07-02-02-01-20.wav,tense_stressed,3,ravdess,20
data/emotion_datasets/ravdess/Actor_20/03-01-07-02-02-02-20.wav,tense_stressed,3,ravdess,20
data/emotion_datasets/ravdess/Actor_20/03-01-08-01-01-01-20.wav,energetic_engaged,1,ravdess,20
data/emotion_datasets/ravdess/Actor_20/03-01-08-01-01-02-20.wav,energetic_engaged,1,ravdess,20
data/emotion_datasets/ravdess/Actor_20/03-01-08-01-02-01-20.wav,energetic_engaged,1,ravdess,20
data/emotion_datasets/ravdess/Actor_20/03-01-08-01-02-02-20.wav,energetic_engaged,1,ravdess,20
data/emotion_datasets/ravdess/Actor_20/03-01-08-02-01-01-20.wav,energetic_engaged,1,ravdess,20
data/emotion_datasets/ravdess/Actor_20/03-01-08-02-01-02-20.wav,energetic_engaged,1,ravdess,20
data/emotion_datasets/ravdess/Actor_20/03-01-08-02-02-01-20.wav,energetic_engaged,1,ravdess,20
data/emotion_datasets/ravdess/Actor_20/03-01-08-02-02-02-20.wav,energetic_engaged,1,ravdess,20
data/emotion_datasets/ravdess/Actor_21/03-01-01-01-01-01-21.wav,neutral_calm,0,ravdess,21
data/emotion_datasets/ravdess/Actor_21/03-01-01-01-01-02-21.wav,neutral_calm,0,ravdess,21
data/emotion_datasets/ravdess/Actor_21/03-01-01-01-02-01-21.wav,neutral_calm,0,ravdess,21
data/emotion_datasets/ravdess/Actor_21/03-01-01-01-02-02-21.wav,neutral_calm,0,ravdess,21
data/emotion_datasets/ravdess/Actor_21/03-01-02-01-01-01-21.wav,neutral_calm,0,ravdess,21
data/emotion_datasets/ravdess/Actor_21/03-01-02-01-01-02-21.wav,neutral_calm,0,ravdess,21
data/emotion_datasets/ravdess/Actor_21/03-01-02-01-02-01-21.wav,neutral_calm,0,ravdess,21
data/emotion_datasets/ravdess/Actor_21/03-01-02-01-02-02-21.wav,neutral_calm,0,ravdess,21
data/emotion_datasets/ravdess/Actor_21/03-01-02-02-01-01-21.wav,neutral_calm,0,ravdess,21
data/emotion_datasets/ravdess/Actor_21/03-01-02-02-01-02-21.wav,neutral_calm,0,ravdess,21
data/emotion_datasets/ravdess/Actor_21/03-01-02-02-02-01-21.wav,neutral_calm,0,ravdess,21
data/emotion_datasets/ravdess/Actor_21/03-01-02-02-02-02-21.wav,neutral_calm,0,ravdess,21
data/emotion_datasets/ravdess/Actor_21/03-01-03-01-01-01-21.wav,energetic_engaged,1,ravdess,21
data/emotion_datasets/ravdess/Actor_21/03-01-03-01-01-02-21.wav,energetic_engaged,1,ravdess,21
data/emotion_datasets/ravdess/Actor_21/03-01-03-01-02-01-21.wav,energetic_engaged,1,ravdess,21
data/emotion_datasets/ravdess/Actor_21/03-01-03-01-02-02-21.wav,energetic_engaged,1,ravdess,21
data/emotion_datasets/ravdess/Actor_21/03-01-03-02-01-01-21.wav,energetic_engaged,1,ravdess,21
data/emotion_datasets/ravdess/Actor_21/03-01-03-02-01-02-21.wav,energetic_engaged,1,ravdess,21
data/emotion_datasets/ravdess/Actor_21/03-01-03-02-02-01-21.wav,energetic_engaged,1,ravdess,21
data/emotion_datasets/ravdess/Actor_21/03-01-03-02-02-02-21.wav,energetic_engaged,1,ravdess,21
data/emotion_datasets/ravdess/Actor_21/03-01-04-01-01-01-21.wav,low_energy,2,ravdess,21
data/emotion_datasets/ravdess/Actor_21/03-01-04-01-01-02-21.wav,low_energy,2,ravdess,21
data/emotion_datasets/ravdess/Actor_21/03-01-04-01-02-01-21.wav,low_energy,2,ravdess,21
data/emotion_datasets/ravdess/Actor_21/03-01-04-01-02-02-21.wav,low_energy,2,ravdess,21
data/emotion_datasets/ravdess/Actor_21/03-01-04-02-01-01-21.wav,low_energy,2,ravdess,21
data/emotion_datasets/ravdess/Actor_21/03-01-04-02-01-02-21.wav,low_energy,2,ravdess,21
data/emotion_datasets/ravdess/Actor_21/03-01-04-02-02-01-21.wav,low_energy,2,ravdess,21
data/emotion_datasets/ravdess/Actor_21/03-01-04-02-02-02-21.wav,low_energy,2,ravdess,21
data/emotion_datasets/ravdess/Actor_21/03-01-05-01-01-01-21.wav,tense_stressed,3,ravdess,21
data/emotion_datasets/ravdess/Actor_21/03-01-05-01-01-02-21.wav,tense_stressed,3,ravdess,21
data/emotion_datasets/ravdess/Actor_21/03-01-05-01-02-01-21.wav,tense_stressed,3,ravdess,21
data/emotion_datasets/ravdess/Actor_21/03-01-05-01-02-02-21.wav,tense_stressed,3,ravdess,21
data/emotion_datasets/ravdess/Actor_21/03-01-05-02-01-01-21.wav,tense_stressed,3,ravdess,21
data/emotion_datasets/ravdess/Actor_21/03-01-05-02-01-02-21.wav,tense_stressed,3,ravdess,21
data/emotion_datasets/ravdess/Actor_21/03-01-05-02-02-01-21.wav,tense_stressed,3,ravdess,21
data/emotion_datasets/ravdess/Actor_21/03-01-05-02-02-02-21.wav,tense_stressed,3,ravdess,21
data/emotion_datasets/ravdess/Actor_21/03-01-06-01-01-01-21.wav,tense_stressed,3,ravdess,21
data/emotion_datasets/ravdess/Actor_21/03-01-06-01-01-02-21.wav,tense_stressed,3,ravdess,21
data/emotion_datasets/ravdess/Actor_21/03-01-06-01-02-01-21.wav,tense_stressed,3,ravdess,21
data/emotion_datasets/ravdess/Actor_21/03-01-06-01-02-02-21.wav,tense_stressed,3,ravdess,21
data/emotion_datasets/ravdess/Actor_21/03-01-06-02-01-01-21.wav,tense_stressed,3,ravdess,21
data/emotion_datasets/ravdess/Actor_21/03-01-06-02-01-02-21.wav,tense_stressed,3,ravdess,21
data/emotion_datasets/ravdess/Actor_21/03-01-06-02-02-01-21.wav,tense_stressed,3,ravdess,21
data/emotion_datasets/ravdess/Actor_21/03-01-06-02-02-02-21.wav,tense_stressed,3,ravdess,21
data/emotion_datasets/ravdess/Actor_21/03-01-07-01-01-01-21.wav,tense_stressed,3,ravdess,21
data/emotion_datasets/ravdess/Actor_21/03-01-07-01-01-02-21.wav,tense_stressed,3,ravdess,21
data/emotion_datasets/ravdess/Actor_21/03-01-07-01-02-01-21.wav,tense_stressed,3,ravdess,21
data/emotion_datasets/ravdess/Actor_21/03-01-07-01-02-02-21.wav,tense_stressed,3,ravdess,21
data/emotion_datasets/ravdess/Actor_21/03-01-07-02-01-01-21.wav,tense_stressed,3,ravdess,21
data/emotion_datasets/ravdess/Actor_21/03-01-07-02-01-02-21.wav,tense_stressed,3,ravdess,21
data/emotion_datasets/ravdess/Actor_21/03-01-07-02-02-01-21.wav,tense_stressed,3,ravdess,21
data/emotion_datasets/ravdess/Actor_21/03-01-07-02-02-02-21.wav,tense_stressed,3,ravdess,21
data/emotion_datasets/ravdess/Actor_21/03-01-08-01-01-01-21.wav,energetic_engaged,1,ravdess,21
data/emotion_datasets/ravdess/Actor_21/03-01-08-01-01-02-21.wav,energetic_engaged,1,ravdess,21
data/emotion_datasets/ravdess/Actor_21/03-01-08-01-02-01-21.wav,energetic_engaged,1,ravdess,21
data/emotion_datasets/ravdess/Actor_21/03-01-08-01-02-02-21.wav,energetic_engaged,1,ravdess,21
data/emotion_datasets/ravdess/Actor_21/03-01-08-02-01-01-21.wav,energetic_engaged,1,ravdess,21
data/emotion_datasets/ravdess/Actor_21/03-01-08-02-01-02-21.wav,energetic_engaged,1,ravdess,21
data/emotion_datasets/ravdess/Actor_21/03-01-08-02-02-01-21.wav,energetic_engaged,1,ravdess,21
data/emotion_datasets/ravdess/Actor_21/03-01-08-02-02-02-21.wav,energetic_engaged,1,ravdess,21
data/emotion_datasets/ravdess/Actor_22/03-01-01-01-01-01-22.wav,neutral_calm,0,ravdess,22
data/emotion_datasets/ravdess/Actor_22/03-01-01-01-01-02-22.wav,neutral_calm,0,ravdess,22
data/emotion_datasets/ravdess/Actor_22/03-01-01-01-02-01-22.wav,neutral_calm,0,ravdess,22
data/emotion_datasets/ravdess/Actor_22/03-01-01-01-02-02-22.wav,neutral_calm,0,ravdess,22
data/emotion_datasets/ravdess/Actor_22/03-01-02-01-01-01-22.wav,neutral_calm,0,ravdess,22
data/emotion_datasets/ravdess/Actor_22/03-01-02-01-01-02-22.wav,neutral_calm,0,ravdess,22
data/emotion_datasets/ravdess/Actor_22/03-01-02-01-02-01-22.wav,neutral_calm,0,ravdess,22
data/emotion_datasets/ravdess/Actor_22/03-01-02-01-02-02-22.wav,neutral_calm,0,ravdess,22
data/emotion_datasets/ravdess/Actor_22/03-01-02-02-01-01-22.wav,neutral_calm,0,ravdess,22
data/emotion_datasets/ravdess/Actor_22/03-01-02-02-01-02-22.wav,neutral_calm,0,ravdess,22
data/emotion_datasets/ravdess/Actor_22/03-01-02-02-02-01-22.wav,neutral_calm,0,ravdess,22
data/emotion_datasets/ravdess/Actor_22/03-01-02-02-02-02-22.wav,neutral_calm,0,ravdess,22
data/emotion_datasets/ravdess/Actor_22/03-01-03-01-01-01-22.wav,energetic_engaged,1,ravdess,22
data/emotion_datasets/ravdess/Actor_22/03-01-03-01-01-02-22.wav,energetic_engaged,1,ravdess,22
data/emotion_datasets/ravdess/Actor_22/03-01-03-01-02-01-22.wav,energetic_engaged,1,ravdess,22
data/emotion_datasets/ravdess/Actor_22/03-01-03-01-02-02-22.wav,energetic_engaged,1,ravdess,22
data/emotion_datasets/ravdess/Actor_22/03-01-03-02-01-01-22.wav,energetic_engaged,1,ravdess,22
data/emotion_datasets/ravdess/Actor_22/03-01-03-02-01-02-22.wav,energetic_engaged,1,ravdess,22
data/emotion_datasets/ravdess/Actor_22/03-01-03-02-02-01-22.wav,energetic_engaged,1,ravdess,22
data/emotion_datasets/ravdess/Actor_22/03-01-03-02-02-02-22.wav,energetic_engaged,1,ravdess,22
data/emotion_datasets/ravdess/Actor_22/03-01-04-01-01-01-22.wav,low_energy,2,ravdess,22
data/emotion_datasets/ravdess/Actor_22/03-01-04-01-01-02-22.wav,low_energy,2,ravdess,22
data/emotion_datasets/ravdess/Actor_22/03-01-04-01-02-01-22.wav,low_energy,2,ravdess,22
data/emotion_datasets/ravdess/Actor_22/03-01-04-01-02-02-22.wav,low_energy,2,ravdess,22
data/emotion_datasets/ravdess/Actor_22/03-01-04-02-01-01-22.wav,low_energy,2,ravdess,22
data/emotion_datasets/ravdess/Actor_22/03-01-04-02-01-02-22.wav,low_energy,2,ravdess,22
data/emotion_datasets/ravdess/Actor_22/03-01-04-02-02-01-22.wav,low_energy,2,ravdess,22
data/emotion_datasets/ravdess/Actor_22/03-01-04-02-02-02-22.wav,low_energy,2,ravdess,22
data/emotion_datasets/ravdess/Actor_22/03-01-05-01-01-01-22.wav,tense_stressed,3,ravdess,22
data/emotion_datasets/ravdess/Actor_22/03-01-05-01-01-02-22.wav,tense_stressed,3,ravdess,22
data/emotion_datasets/ravdess/Actor_22/03-01-05-01-02-01-22.wav,tense_stressed,3,ravdess,22
data/emotion_datasets/ravdess/Actor_22/03-01-05-01-02-02-22.wav,tense_stressed,3,ravdess,22
data/emotion_datasets/ravdess/Actor_22/03-01-05-02-01-01-22.wav,tense_stressed,3,ravdess,22
data/emotion_datasets/ravdess/Actor_22/03-01-05-02-01-02-22.wav,tense_stressed,3,ravdess,22
data/emotion_datasets/ravdess/Actor_22/03-01-05-02-02-01-22.wav,tense_stressed,3,ravdess,22
data/emotion_datasets/ravdess/Actor_22/03-01-05-02-02-02-22.wav,tense_stressed,3,ravdess,22
data/emotion_datasets/ravdess/Actor_22/03-01-06-01-01-01-22.wav,tense_stressed,3,ravdess,22
data/emotion_datasets/ravdess/Actor_22/03-01-06-01-01-02-22.wav,tense_stressed,3,ravdess,22
data/emotion_datasets/ravdess/Actor_22/03-01-06-01-02-01-22.wav,tense_stressed,3,ravdess,22
data/emotion_datasets/ravdess/Actor_22/03-01-06-01-02-02-22.wav,tense_stressed,3,ravdess,22
data/emotion_datasets/ravdess/Actor_22/03-01-06-02-01-01-22.wav,tense_stressed,3,ravdess,22
data/emotion_datasets/ravdess/Actor_22/03-01-06-02-01-02-22.wav,tense_stressed,3,ravdess,22
data/emotion_datasets/ravdess/Actor_22/03-01-06-02-02-01-22.wav,tense_stressed,3,ravdess,22
data/emotion_datasets/ravdess/Actor_22/03-01-06-02-02-02-22.wav,tense_stressed,3,ravdess,22
data/emotion_datasets/ravdess/Actor_22/03-01-07-01-01-01-22.wav,tense_stressed,3,ravdess,22
data/emotion_datasets/ravdess/Actor_22/03-01-07-01-01-02-22.wav,tense_stressed,3,ravdess,22
data/emotion_datasets/ravdess/Actor_22/03-01-07-01-02-01-22.wav,tense_stressed,3,ravdess,22
data/emotion_datasets/ravdess/Actor_22/03-01-07-01-02-02-22.wav,tense_stressed,3,ravdess,22
data/emotion_datasets/ravdess/Actor_22/03-01-07-02-01-01-22.wav,tense_stressed,3,ravdess,22
data/emotion_datasets/ravdess/Actor_22/03-01-07-02-01-02-22.wav,tense_stressed,3,ravdess,22
data/emotion_datasets/ravdess/Actor_22/03-01-07-02-02-01-22.wav,tense_stressed,3,ravdess,22
data/emotion_datasets/ravdess/Actor_22/03-01-07-02-02-02-22.wav,tense_stressed,3,ravdess,22
data/emotion_datasets/ravdess/Actor_22/03-01-08-01-01-01-22.wav,energetic_engaged,1,ravdess,22
data/emotion_datasets/ravdess/Actor_22/03-01-08-01-01-02-22.wav,energetic_engaged,1,ravdess,22
data/emotion_datasets/ravdess/Actor_22/03-01-08-01-02-01-22.wav,energetic_engaged,1,ravdess,22
data/emotion_datasets/ravdess/Actor_22/03-01-08-01-02-02-22.wav,energetic_engaged,1,ravdess,22
data/emotion_datasets/ravdess/Actor_22/03-01-08-02-01-01-22.wav,energetic_engaged,1,ravdess,22
data/emotion_datasets/ravdess/Actor_22/03-01-08-02-01-02-22.wav,energetic_engaged,1,ravdess,22
data/emotion_datasets/ravdess/Actor_22/03-01-08-02-02-01-22.wav,energetic_engaged,1,ravdess,22
data/emotion_datasets/ravdess/Actor_22/03-01-08-02-02-02-22.wav,energetic_engaged,1,ravdess,22
data/emotion_datasets/ravdess/Actor_23/03-01-01-01-01-01-23.wav,neutral_calm,0,ravdess,23
data/emotion_datasets/ravdess/Actor_23/03-01-01-01-01-02-23.wav,neutral_calm,0,ravdess,23
data/emotion_datasets/ravdess/Actor_23/03-01-01-01-02-01-23.wav,neutral_calm,0,ravdess,23
data/emotion_datasets/ravdess/Actor_23/03-01-01-01-02-02-23.wav,neutral_calm,0,ravdess,23
data/emotion_datasets/ravdess/Actor_23/03-01-02-01-01-01-23.wav,neutral_calm,0,ravdess,23
data/emotion_datasets/ravdess/Actor_23/03-01-02-01-01-02-23.wav,neutral_calm,0,ravdess,23
data/emotion_datasets/ravdess/Actor_23/03-01-02-01-02-01-23.wav,neutral_calm,0,ravdess,23
data/emotion_datasets/ravdess/Actor_23/03-01-02-01-02-02-23.wav,neutral_calm,0,ravdess,23
data/emotion_datasets/ravdess/Actor_23/03-01-02-02-01-01-23.wav,neutral_calm,0,ravdess,23
data/emotion_datasets/ravdess/Actor_23/03-01-02-02-01-02-23.wav,neutral_calm,0,ravdess,23
data/emotion_datasets/ravdess/Actor_23/03-01-02-02-02-01-23.wav,neutral_calm,0,ravdess,23
data/emotion_datasets/ravdess/Actor_23/03-01-02-02-02-02-23.wav,neutral_calm,0,ravdess,23
data/emotion_datasets/ravdess/Actor_23/03-01-03-01-01-01-23.wav,energetic_engaged,1,ravdess,23
data/emotion_datasets/ravdess/Actor_23/03-01-03-01-01-02-23.wav,energetic_engaged,1,ravdess,23
data/emotion_datasets/ravdess/Actor_23/03-01-03-01-02-01-23.wav,energetic_engaged,1,ravdess,23
data/emotion_datasets/ravdess/Actor_23/03-01-03-01-02-02-23.wav,energetic_engaged,1,ravdess,23
data/emotion_datasets/ravdess/Actor_23/03-01-03-02-01-01-23.wav,energetic_engaged,1,ravdess,23
data/emotion_datasets/ravdess/Actor_23/03-01-03-02-01-02-23.wav,energetic_engaged,1,ravdess,23
data/emotion_datasets/ravdess/Actor_23/03-01-03-02-02-01-23.wav,energetic_engaged,1,ravdess,23
data/emotion_datasets/ravdess/Actor_23/03-01-03-02-02-02-23.wav,energetic_engaged,1,ravdess,23
data/emotion_datasets/ravdess/Actor_23/03-01-04-01-01-01-23.wav,low_energy,2,ravdess,23
data/emotion_datasets/ravdess/Actor_23/03-01-04-01-01-02-23.wav,low_energy,2,ravdess,23
data/emotion_datasets/ravdess/Actor_23/03-01-04-01-02-01-23.wav,low_energy,2,ravdess,23
data/emotion_datasets/ravdess/Actor_23/03-01-04-01-02-02-23.wav,low_energy,2,ravdess,23
data/emotion_datasets/ravdess/Actor_23/03-01-04-02-01-01-23.wav,low_energy,2,ravdess,23
data/emotion_datasets/ravdess/Actor_23/03-01-04-02-01-02-23.wav,low_energy,2,ravdess,23
data/emotion_datasets/ravdess/Actor_23/03-01-04-02-02-01-23.wav,low_energy,2,ravdess,23
data/emotion_datasets/ravdess/Actor_23/03-01-04-02-02-02-23.wav,low_energy,2,ravdess,23
data/emotion_datasets/ravdess/Actor_23/03-01-05-01-01-01-23.wav,tense_stressed,3,ravdess,23
data/emotion_datasets/ravdess/Actor_23/03-01-05-01-01-02-23.wav,tense_stressed,3,ravdess,23
data/emotion_datasets/ravdess/Actor_23/03-01-05-01-02-01-23.wav,tense_stressed,3,ravdess,23
data/emotion_datasets/ravdess/Actor_23/03-01-05-01-02-02-23.wav,tense_stressed,3,ravdess,23
data/emotion_datasets/ravdess/Actor_23/03-01-05-02-01-01-23.wav,tense_stressed,3,ravdess,23
data/emotion_datasets/ravdess/Actor_23/03-01-05-02-01-02-23.wav,tense_stressed,3,ravdess,23
data/emotion_datasets/ravdess/Actor_23/03-01-05-02-02-01-23.wav,tense_stressed,3,ravdess,23
data/emotion_datasets/ravdess/Actor_23/03-01-05-02-02-02-23.wav,tense_stressed,3,ravdess,23
data/emotion_datasets/ravdess/Actor_23/03-01-06-01-01-01-23.wav,tense_stressed,3,ravdess,23
data/emotion_datasets/ravdess/Actor_23/03-01-06-01-01-02-23.wav,tense_stressed,3,ravdess,23
data/emotion_datasets/ravdess/Actor_23/03-01-06-01-02-01-23.wav,tense_stressed,3,ravdess,23
data/emotion_datasets/ravdess/Actor_23/03-01-06-01-02-02-23.wav,tense_stressed,3,ravdess,23
data/emotion_datasets/ravdess/Actor_23/03-01-06-02-01-01-23.wav,tense_stressed,3,ravdess,23
data/emotion_datasets/ravdess/Actor_23/03-01-06-02-01-02-23.wav,tense_stressed,3,ravdess,23
data/emotion_datasets/ravdess/Actor_23/03-01-06-02-02-01-23.wav,tense_stressed,3,ravdess,23
data/emotion_datasets/ravdess/Actor_23/03-01-06-02-02-02-23.wav,tense_stressed,3,ravdess,23
data/emotion_datasets/ravdess/Actor_23/03-01-07-01-01-01-23.wav,tense_stressed,3,ravdess,23
data/emotion_datasets/ravdess/Actor_23/03-01-07-01-01-02-23.wav,tense_stressed,3,ravdess,23
data/emotion_datasets/ravdess/Actor_23/03-01-07-01-02-01-23.wav,tense_stressed,3,ravdess,23
data/emotion_datasets/ravdess/Actor_23/03-01-07-01-02-02-23.wav,tense_stressed,3,ravdess,23
data/emotion_datasets/ravdess/Actor_23/03-01-07-02-01-01-23.wav,tense_stressed,3,ravdess,23
data/emotion_datasets/ravdess/Actor_23/03-01-07-02-01-02-23.wav,tense_stressed,3,ravdess,23
data/emotion_datasets/ravdess/Actor_23/03-01-07-02-02-01-23.wav,tense_stressed,3,ravdess,23
data/emotion_datasets/ravdess/Actor_23/03-01-07-02-02-02-23.wav,tense_stressed,3,ravdess,23
data/emotion_datasets/ravdess/Actor_23/03-01-08-01-01-01-23.wav,energetic_engaged,1,ravdess,23
data/emotion_datasets/ravdess/Actor_23/03-01-08-01-01-02-23.wav,energetic_engaged,1,ravdess,23
data/emotion_datasets/ravdess/Actor_23/03-01-08-01-02-01-23.wav,energetic_engaged,1,ravdess,23
data/emotion_datasets/ravdess/Actor_23/03-01-08-01-02-02-23.wav,energetic_engaged,1,ravdess,23
data/emotion_datasets/ravdess/Actor_23/03-01-08-02-01-01-23.wav,energetic_engaged,1,ravdess,23
data/emotion_datasets/ravdess/Actor_23/03-01-08-02-01-02-23.wav,energetic_engaged,1,ravdess,23
data/emotion_datasets/ravdess/Actor_23/03-01-08-02-02-01-23.wav,energetic_engaged,1,ravdess,23
data/emotion_datasets/ravdess/Actor_23/03-01-08-02-02-02-23.wav,energetic_engaged,1,ravdess,23
data/emotion_datasets/ravdess/Actor_24/03-01-01-01-01-01-24.wav,neutral_calm,0,ravdess,24
data/emotion_datasets/ravdess/Actor_24/03-01-01-01-01-02-24.wav,neutral_calm,0,ravdess,24
data/emotion_datasets/ravdess/Actor_24/03-01-01-01-02-01-24.wav,neutral_calm,0,ravdess,24
data/emotion_datasets/ravdess/Actor_24/03-01-01-01-02-02-24.wav,neutral_calm,0,ravdess,24
data/emotion_datasets/ravdess/Actor_24/03-01-02-01-01-01-24.wav,neutral_calm,0,ravdess,24
data/emotion_datasets/ravdess/Actor_24/03-01-02-01-01-02-24.wav,neutral_calm,0,ravdess,24
data/emotion_datasets/ravdess/Actor_24/03-01-02-01-02-01-24.wav,neutral_calm,0,ravdess,24
data/emotion_datasets/ravdess/Actor_24/03-01-02-01-02-02-24.wav,neutral_calm,0,ravdess,24
data/emotion_datasets/ravdess/Actor_24/03-01-02-02-01-01-24.wav,neutral_calm,0,ravdess,24
data/emotion_datasets/ravdess/Actor_24/03-01-02-02-01-02-24.wav,neutral_calm,0,ravdess,24
data/emotion_datasets/ravdess/Actor_24/03-01-02-02-02-01-24.wav,neutral_calm,0,ravdess,24
data/emotion_datasets/ravdess/Actor_24/03-01-02-02-02-02-24.wav,neutral_calm,0,ravdess,24
data/emotion_datasets/ravdess/Actor_24/03-01-03-01-01-01-24.wav,energetic_engaged,1,ravdess,24
data/emotion_datasets/ravdess/Actor_24/03-01-03-01-01-02-24.wav,energetic_engaged,1,ravdess,24
data/emotion_datasets/ravdess/Actor_24/03-01-03-01-02-01-24.wav,energetic_engaged,1,ravdess,24
data/emotion_datasets/ravdess/Actor_24/03-01-03-01-02-02-24.wav,energetic_engaged,1,ravdess,24
data/emotion_datasets/ravdess/Actor_24/03-01-03-02-01-01-24.wav,energetic_engaged,1,ravdess,24
data/emotion_datasets/ravdess/Actor_24/03-01-03-02-01-02-24.wav,energetic_engaged,1,ravdess,24
data/emotion_datasets/ravdess/Actor_24/03-01-03-02-02-01-24.wav,energetic_engaged,1,ravdess,24
data/emotion_datasets/ravdess/Actor_24/03-01-03-02-02-02-24.wav,energetic_engaged,1,ravdess,24
data/emotion_datasets/ravdess/Actor_24/03-01-04-01-01-01-24.wav,low_energy,2,ravdess,24
data/emotion_datasets/ravdess/Actor_24/03-01-04-01-01-02-24.wav,low_energy,2,ravdess,24
data/emotion_datasets/ravdess/Actor_24/03-01-04-01-02-01-24.wav,low_energy,2,ravdess,24
data/emotion_datasets/ravdess/Actor_24/03-01-04-01-02-02-24.wav,low_energy,2,ravdess,24
data/emotion_datasets/ravdess/Actor_24/03-01-04-02-01-01-24.wav,low_energy,2,ravdess,24
data/emotion_datasets/ravdess/Actor_24/03-01-04-02-01-02-24.wav,low_energy,2,ravdess,24
data/emotion_datasets/ravdess/Actor_24/03-01-04-02-02-01-24.wav,low_energy,2,ravdess,24
data/emotion_datasets/ravdess/Actor_24/03-01-04-02-02-02-24.wav,low_energy,2,ravdess,24
data/emotion_datasets/ravdess/Actor_24/03-01-05-01-01-01-24.wav,tense_stressed,3,ravdess,24
data/emotion_datasets/ravdess/Actor_24/03-01-05-01-01-02-24.wav,tense_stressed,3,ravdess,24
data/emotion_datasets/ravdess/Actor_24/03-01-05-01-02-01-24.wav,tense_stressed,3,ravdess,24
data/emotion_datasets/ravdess/Actor_24/03-01-05-01-02-02-24.wav,tense_stressed,3,ravdess,24
data/emotion_datasets/ravdess/Actor_24/03-01-05-02-01-01-24.wav,tense_stressed,3,ravdess,24
data/emotion_datasets/ravdess/Actor_24/03-01-05-02-01-02-24.wav,tense_stressed,3,ravdess,24
data/emotion_datasets/ravdess/Actor_24/03-01-05-02-02-01-24.wav,tense_stressed,3,ravdess,24
data/emotion_datasets/ravdess/Actor_24/03-01-05-02-02-02-24.wav,tense_stressed,3,ravdess,24
data/emotion_datasets/ravdess/Actor_24/03-01-06-01-01-01-24.wav,tense_stressed,3,ravdess,24
data/emotion_datasets/ravdess/Actor_24/03-01-06-01-01-02-24.wav,tense_stressed,3,ravdess,24
data/emotion_datasets/ravdess/Actor_24/03-01-06-01-02-01-24.wav,tense_stressed,3,ravdess,24
data/emotion_datasets/ravdess/Actor_24/03-01-06-01-02-02-24.wav,tense_stressed,3,ravdess,24
data/emotion_datasets/ravdess/Actor_24/03-01-06-02-01-01-24.wav,tense_stressed,3,ravdess,24
data/emotion_datasets/ravdess/Actor_24/03-01-06-02-01-02-24.wav,tense_stressed,3,ravdess,24
data/emotion_datasets/ravdess/Actor_24/03-01-06-02-02-01-24.wav,tense_stressed,3,ravdess,24
data/emotion_datasets/ravdess/Actor_24/03-01-06-02-02-02-24.wav,tense_stressed,3,ravdess,24
data/emotion_datasets/ravdess/Actor_24/03-01-07-01-01-01-24.wav,tense_stressed,3,ravdess,24
data/emotion_datasets/ravdess/Actor_24/03-01-07-01-01-02-24.wav,tense_stressed,3,ravdess,24
data/emotion_datasets/ravdess/Actor_24/03-01-07-01-02-01-24.wav,tense_stressed,3,ravdess,24
data/emotion_datasets/ravdess/Actor_24/03-01-07-01-02-02-24.wav,tense_stressed,3,ravdess,24
data/emotion_datasets/ravdess/Actor_24/03-01-07-02-01-01-24.wav,tense_stressed,3,ravdess,24
data/emotion_datasets/ravdess/Actor_24/03-01-07-02-01-02-24.wav,tense_stressed,3,ravdess,24
data/emotion_datasets/ravdess/Actor_24/03-01-07-02-02-01-24.wav,tense_stressed,3,ravdess,24
data/emotion_datasets/ravdess/Actor_24/03-01-07-02-02-02-24.wav,tense_stressed,3,ravdess,24
data/emotion_datasets/ravdess/Actor_24/03-01-08-01-01-01-24.wav,energetic_engaged,1,ravdess,24
data/emotion_datasets/ravdess/Actor_24/03-01-08-01-01-02-24.wav,energetic_engaged,1,ravdess,24
data/emotion_datasets/ravdess/Actor_24/03-01-08-01-02-01-24.wav,energetic_engaged,1,ravdess,24
data/emotion_datasets/ravdess/Actor_24/03-01-08-01-02-02-24.wav,energetic_engaged,1,ravdess,24
data/emotion_datasets/ravdess/Actor_24/03-01-08-02-01-01-24.wav,energetic_engaged,1,ravdess,24
data/emotion_datasets/ravdess/Actor_24/03-01-08-02-01-02-24.wav,energetic_engaged,1,ravdess,24
data/emotion_datasets/ravdess/Actor_24/03-01-08-02-02-01-24.wav,energetic_engaged,1,ravdess,24
data/emotion_datasets/ravdess/Actor_24/03-01-08-02-02-02-24.wav,energetic_engaged,1,ravdess,24
